bill/InvoiceId,bill/BillingPeriodStartDate,bill/BillingPeriodEndDate,lineItem/UsageAccountId,lineItem/LineItemType,lineItem/UsageStartDate,lineItem/UsageEndDate,lineItem/ProductCode,product/ProductName,lineItem/UsageType,lineItem/Operation,product/region,lineItem/ResourceId,lineItem/UsageAmount,lineItem/UnblendedCost,lineItem/BlendedCost
,2026-07-01T00:00:00Z,2026-08-01T00:00:00Z,111122223333,Usage,2026-07-01T00:00:00Z,2026-07-01T01:00:00Z,AmazonCloudFront,Amazon CloudFront,DataTransfer-Out-Bytes,RunInstances,eu-west-1,amazoncloudfront-res-9,25.24,0.7063,0.5215
,2026-07-01T00:00:00Z,2026-08-01T00:00:00Z,444455556666,Usage,2026-07-01T00:00:00Z,2026-07-01T01:00:00Z,AmazonCloudFront,Amazon CloudFront,DataTransfer-Out-Bytes,RunInstances,us-east-1,amazoncloudfront-res-1,10.28,1.171,3.0141
,2026-07-01T00:00:00Z,2026-08-01T00:00:00Z,444455556666,Usage,2026-07-01T00:00:00Z,2026-07-01T01:00:00Z,AmazonVPC,Amazon Virtual Private Cloud,NatGateway-Hours,RunInstances,us-east-1,amazonvpc-res-15,59.34,4.0491,0.0424
,2026-07-01T00:00:00Z,2026-08-01T00:00:00Z,444455556666,Usage,2026-07-01T00:00:00Z,2026-07-01T01:00:00Z,AmazonS3,Amazon Simple Storage Service,Requests-Tier1,RunInstances,us-west-2,amazons3-res-5,22.32,3.8198,0.52
,2026-07-01T00:00:00Z,2026-08-01T00:00:00Z,444455556666,Usage,2026-07-01T00:00:00Z,2026-07-01T01:00:00Z,AWSDataTransfer,AWS Data Transfer,DataTransfer-Out-Bytes,RunInstances,us-west-2,awsdatatransfer-res-20,27.19,0.2268,2.3025
,2026-07-01T00:00:00Z,2026-08-01T00:00:00Z,111122223333,Usage,2026-07-01T00:00:00Z,2026-07-01T01:00:00Z,AmazonEC2,Amazon Elastic Compute Cloud,EBS:VolumeUsage.gp3,RunInstances,eu-west-1,amazonec2-res-10,83.11,3.0964,4.3099
,2026-07-01T00:00:00Z,2026-08-01T00:00:00Z,111122223333,Usage,2026-07-01T00:00:00Z,2026-07-01T01:00:00Z,AmazonVPC,Amazon Virtual Private Cloud,NatGateway-Hours,RunInstances,us-east-1,amazonvpc-res-22,23.56,1.454,0.4082
,2026-07-01T00:00:00Z,2026-08-01T00:00:00Z,444455556666,Usage,2026-07-01T00:00:00Z,2026-07-01T01:00:00Z,AmazonS3,Amazon Simple Storage Service,TimedStorage-ByteHrs,RunInstances,us-west-2,amazons3-res-15,63.93,1.8305,1.8572
,2026-07-01T00:00:00Z,2026-08-01T00:00:00Z,111122223333,Usage,2026-07-01T00:00:00Z,2026-07-01T01:00:00Z,AmazonS3,Amazon Simple Storage Service,Requests-Tier1,RunInstances,eu-west-1,amazons3-res-21,17.94,3.6483,0.8254
,2026-07-01T00:00:00Z,2026-08-01T00:00:00Z,111122223333,Usage,2026-07-01T00:00:00Z,2026-07-01T01:00:00Z,AWSDataTransfer,AWS Data Transfer,DataTransfer-Regional-Bytes,RunInstances,eu-west-1,awsdatatransfer-res-11,84.44,3.8822,1.1529
,2026-07-01T00:00:00Z,2026-08-01T00:00:00Z,444455556666,Usage,2026-07-01T00:00:00Z,2026-07-01T01:00:00Z,AmazonEC2,Amazon Elastic Compute Cloud,DataTransfer-Out-Bytes,RunInstances,us-west-2,amazonec2-res-3,21.89,4.7151,4.3831
,2026-07-01T00:00:00Z,2026-08-01T00:00:00Z,444455556666,Usage,2026-07-01T00:00:00Z,2026-07-01T01:00:00Z,AmazonRDS,Amazon Relational Database Service,InstanceUsage:db.t3.medium,RunInstances,us-west-2,amazonrds-res-21,46.43,1.3318,1.2407
,2026-07-01T00:00:00Z,2026-08-01T00:00:00Z,444455556666,Usage,2026-07-01T00:00:00Z,2026-07-01T01:00:00Z,AmazonVPC,Amazon Virtual Private Cloud,NatGateway-Bytes,RunInstances,eu-west-1,amazonvpc-res-13,36.84,4.9867,0.7003
,2026-07-01T00:00:00Z,2026-08-01T00:00:00Z,111122223333,Usage,2026-07-01T00:00:00Z,2026-07-01T01:00:00Z,AWSDataTransfer,AWS Data Transfer,DataTransfer-Out-Bytes,RunInstances,us-east-1,awsdatatransfer-res-5,63.12,3.9625,2.1166
,2026-07-01T00:00:00Z,2026-08-01T00:00:00Z,444455556666,Usage,2026-07-01T00:00:00Z,2026-07-01T01:00:00Z,AmazonEC2,Amazon Elastic Compute Cloud,EBS:VolumeUsage.gp3,RunInstances,eu-west-1,amazonec2-res-15,53.38,4.8557,4.3053
,2026-07-01T00:00:00Z,2026-08-01T00:00:00Z,444455556666,Usage,2026-07-01T00:00:00Z,2026-07-01T01:00:00Z,AmazonEC2,Amazon Elastic Compute Cloud,BoxUsage:t3.micro,RunInstances,eu-west-1,amazonec2-res-11,12.04,2.1795,2.2741
,2026-07-01T00:00:00Z,2026-08-01T00:00:00Z,111122223333,Usage,2026-07-01T00:00:00Z,2026-07-01T01:00:00Z,AmazonCloudFront,Amazon CloudFront,DataTransfer-Out-Bytes,RunInstances,eu-west-1,amazoncloudfront-res-4,87.18,1.4992,3.1984
,2026-07-01T00:00:00Z,2026-08-01T00:00:00Z,111122223333,Usage,2026-07-01T00:00:00Z,2026-07-01T01:00:00Z,AmazonVPC,Amazon Virtual Private Cloud,NatGateway-Hours,RunInstances,us-west-2,amazonvpc-res-25,16.99,4.768,4.6129
,2026-07-01T00:00:00Z,2026-08-01T00:00:00Z,444455556666,Usage,2026-07-01T00:00:00Z,2026-07-01T01:00:00Z,AmazonEC2,Amazon Elastic Compute Cloud,DataTransfer-Out-Bytes,RunInstances,us-east-1,amazonec2-res-4,92.98,4.3948,4.16
,2026-07-01T00:00:00Z,2026-08-01T00:00:00Z,111122223333,Usage,2026-07-01T00:00:00Z,2026-07-01T01:00:00Z,AmazonRDS,Amazon Relational Database Service,InstanceUsage:db.t3.medium,RunInstances,us-east-1,amazonrds-res-19,94.75,0.4374,2.4351
,2026-07-01T00:00:00Z,2026-08-01T00:00:00Z,111122223333,Usage,2026-07-01T00:00:00Z,2026-07-01T01:00:00Z,AmazonEC2,Amazon Elastic Compute Cloud,BoxUsage:m5.large,RunInstances,eu-west-1,amazonec2-res-16,94.74,0.834,2.6431
,2026-07-01T00:00:00Z,2026-08-01T00:00:00Z,111122223333,Usage,2026-07-01T00:00:00Z,2026-07-01T01:00:00Z,AmazonVPC,Amazon Virtual Private Cloud,NatGateway-Bytes,RunInstances,eu-west-1,amazonvpc-res-25,73.26,1.0137,1.5655
,2026-07-01T00:00:00Z,2026-08-01T00:00:00Z,444455556666,Usage,2026-07-01T00:00:00Z,2026-07-01T01:00:00Z,AmazonCloudFront,Amazon CloudFront,DataTransfer-Out-Bytes,RunInstances,eu-west-1,amazoncloudfront-res-15,12.98,1.1312,1.697
,2026-07-01T00:00:00Z,2026-08-01T00:00:00Z,111122223333,Usage,2026-07-01T00:00:00Z,2026-07-01T01:00:00Z,AmazonVPC,Amazon Virtual Private Cloud,NatGateway-Hours,RunInstances,us-east-1,amazonvpc-res-3,71.08,0.3038,0.3463
,2026-07-01T00:00:00Z,2026-08-01T00:00:00Z,111122223333,Usage,2026-07-01T00:00:00Z,2026-07-01T01:00:00Z,AmazonEC2,Amazon Elastic Compute Cloud,DataTransfer-Out-Bytes,RunInstances,eu-west-1,amazonec2-res-8,28.57,2.4322,2.7008
,2026-07-01T00:00:00Z,2026-08-01T00:00:00Z,111122223333,Usage,2026-07-01T00:00:00Z,2026-07-01T01:00:00Z,AmazonCloudFront,Amazon CloudFront,DataTransfer-Out-Bytes,RunInstances,us-west-2,amazoncloudfront-res-14,19.85,0.4937,2.1609
,2026-07-01T00:00:00Z,2026-08-01T00:00:00Z,444455556666,Usage,2026-07-01T00:00:00Z,2026-07-01T01:00:00Z,AWSDataTransfer,AWS Data Transfer,DataTransfer-Regional-Bytes,RunInstances,eu-west-1,awsdatatransfer-res-2,67.66,4.921,0.5011
,2026-07-01T00:00:00Z,2026-08-01T00:00:00Z,111122223333,Usage,2026-07-01T00:00:00Z,2026-07-01T01:00:00Z,AWSDataTransfer,AWS Data Transfer,DataTransfer-Regional-Bytes,RunInstances,us-east-1,awsdatatransfer-res-7,19.83,2.2486,2.1152
,2026-07-01T00:00:00Z,2026-08-01T00:00:00Z,111122223333,Usage,2026-07-01T00:00:00Z,2026-07-01T01:00:00Z,AmazonRDS,Amazon Relational Database Service,InstanceUsage:db.t3.medium,RunInstances,us-east-1,amazonrds-res-15,80.99,4.2813,0.4986
,2026-07-01T00:00:00Z,2026-08-01T00:00:00Z,111122223333,Usage,2026-07-01T00:00:00Z,2026-07-01T01:00:00Z,AmazonCloudFront,Amazon CloudFront,DataTransfer-Out-Bytes,RunInstances,us-east-1,amazoncloudfront-res-6,41.23,2.412,4.3246
,2026-07-01T00:00:00Z,2026-08-01T00:00:00Z,444455556666,Usage,2026-07-01T00:00:00Z,2026-07-01T01:00:00Z,AmazonEC2,Amazon Elastic Compute Cloud,BoxUsage:m5.large,RunInstances,us-east-1,amazonec2-res-13,27.26,3.9225,2.2805
,2026-07-01T00:00:00Z,2026-08-01T00:00:00Z,111122223333,Usage,2026-07-01T00:00:00Z,2026-07-01T01:00:00Z,AWSDataTransfer,AWS Data Transfer,DataTransfer-Regional-Bytes,RunInstances,us-east-1,awsdatatransfer-res-10,22.55,0.3018,3.6813
,2026-07-01T00:00:00Z,2026-08-01T00:00:00Z,111122223333,Usage,2026-07-01T00:00:00Z,2026-07-01T01:00:00Z,AmazonEC2,Amazon Elastic Compute Cloud,DataTransfer-Out-Bytes,RunInstances,us-east-1,amazonec2-res-19,48.2,4.5977,2.6603
,2026-07-01T00:00:00Z,2026-08-01T00:00:00Z,111122223333,Usage,2026-07-01T00:00:00Z,2026-07-01T01:00:00Z,AmazonEC2,Amazon Elastic Compute Cloud,BoxUsage:t3.micro,RunInstances,us-east-1,amazonec2-res-20,7.73,4.3105,2.0248
,2026-07-01T00:00:00Z,2026-08-01T00:00:00Z,111122223333,Usage,2026-07-01T00:00:00Z,2026-07-01T01:00:00Z,AmazonVPC,Amazon Virtual Private Cloud,NatGateway-Hours,RunInstances,eu-west-1,amazonvpc-res-3,42.5,2.9225,2.6187
,2026-07-01T00:00:00Z,2026-08-01T00:00:00Z,444455556666,Usage,2026-07-01T00:00:00Z,2026-07-01T01:00:00Z,AmazonRDS,Amazon Relational Database Service,InstanceUsage:db.t3.medium,RunInstances,us-east-1,amazonrds-res-9,40.18,3.3617,1.507
,2026-07-01T00:00:00Z,2026-08-01T00:00:00Z,111122223333,Usage,2026-07-01T00:00:00Z,2026-07-01T01:00:00Z,AmazonRDS,Amazon Relational Database Service,InstanceUsage:db.t3.medium,RunInstances,us-west-2,amazonrds-res-20,99.85,4.9805,0.3756
,2026-07-01T00:00:00Z,2026-08-01T00:00:00Z,111122223333,Usage,2026-07-01T00:00:00Z,2026-07-01T01:00:00Z,AmazonS3,Amazon Simple Storage Service,Requests-Tier1,RunInstances,us-west-2,amazons3-res-3,88.05,1.8539,0.7972
,2026-07-01T00:00:00Z,2026-08-01T00:00:00Z,111122223333,Usage,2026-07-01T00:00:00Z,2026-07-01T01:00:00Z,AmazonVPC,Amazon Virtual Private Cloud,NatGateway-Bytes,RunInstances,eu-west-1,amazonvpc-res-18,30.64,3.3203,4.6953
,2026-07-01T00:00:00Z,2026-08-01T00:00:00Z,111122223333,Usage,2026-07-01T00:00:00Z,2026-07-01T01:00:00Z,AmazonS3,Amazon Simple Storage Service,Requests-Tier1,RunInstances,us-east-1,amazons3-res-24,55.77,1.369,3.0281
,2026-07-01T00:00:00Z,2026-08-01T00:00:00Z,111122223333,Tax,2026-07-01T00:00:00Z,2026-07-01T01:00:00Z,AmazonEC2,Amazon Elastic Compute Cloud,,,,,0.0,7.46,0.0
,2026-07-01T00:00:00Z,2026-08-01T00:00:00Z,444455556666,Credit,2026-07-01T00:00:00Z,2026-07-01T01:00:00Z,AmazonEC2,Amazon Elastic Compute Cloud,,,,,0.0,-1.01,0.0
,2026-07-01T00:00:00Z,2026-08-01T00:00:00Z,444455556666,Usage,2026-07-02T00:00:00Z,2026-07-02T01:00:00Z,AmazonCloudFront,Amazon CloudFront,DataTransfer-Out-Bytes,RunInstances,us-west-2,amazoncloudfront-res-2,10.14,2.1236,1.3906
,2026-07-01T00:00:00Z,2026-08-01T00:00:00Z,111122223333,Usage,2026-07-02T00:00:00Z,2026-07-02T01:00:00Z,AmazonEC2,Amazon Elastic Compute Cloud,DataTransfer-Out-Bytes,RunInstances,eu-west-1,amazonec2-res-9,17.0,2.2148,3.5313
,2026-07-01T00:00:00Z,2026-08-01T00:00:00Z,111122223333,Usage,2026-07-02T00:00:00Z,2026-07-02T01:00:00Z,AmazonVPC,Amazon Virtual Private Cloud,NatGateway-Hours,RunInstances,us-east-1,amazonvpc-res-23,90.49,2.7325,4.1746
,2026-07-01T00:00:00Z,2026-08-01T00:00:00Z,444455556666,Usage,2026-07-02T00:00:00Z,2026-07-02T01:00:00Z,AmazonVPC,Amazon Virtual Private Cloud,NatGateway-Hours,RunInstances,us-east-1,amazonvpc-res-2,31.52,4.4959,3.9827
,2026-07-01T00:00:00Z,2026-08-01T00:00:00Z,111122223333,Usage,2026-07-02T00:00:00Z,2026-07-02T01:00:00Z,AmazonEC2,Amazon Elastic Compute Cloud,DataTransfer-Out-Bytes,RunInstances,eu-west-1,amazonec2-res-8,67.03,1.7749,2.8038
,2026-07-01T00:00:00Z,2026-08-01T00:00:00Z,111122223333,Usage,2026-07-02T00:00:00Z,2026-07-02T01:00:00Z,AWSDataTransfer,AWS Data Transfer,DataTransfer-Out-Bytes,RunInstances,us-east-1,awsdatatransfer-res-6,88.26,0.1337,3.6855
,2026-07-01T00:00:00Z,2026-08-01T00:00:00Z,111122223333,Usage,2026-07-02T00:00:00Z,2026-07-02T01:00:00Z,AmazonRDS,Amazon Relational Database Service,InstanceUsage:db.t3.medium,RunInstances,us-west-2,amazonrds-res-6,78.95,0.5494,4.3621
,2026-07-01T00:00:00Z,2026-08-01T00:00:00Z,111122223333,Usage,2026-07-02T00:00:00Z,2026-07-02T01:00:00Z,AWSDataTransfer,AWS Data Transfer,DataTransfer-Out-Bytes,RunInstances,us-west-2,awsdatatransfer-res-12,31.21,3.9788,1.1457
,2026-07-01T00:00:00Z,2026-08-01T00:00:00Z,444455556666,Usage,2026-07-02T00:00:00Z,2026-07-02T01:00:00Z,AmazonEC2,Amazon Elastic Compute Cloud,BoxUsage:m5.large,RunInstances,us-west-2,amazonec2-res-9,86.57,4.8348,1.4028
,2026-07-01T00:00:00Z,2026-08-01T00:00:00Z,444455556666,Usage,2026-07-02T00:00:00Z,2026-07-02T01:00:00Z,AmazonCloudFront,Amazon CloudFront,DataTransfer-Out-Bytes,RunInstances,us-east-1,amazoncloudfront-res-4,87.83,1.3135,2.9071
,2026-07-01T00:00:00Z,2026-08-01T00:00:00Z,111122223333,Usage,2026-07-02T00:00:00Z,2026-07-02T01:00:00Z,AmazonRDS,Amazon Relational Database Service,InstanceUsage:db.t3.medium,RunInstances,eu-west-1,amazonrds-res-14,35.22,3.9343,2.1876
,2026-07-01T00:00:00Z,2026-08-01T00:00:00Z,444455556666,Usage,2026-07-02T00:00:00Z,2026-07-02T01:00:00Z,AmazonVPC,Amazon Virtual Private Cloud,NatGateway-Hours,RunInstances,eu-west-1,amazonvpc-res-7,26.22,3.5468,0.0184
,2026-07-01T00:00:00Z,2026-08-01T00:00:00Z,444455556666,Usage,2026-07-02T00:00:00Z,2026-07-02T01:00:00Z,AmazonVPC,Amazon Virtual Private Cloud,NatGateway-Hours,RunInstances,us-west-2,amazonvpc-res-3,94.94,4.6046,3.1195
,2026-07-01T00:00:00Z,2026-08-01T00:00:00Z,444455556666,Usage,2026-07-02T00:00:00Z,2026-07-02T01:00:00Z,AmazonCloudFront,Amazon CloudFront,DataTransfer-Out-Bytes,RunInstances,eu-west-1,amazoncloudfront-res-10,67.02,1.6377,3.4891
,2026-07-01T00:00:00Z,2026-08-01T00:00:00Z,111122223333,Usage,2026-07-02T00:00:00Z,2026-07-02T01:00:00Z,AmazonVPC,Amazon Virtual Private Cloud,NatGateway-Hours,RunInstances,us-west-2,amazonvpc-res-22,94.1,3.3898,4.515
,2026-07-01T00:00:00Z,2026-08-01T00:00:00Z,444455556666,Usage,2026-07-02T00:00:00Z,2026-07-02T01:00:00Z,AmazonVPC,Amazon Virtual Private Cloud,NatGateway-Bytes,RunInstances,eu-west-1,amazonvpc-res-1,31.08,1.0588,3.9309
,2026-07-01T00:00:00Z,2026-08-01T00:00:00Z,444455556666,Usage,2026-07-02T00:00:00Z,2026-07-02T01:00:00Z,AmazonVPC,Amazon Virtual Private Cloud,NatGateway-Bytes,RunInstances,us-west-2,amazonvpc-res-15,67.89,2.5608,3.9707
,2026-07-01T00:00:00Z,2026-08-01T00:00:00Z,111122223333,Usage,2026-07-02T00:00:00Z,2026-07-02T01:00:00Z,AmazonCloudFront,Amazon CloudFront,DataTransfer-Out-Bytes,RunInstances,us-west-2,amazoncloudfront-res-17,66.72,3.1001,0.476
,2026-07-01T00:00:00Z,2026-08-01T00:00:00Z,111122223333,Usage,2026-07-02T00:00:00Z,2026-07-02T01:00:00Z,AmazonS3,Amazon Simple Storage Service,Requests-Tier1,RunInstances,us-east-1,amazons3-res-5,3.42,1.2318,2.3809
,2026-07-01T00:00:00Z,2026-08-01T00:00:00Z,444455556666,Usage,2026-07-02T00:00:00Z,2026-07-02T01:00:00Z,AmazonEC2,Amazon Elastic Compute Cloud,EBS:VolumeUsage.gp3,RunInstances,eu-west-1,amazonec2-res-19,20.25,3.4848,2.4769
,2026-07-01T00:00:00Z,2026-08-01T00:00:00Z,111122223333,Usage,2026-07-02T00:00:00Z,2026-07-02T01:00:00Z,AmazonS3,Amazon Simple Storage Service,TimedStorage-ByteHrs,RunInstances,us-east-1,amazons3-res-25,43.09,0.8877,4.7903
,2026-07-01T00:00:00Z,2026-08-01T00:00:00Z,111122223333,Usage,2026-07-02T00:00:00Z,2026-07-02T01:00:00Z,AmazonVPC,Amazon Virtual Private Cloud,NatGateway-Bytes,RunInstances,eu-west-1,amazonvpc-res-8,91.83,0.6156,0.6754
,2026-07-01T00:00:00Z,2026-08-01T00:00:00Z,444455556666,Usage,2026-07-02T00:00:00Z,2026-07-02T01:00:00Z,AWSDataTransfer,AWS Data Transfer,DataTransfer-Regional-Bytes,RunInstances,eu-west-1,awsdatatransfer-res-24,89.31,2.1394,4.5352
,2026-07-01T00:00:00Z,2026-08-01T00:00:00Z,444455556666,Usage,2026-07-02T00:00:00Z,2026-07-02T01:00:00Z,AWSDataTransfer,AWS Data Transfer,DataTransfer-Out-Bytes,RunInstances,us-west-2,awsdatatransfer-res-9,75.43,4.2009,1.3938
,2026-07-01T00:00:00Z,2026-08-01T00:00:00Z,111122223333,Usage,2026-07-02T00:00:00Z,2026-07-02T01:00:00Z,AmazonVPC,Amazon Virtual Private Cloud,NatGateway-Bytes,RunInstances,us-west-2,amazonvpc-res-15,8.67,1.4358,1.3659
,2026-07-01T00:00:00Z,2026-08-01T00:00:00Z,111122223333,Usage,2026-07-02T00:00:00Z,2026-07-02T01:00:00Z,AmazonRDS,Amazon Relational Database Service,InstanceUsage:db.t3.medium,RunInstances,us-east-1,amazonrds-res-8,38.92,0.7725,1.0776
,2026-07-01T00:00:00Z,2026-08-01T00:00:00Z,444455556666,Usage,2026-07-02T00:00:00Z,2026-07-02T01:00:00Z,AWSDataTransfer,AWS Data Transfer,DataTransfer-Regional-Bytes,RunInstances,eu-west-1,awsdatatransfer-res-15,42.16,1.0421,2.1065
,2026-07-01T00:00:00Z,2026-08-01T00:00:00Z,444455556666,Usage,2026-07-02T00:00:00Z,2026-07-02T01:00:00Z,AmazonVPC,Amazon Virtual Private Cloud,NatGateway-Hours,RunInstances,us-west-2,amazonvpc-res-1,94.33,1.5001,1.956
,2026-07-01T00:00:00Z,2026-08-01T00:00:00Z,444455556666,Usage,2026-07-02T00:00:00Z,2026-07-02T01:00:00Z,AWSDataTransfer,AWS Data Transfer,DataTransfer-Out-Bytes,RunInstances,us-east-1,awsdatatransfer-res-9,44.15,0.1548,1.6873
,2026-07-01T00:00:00Z,2026-08-01T00:00:00Z,111122223333,Usage,2026-07-02T00:00:00Z,2026-07-02T01:00:00Z,AmazonCloudFront,Amazon CloudFront,DataTransfer-Out-Bytes,RunInstances,us-west-2,amazoncloudfront-res-5,98.09,2.6753,4.5356
,2026-07-01T00:00:00Z,2026-08-01T00:00:00Z,111122223333,Usage,2026-07-02T00:00:00Z,2026-07-02T01:00:00Z,AmazonVPC,Amazon Virtual Private Cloud,NatGateway-Hours,RunInstances,eu-west-1,amazonvpc-res-14,14.43,2.3139,0.2609
,2026-07-01T00:00:00Z,2026-08-01T00:00:00Z,111122223333,Usage,2026-07-02T00:00:00Z,2026-07-02T01:00:00Z,AWSDataTransfer,AWS Data Transfer,DataTransfer-Regional-Bytes,RunInstances,us-west-2,awsdatatransfer-res-11,34.41,4.3994,1.3985
,2026-07-01T00:00:00Z,2026-08-01T00:00:00Z,111122223333,Usage,2026-07-02T00:00:00Z,2026-07-02T01:00:00Z,AWSDataTransfer,AWS Data Transfer,DataTransfer-Regional-Bytes,RunInstances,us-west-2,awsdatatransfer-res-1,75.15,0.2699,4.7601
,2026-07-01T00:00:00Z,2026-08-01T00:00:00Z,111122223333,Usage,2026-07-02T00:00:00Z,2026-07-02T01:00:00Z,AmazonS3,Amazon Simple Storage Service,TimedStorage-ByteHrs,RunInstances,us-east-1,amazons3-res-8,20.74,0.1117,0.7704
,2026-07-01T00:00:00Z,2026-08-01T00:00:00Z,111122223333,Usage,2026-07-02T00:00:00Z,2026-07-02T01:00:00Z,AmazonS3,Amazon Simple Storage Service,Requests-Tier1,RunInstances,eu-west-1,amazons3-res-7,47.04,1.2887,1.8508
,2026-07-01T00:00:00Z,2026-08-01T00:00:00Z,111122223333,Usage,2026-07-02T00:00:00Z,2026-07-02T01:00:00Z,AmazonVPC,Amazon Virtual Private Cloud,NatGateway-Hours,RunInstances,us-west-2,amazonvpc-res-4,58.29,4.6451,2.8832
,2026-07-01T00:00:00Z,2026-08-01T00:00:00Z,111122223333,Usage,2026-07-02T00:00:00Z,2026-07-02T01:00:00Z,AWSDataTransfer,AWS Data Transfer,DataTransfer-Regional-Bytes,RunInstances,us-east-1,awsdatatransfer-res-19,69.37,3.1399,0.5185
,2026-07-01T00:00:00Z,2026-08-01T00:00:00Z,111122223333,Usage,2026-07-02T00:00:00Z,2026-07-02T01:00:00Z,AmazonRDS,Amazon Relational Database Service,InstanceUsage:db.t3.medium,RunInstances,us-west-2,amazonrds-res-18,43.41,1.8591,2.5347
,2026-07-01T00:00:00Z,2026-08-01T00:00:00Z,444455556666,Usage,2026-07-02T00:00:00Z,2026-07-02T01:00:00Z,AmazonRDS,Amazon Relational Database Service,InstanceUsage:db.t3.medium,RunInstances,us-west-2,amazonrds-res-4,43.92,1.8173,4.459
,2026-07-01T00:00:00Z,2026-08-01T00:00:00Z,444455556666,Usage,2026-07-02T00:00:00Z,2026-07-02T01:00:00Z,AWSDataTransfer,AWS Data Transfer,DataTransfer-Out-Bytes,RunInstances,us-east-1,awsdatatransfer-res-24,52.65,3.2558,3.0834
,2026-07-01T00:00:00Z,2026-08-01T00:00:00Z,111122223333,Tax,2026-07-02T00:00:00Z,2026-07-02T01:00:00Z,AmazonEC2,Amazon Elastic Compute Cloud,,,,,0.0,9.28,0.0
,2026-07-01T00:00:00Z,2026-08-01T00:00:00Z,444455556666,Credit,2026-07-02T00:00:00Z,2026-07-02T01:00:00Z,AmazonEC2,Amazon Elastic Compute Cloud,,,,,0.0,-2.44,0.0
,2026-07-01T00:00:00Z,2026-08-01T00:00:00Z,444455556666,Usage,2026-07-03T00:00:00Z,2026-07-03T01:00:00Z,AWSDataTransfer,AWS Data Transfer,DataTransfer-Regional-Bytes,RunInstances,us-west-2,awsdatatransfer-res-8,83.24,0.4424,4.4093
,2026-07-01T00:00:00Z,2026-08-01T00:00:00Z,444455556666,Usage,2026-07-03T00:00:00Z,2026-07-03T01:00:00Z,AmazonS3,Amazon Simple Storage Service,Requests-Tier1,RunInstances,us-west-2,amazons3-res-1,49.94,1.6318,2.4429
,2026-07-01T00:00:00Z,2026-08-01T00:00:00Z,444455556666,Usage,2026-07-03T00:00:00Z,2026-07-03T01:00:00Z,AmazonRDS,Amazon Relational Database Service,InstanceUsage:db.t3.medium,RunInstances,us-west-2,amazonrds-res-20,70.42,1.3886,0.0607
,2026-07-01T00:00:00Z,2026-08-01T00:00:00Z,111122223333,Usage,2026-07-03T00:00:00Z,2026-07-03T01:00:00Z,AmazonS3,Amazon Simple Storage Service,TimedStorage-ByteHrs,RunInstances,eu-west-1,amazons3-res-14,49.37,3.7932,3.4561
,2026-07-01T00:00:00Z,2026-08-01T00:00:00Z,444455556666,Usage,2026-07-03T00:00:00Z,2026-07-03T01:00:00Z,AmazonCloudFront,Amazon CloudFront,DataTransfer-Out-Bytes,RunInstances,us-east-1,amazoncloudfront-res-3,30.13,2.028,1.2241
,2026-07-01T00:00:00Z,2026-08-01T00:00:00Z,444455556666,Usage,2026-07-03T00:00:00Z,2026-07-03T01:00:00Z,AmazonCloudFront,Amazon CloudFront,DataTransfer-Out-Bytes,RunInstances,eu-west-1,amazoncloudfront-res-17,35.03,4.9832,2.7564
,2026-07-01T00:00:00Z,2026-08-01T00:00:00Z,444455556666,Usage,2026-07-03T00:00:00Z,2026-07-03T01:00:00Z,AmazonRDS,Amazon Relational Database Service,InstanceUsage:db.t3.medium,RunInstances,us-west-2,amazonrds-res-9,23.82,3.6092,1.5846
,2026-07-01T00:00:00Z,2026-08-01T00:00:00Z,111122223333,Usage,2026-07-03T00:00:00Z,2026-07-03T01:00:00Z,AmazonCloudFront,Amazon CloudFront,DataTransfer-Out-Bytes,RunInstances,us-east-1,amazoncloudfront-res-24,48.94,3.6257,4.8833
,2026-07-01T00:00:00Z,2026-08-01T00:00:00Z,111122223333,Usage,2026-07-03T00:00:00Z,2026-07-03T01:00:00Z,AmazonVPC,Amazon Virtual Private Cloud,NatGateway-Bytes,RunInstances,us-east-1,amazonvpc-res-10,23.52,0.9054,0.0806
,2026-07-01T00:00:00Z,2026-08-01T00:00:00Z,444455556666,Usage,2026-07-03T00:00:00Z,2026-07-03T01:00:00Z,AmazonVPC,Amazon Virtual Private Cloud,NatGateway-Hours,RunInstances,us-east-1,amazonvpc-res-2,55.78,3.4901,0.6401
,2026-07-01T00:00:00Z,2026-08-01T00:00:00Z,111122223333,Usage,2026-07-03T00:00:00Z,2026-07-03T01:00:00Z,AWSDataTransfer,AWS Data Transfer,DataTransfer-Out-Bytes,RunInstances,eu-west-1,awsdatatransfer-res-10,47.47,2.2079,0.93
,2026-07-01T00:00:00Z,2026-08-01T00:00:00Z,444455556666,Usage,2026-07-03T00:00:00Z,2026-07-03T01:00:00Z,AmazonEC2,Amazon Elastic Compute Cloud,DataTransfer-Out-Bytes,RunInstances,us-east-1,amazonec2-res-3,40.67,0.3797,3.1509
,2026-07-01T00:00:00Z,2026-08-01T00:00:00Z,111122223333,Usage,2026-07-03T00:00:00Z,2026-07-03T01:00:00Z,AmazonEC2,Amazon Elastic Compute Cloud,BoxUsage:m5.large,RunInstances,eu-west-1,amazonec2-res-10,9.43,1.2485,2.7948
,2026-07-01T00:00:00Z,2026-08-01T00:00:00Z,444455556666,Usage,2026-07-03T00:00:00Z,2026-07-03T01:00:00Z,AWSDataTransfer,AWS Data Transfer,DataTransfer-Out-Bytes,RunInstances,us-west-2,awsdatatransfer-res-15,30.44,2.9467,2.1499
,2026-07-01T00:00:00Z,2026-08-01T00:00:00Z,111122223333,Usage,2026-07-03T00:00:00Z,2026-07-03T01:00:00Z,AmazonVPC,Amazon Virtual Private Cloud,NatGateway-Hours,RunInstances,us-east-1,amazonvpc-res-21,21.89,3.3055,0.7937
,2026-07-01T00:00:00Z,2026-08-01T00:00:00Z,111122223333,Usage,2026-07-03T00:00:00Z,2026-07-03T01:00:00Z,AmazonS3,Amazon Simple Storage Service,TimedStorage-ByteHrs,RunInstances,us-east-1,amazons3-res-14,45.6,2.9731,1.4634
,2026-07-01T00:00:00Z,2026-08-01T00:00:00Z,444455556666,Usage,2026-07-03T00:00:00Z,2026-07-03T01:00:00Z,AmazonS3,Amazon Simple Storage Service,Requests-Tier1,RunInstances,eu-west-1,amazons3-res-15,8.05,1.1748,1.3301
,2026-07-01T00:00:00Z,2026-08-01T00:00:00Z,444455556666,Usage,2026-07-03T00:00:00Z,2026-07-03T01:00:00Z,AmazonCloudFront,Amazon CloudFront,DataTransfer-Out-Bytes,RunInstances,us-east-1,amazoncloudfront-res-18,23.26,0.7535,1.3355
,2026-07-01T00:00:00Z,2026-08-01T00:00:00Z,111122223333,Usage,2026-07-03T00:00:00Z,2026-07-03T01:00:00Z,AmazonS3,Amazon Simple Storage Service,TimedStorage-ByteHrs,RunInstances,us-east-1,amazons3-res-10,59.91,4.123,4.6068
,2026-07-01T00:00:00Z,2026-08-01T00:00:00Z,444455556666,Usage,2026-07-03T00:00:00Z,2026-07-03T01:00:00Z,AWSDataTransfer,AWS Data Transfer,DataTransfer-Out-Bytes,RunInstances,eu-west-1,awsdatatransfer-res-10,70.27,4.714,2.5074
,2026-07-01T00:00:00Z,2026-08-01T00:00:00Z,111122223333,Usage,2026-07-03T00:00:00Z,2026-07-03T01:00:00Z,AWSDataTransfer,AWS Data Transfer,DataTransfer-Regional-Bytes,RunInstances,eu-west-1,awsdatatransfer-res-2,89.05,3.6753,3.0225
,2026-07-01T00:00:00Z,2026-08-01T00:00:00Z,111122223333,Usage,2026-07-03T00:00:00Z,2026-07-03T01:00:00Z,AmazonEC2,Amazon Elastic Compute Cloud,BoxUsage:t3.micro,RunInstances,eu-west-1,amazonec2-res-19,59.13,0.1135,3.8262
,2026-07-01T00:00:00Z,2026-08-01T00:00:00Z,111122223333,Usage,2026-07-03T00:00:00Z,2026-07-03T01:00:00Z,AmazonRDS,Amazon Relational Database Service,InstanceUsage:db.t3.medium,RunInstances,us-west-2,amazonrds-res-17,65.5,4.5812,0.9156
,2026-07-01T00:00:00Z,2026-08-01T00:00:00Z,444455556666,Usage,2026-07-03T00:00:00Z,2026-07-03T01:00:00Z,AmazonVPC,Amazon Virtual Private Cloud,NatGateway-Bytes,RunInstances,us-east-1,amazonvpc-res-16,35.45,1.6732,3.354
,2026-07-01T00:00:00Z,2026-08-01T00:00:00Z,444455556666,Usage,2026-07-03T00:00:00Z,2026-07-03T01:00:00Z,AmazonS3,Amazon Simple Storage Service,Requests-Tier1,RunInstances,eu-west-1,amazons3-res-16,29.53,4.7265,4.0697
,2026-07-01T00:00:00Z,2026-08-01T00:00:00Z,444455556666,Usage,2026-07-03T00:00:00Z,2026-07-03T01:00:00Z,AmazonVPC,Amazon Virtual Private Cloud,NatGateway-Hours,RunInstances,us-east-1,amazonvpc-res-11,25.99,0.5884,3.865
,2026-07-01T00:00:00Z,2026-08-01T00:00:00Z,444455556666,Usage,2026-07-03T00:00:00Z,2026-07-03T01:00:00Z,AmazonVPC,Amazon Virtual Private Cloud,NatGateway-Hours,RunInstances,us-west-2,amazonvpc-res-2,19.57,1.8153,3.7847
,2026-07-01T00:00:00Z,2026-08-01T00:00:00Z,111122223333,Usage,2026-07-03T00:00:00Z,2026-07-03T01:00:00Z,AmazonCloudFront,Amazon CloudFront,DataTransfer-Out-Bytes,RunInstances,us-east-1,amazoncloudfront-res-9,55.37,4.6391,2.1962
,2026-07-01T00:00:00Z,2026-08-01T00:00:00Z,111122223333,Usage,2026-07-03T00:00:00Z,2026-07-03T01:00:00Z,AmazonCloudFront,Amazon CloudFront,DataTransfer-Out-Bytes,RunInstances,us-east-1,amazoncloudfront-res-21,61.28,1.2041,0.8003
,2026-07-01T00:00:00Z,2026-08-01T00:00:00Z,444455556666,Usage,2026-07-03T00:00:00Z,2026-07-03T01:00:00Z,AmazonVPC,Amazon Virtual Private Cloud,NatGateway-Hours,RunInstances,us-east-1,amazonvpc-res-8,99.23,4.5655,2.3126
,2026-07-01T00:00:00Z,2026-08-01T00:00:00Z,444455556666,Usage,2026-07-03T00:00:00Z,2026-07-03T01:00:00Z,AmazonEC2,Amazon Elastic Compute Cloud,BoxUsage:m5.large,RunInstances,eu-west-1,amazonec2-res-10,51.38,1.3744,4.1753
,2026-07-01T00:00:00Z,2026-08-01T00:00:00Z,444455556666,Usage,2026-07-03T00:00:00Z,2026-07-03T01:00:00Z,AWSDataTransfer,AWS Data Transfer,DataTransfer-Out-Bytes,RunInstances,eu-west-1,awsdatatransfer-res-5,38.98,4.6101,2.5461
,2026-07-01T00:00:00Z,2026-08-01T00:00:00Z,444455556666,Usage,2026-07-03T00:00:00Z,2026-07-03T01:00:00Z,AmazonS3,Amazon Simple Storage Service,TimedStorage-ByteHrs,RunInstances,us-west-2,amazons3-res-11,93.49,2.5436,4.1045
,2026-07-01T00:00:00Z,2026-08-01T00:00:00Z,444455556666,Usage,2026-07-03T00:00:00Z,2026-07-03T01:00:00Z,AmazonRDS,Amazon Relational Database Service,InstanceUsage:db.t3.medium,RunInstances,us-east-1,amazonrds-res-15,54.32,1.7322,2.7641
,2026-07-01T00:00:00Z,2026-08-01T00:00:00Z,444455556666,Usage,2026-07-03T00:00:00Z,2026-07-03T01:00:00Z,AmazonVPC,Amazon Virtual Private Cloud,NatGateway-Bytes,RunInstances,us-west-2,amazonvpc-res-7,98.1,1.2016,1.921
,2026-07-01T00:00:00Z,2026-08-01T00:00:00Z,444455556666,Usage,2026-07-03T00:00:00Z,2026-07-03T01:00:00Z,AWSDataTransfer,AWS Data Transfer,DataTransfer-Out-Bytes,RunInstances,eu-west-1,awsdatatransfer-res-16,70.82,4.0589,1.9365
,2026-07-01T00:00:00Z,2026-08-01T00:00:00Z,444455556666,Usage,2026-07-03T00:00:00Z,2026-07-03T01:00:00Z,AmazonCloudFront,Amazon CloudFront,DataTransfer-Out-Bytes,RunInstances,us-east-1,amazoncloudfront-res-5,50.73,2.955,4.3498
,2026-07-01T00:00:00Z,2026-08-01T00:00:00Z,444455556666,Usage,2026-07-03T00:00:00Z,2026-07-03T01:00:00Z,AWSDataTransfer,AWS Data Transfer,DataTransfer-Out-Bytes,RunInstances,us-east-1,awsdatatransfer-res-24,15.27,4.356,4.8501
,2026-07-01T00:00:00Z,2026-08-01T00:00:00Z,444455556666,Usage,2026-07-03T00:00:00Z,2026-07-03T01:00:00Z,AmazonEC2,Amazon Elastic Compute Cloud,EBS:VolumeUsage.gp3,RunInstances,us-west-2,amazonec2-res-20,69.58,3.2527,4.2603
,2026-07-01T00:00:00Z,2026-08-01T00:00:00Z,444455556666,Usage,2026-07-03T00:00:00Z,2026-07-03T01:00:00Z,AmazonCloudFront,Amazon CloudFront,DataTransfer-Out-Bytes,RunInstances,eu-west-1,amazoncloudfront-res-23,88.86,2.4449,2.7097
,2026-07-01T00:00:00Z,2026-08-01T00:00:00Z,111122223333,Tax,2026-07-03T00:00:00Z,2026-07-03T01:00:00Z,AmazonEC2,Amazon Elastic Compute Cloud,,,,,0.0,6.56,0.0
,2026-07-01T00:00:00Z,2026-08-01T00:00:00Z,444455556666,Credit,2026-07-03T00:00:00Z,2026-07-03T01:00:00Z,AmazonEC2,Amazon Elastic Compute Cloud,,,,,0.0,-1.09,0.0
,2026-07-01T00:00:00Z,2026-08-01T00:00:00Z,111122223333,Usage,2026-07-04T00:00:00Z,2026-07-04T01:00:00Z,AmazonCloudFront,Amazon CloudFront,DataTransfer-Out-Bytes,RunInstances,eu-west-1,amazoncloudfront-res-3,43.96,0.5012,3.1724
,2026-07-01T00:00:00Z,2026-08-01T00:00:00Z,111122223333,Usage,2026-07-04T00:00:00Z,2026-07-04T01:00:00Z,AmazonEC2,Amazon Elastic Compute Cloud,EBS:VolumeUsage.gp3,RunInstances,eu-west-1,amazonec2-res-10,90.44,0.2395,3.9828
,2026-07-01T00:00:00Z,2026-08-01T00:00:00Z,444455556666,Usage,2026-07-04T00:00:00Z,2026-07-04T01:00:00Z,AmazonRDS,Amazon Relational Database Service,InstanceUsage:db.t3.medium,RunInstances,us-west-2,amazonrds-res-5,25.18,2.0661,3.4122
,2026-07-01T00:00:00Z,2026-08-01T00:00:00Z,111122223333,Usage,2026-07-04T00:00:00Z,2026-07-04T01:00:00Z,AmazonS3,Amazon Simple Storage Service,TimedStorage-ByteHrs,RunInstances,us-east-1,amazons3-res-20,87.21,3.1024,1.2117
,2026-07-01T00:00:00Z,2026-08-01T00:00:00Z,111122223333,Usage,2026-07-04T00:00:00Z,2026-07-04T01:00:00Z,AmazonVPC,Amazon Virtual Private Cloud,NatGateway-Hours,RunInstances,us-west-2,amazonvpc-res-21,26.14,1.2841,0.0569
,2026-07-01T00:00:00Z,2026-08-01T00:00:00Z,111122223333,Usage,2026-07-04T00:00:00Z,2026-07-04T01:00:00Z,AWSDataTransfer,AWS Data Transfer,DataTransfer-Regional-Bytes,RunInstances,us-east-1,awsdatatransfer-res-15,94.58,4.9384,1.5028
,2026-07-01T00:00:00Z,2026-08-01T00:00:00Z,444455556666,Usage,2026-07-04T00:00:00Z,2026-07-04T01:00:00Z,AWSDataTransfer,AWS Data Transfer,DataTransfer-Regional-Bytes,RunInstances,us-west-2,awsdatatransfer-res-7,99.94,4.2681,0.5422
,2026-07-01T00:00:00Z,2026-08-01T00:00:00Z,444455556666,Usage,2026-07-04T00:00:00Z,2026-07-04T01:00:00Z,AWSDataTransfer,AWS Data Transfer,DataTransfer-Regional-Bytes,RunInstances,eu-west-1,awsdatatransfer-res-10,3.17,4.1519,1.9851
,2026-07-01T00:00:00Z,2026-08-01T00:00:00Z,444455556666,Usage,2026-07-04T00:00:00Z,2026-07-04T01:00:00Z,AmazonEC2,Amazon Elastic Compute Cloud,BoxUsage:t3.micro,RunInstances,us-west-2,amazonec2-res-25,80.09,3.0393,1.7681
,2026-07-01T00:00:00Z,2026-08-01T00:00:00Z,444455556666,Usage,2026-07-04T00:00:00Z,2026-07-04T01:00:00Z,AmazonCloudFront,Amazon CloudFront,DataTransfer-Out-Bytes,RunInstances,eu-west-1,amazoncloudfront-res-25,72.37,3.2993,4.1933
,2026-07-01T00:00:00Z,2026-08-01T00:00:00Z,111122223333,Usage,2026-07-04T00:00:00Z,2026-07-04T01:00:00Z,AmazonCloudFront,Amazon CloudFront,DataTransfer-Out-Bytes,RunInstances,us-west-2,amazoncloudfront-res-15,4.3,1.8307,0.6657
,2026-07-01T00:00:00Z,2026-08-01T00:00:00Z,444455556666,Usage,2026-07-04T00:00:00Z,2026-07-04T01:00:00Z,AmazonRDS,Amazon Relational Database Service,InstanceUsage:db.t3.medium,RunInstances,us-east-1,amazonrds-res-7,14.08,2.7016,4.8577
,2026-07-01T00:00:00Z,2026-08-01T00:00:00Z,111122223333,Usage,2026-07-04T00:00:00Z,2026-07-04T01:00:00Z,AmazonVPC,Amazon Virtual Private Cloud,NatGateway-Bytes,RunInstances,us-west-2,amazonvpc-res-16,96.77,1.4828,4.3533
,2026-07-01T00:00:00Z,2026-08-01T00:00:00Z,111122223333,Usage,2026-07-04T00:00:00Z,2026-07-04T01:00:00Z,AmazonEC2,Amazon Elastic Compute Cloud,EBS:VolumeUsage.gp3,RunInstances,us-east-1,amazonec2-res-25,96.68,4.3021,3.6238
,2026-07-01T00:00:00Z,2026-08-01T00:00:00Z,111122223333,Usage,2026-07-04T00:00:00Z,2026-07-04T01:00:00Z,AWSDataTransfer,AWS Data Transfer,DataTransfer-Regional-Bytes,RunInstances,us-west-2,awsdatatransfer-res-1,27.18,0.6267,1.8492
,2026-07-01T00:00:00Z,2026-08-01T00:00:00Z,444455556666,Usage,2026-07-04T00:00:00Z,2026-07-04T01:00:00Z,AmazonCloudFront,Amazon CloudFront,DataTransfer-Out-Bytes,RunInstances,eu-west-1,amazoncloudfront-res-12,11.73,1.1768,0.1349
,2026-07-01T00:00:00Z,2026-08-01T00:00:00Z,111122223333,Usage,2026-07-04T00:00:00Z,2026-07-04T01:00:00Z,AmazonVPC,Amazon Virtual Private Cloud,NatGateway-Bytes,RunInstances,eu-west-1,amazonvpc-res-3,63.9,2.3267,3.5084
,2026-07-01T00:00:00Z,2026-08-01T00:00:00Z,111122223333,Usage,2026-07-04T00:00:00Z,2026-07-04T01:00:00Z,AmazonCloudFront,Amazon CloudFront,DataTransfer-Out-Bytes,RunInstances,us-east-1,amazoncloudfront-res-2,94.68,1.5288,2.4682
,2026-07-01T00:00:00Z,2026-08-01T00:00:00Z,111122223333,Usage,2026-07-04T00:00:00Z,2026-07-04T01:00:00Z,AmazonEC2,Amazon Elastic Compute Cloud,BoxUsage:m5.large,RunInstances,us-west-2,amazonec2-res-15,37.73,4.7474,3.4855
,2026-07-01T00:00:00Z,2026-08-01T00:00:00Z,111122223333,Usage,2026-07-04T00:00:00Z,2026-07-04T01:00:00Z,AmazonVPC,Amazon Virtual Private Cloud,NatGateway-Bytes,RunInstances,us-west-2,amazonvpc-res-21,10.8,2.4518,2.0465
,2026-07-01T00:00:00Z,2026-08-01T00:00:00Z,444455556666,Usage,2026-07-04T00:00:00Z,2026-07-04T01:00:00Z,AmazonRDS,Amazon Relational Database Service,InstanceUsage:db.t3.medium,RunInstances,us-east-1,amazonrds-res-15,45.02,1.1882,1.8198
,2026-07-01T00:00:00Z,2026-08-01T00:00:00Z,444455556666,Usage,2026-07-04T00:00:00Z,2026-07-04T01:00:00Z,AmazonCloudFront,Amazon CloudFront,DataTransfer-Out-Bytes,RunInstances,us-east-1,amazoncloudfront-res-13,28.31,4.8414,4.7456
,2026-07-01T00:00:00Z,2026-08-01T00:00:00Z,111122223333,Usage,2026-07-04T00:00:00Z,2026-07-04T01:00:00Z,AWSDataTransfer,AWS Data Transfer,DataTransfer-Out-Bytes,RunInstances,eu-west-1,awsdatatransfer-res-21,60.12,0.1166,3.9361
,2026-07-01T00:00:00Z,2026-08-01T00:00:00Z,111122223333,Usage,2026-07-04T00:00:00Z,2026-07-04T01:00:00Z,AmazonS3,Amazon Simple Storage Service,TimedStorage-ByteHrs,RunInstances,us-east-1,amazons3-res-25,55.87,2.9361,4.0671
,2026-07-01T00:00:00Z,2026-08-01T00:00:00Z,111122223333,Usage,2026-07-04T00:00:00Z,2026-07-04T01:00:00Z,AmazonS3,Amazon Simple Storage Service,Requests-Tier1,RunInstances,eu-west-1,amazons3-res-1,28.45,4.9203,4.9378
,2026-07-01T00:00:00Z,2026-08-01T00:00:00Z,111122223333,Usage,2026-07-04T00:00:00Z,2026-07-04T01:00:00Z,AmazonVPC,Amazon Virtual Private Cloud,NatGateway-Bytes,RunInstances,us-east-1,amazonvpc-res-22,86.78,0.6677,1.7976
,2026-07-01T00:00:00Z,2026-08-01T00:00:00Z,111122223333,Usage,2026-07-04T00:00:00Z,2026-07-04T01:00:00Z,AmazonS3,Amazon Simple Storage Service,Requests-Tier1,RunInstances,us-east-1,amazons3-res-9,6.19,3.7112,2.6352
,2026-07-01T00:00:00Z,2026-08-01T00:00:00Z,444455556666,Usage,2026-07-04T00:00:00Z,2026-07-04T01:00:00Z,AmazonCloudFront,Amazon CloudFront,DataTransfer-Out-Bytes,RunInstances,us-west-2,amazoncloudfront-res-25,36.84,2.9724,2.2655
,2026-07-01T00:00:00Z,2026-08-01T00:00:00Z,444455556666,Usage,2026-07-04T00:00:00Z,2026-07-04T01:00:00Z,AmazonS3,Amazon Simple Storage Service,TimedStorage-ByteHrs,RunInstances,us-west-2,amazons3-res-21,96.44,0.3135,2.4001
,2026-07-01T00:00:00Z,2026-08-01T00:00:00Z,111122223333,Usage,2026-07-04T00:00:00Z,2026-07-04T01:00:00Z,AWSDataTransfer,AWS Data Transfer,DataTransfer-Regional-Bytes,RunInstances,us-west-2,awsdatatransfer-res-23,91.06,0.3767,0.4131
,2026-07-01T00:00:00Z,2026-08-01T00:00:00Z,111122223333,Usage,2026-07-04T00:00:00Z,2026-07-04T01:00:00Z,AmazonVPC,Amazon Virtual Private Cloud,NatGateway-Hours,RunInstances,us-east-1,amazonvpc-res-9,62.81,2.931,3.5636
,2026-07-01T00:00:00Z,2026-08-01T00:00:00Z,444455556666,Usage,2026-07-04T00:00:00Z,2026-07-04T01:00:00Z,AWSDataTransfer,AWS Data Transfer,DataTransfer-Regional-Bytes,RunInstances,eu-west-1,awsdatatransfer-res-20,43.59,3.9675,0.5809
,2026-07-01T00:00:00Z,2026-08-01T00:00:00Z,444455556666,Usage,2026-07-04T00:00:00Z,2026-07-04T01:00:00Z,AmazonCloudFront,Amazon CloudFront,DataTransfer-Out-Bytes,RunInstances,us-west-2,amazoncloudfront-res-8,41.97,4.1388,1.9997
,2026-07-01T00:00:00Z,2026-08-01T00:00:00Z,444455556666,Usage,2026-07-04T00:00:00Z,2026-07-04T01:00:00Z,AmazonCloudFront,Amazon CloudFront,DataTransfer-Out-Bytes,RunInstances,us-west-2,amazoncloudfront-res-11,66.85,1.8778,0.7717
,2026-07-01T00:00:00Z,2026-08-01T00:00:00Z,111122223333,Usage,2026-07-04T00:00:00Z,2026-07-04T01:00:00Z,AWSDataTransfer,AWS Data Transfer,DataTransfer-Out-Bytes,RunInstances,us-east-1,awsdatatransfer-res-3,43.76,3.7255,1.8695
,2026-07-01T00:00:00Z,2026-08-01T00:00:00Z,444455556666,Usage,2026-07-04T00:00:00Z,2026-07-04T01:00:00Z,AmazonS3,Amazon Simple Storage Service,TimedStorage-ByteHrs,RunInstances,eu-west-1,amazons3-res-4,41.67,4.3693,4.7062
,2026-07-01T00:00:00Z,2026-08-01T00:00:00Z,444455556666,Usage,2026-07-04T00:00:00Z,2026-07-04T01:00:00Z,AWSDataTransfer,AWS Data Transfer,DataTransfer-Out-Bytes,RunInstances,eu-west-1,awsdatatransfer-res-10,35.81,2.8938,1.0716
,2026-07-01T00:00:00Z,2026-08-01T00:00:00Z,111122223333,Usage,2026-07-04T00:00:00Z,2026-07-04T01:00:00Z,AmazonCloudFront,Amazon CloudFront,DataTransfer-Out-Bytes,RunInstances,us-east-1,amazoncloudfront-res-12,84.69,1.8441,3.8154
,2026-07-01T00:00:00Z,2026-08-01T00:00:00Z,444455556666,Usage,2026-07-04T00:00:00Z,2026-07-04T01:00:00Z,AmazonVPC,Amazon Virtual Private Cloud,NatGateway-Hours,RunInstances,eu-west-1,amazonvpc-res-25,82.02,3.0717,3.2171
,2026-07-01T00:00:00Z,2026-08-01T00:00:00Z,111122223333,Usage,2026-07-04T00:00:00Z,2026-07-04T01:00:00Z,AmazonEC2,Amazon Elastic Compute Cloud,DataTransfer-Out-Bytes,RunInstances,us-east-1,amazonec2-res-9,70.57,1.5518,1.7057
,2026-07-01T00:00:00Z,2026-08-01T00:00:00Z,111122223333,Tax,2026-07-04T00:00:00Z,2026-07-04T01:00:00Z,AmazonEC2,Amazon Elastic Compute Cloud,,,,,0.0,1.05,0.0
,2026-07-01T00:00:00Z,2026-08-01T00:00:00Z,444455556666,Credit,2026-07-04T00:00:00Z,2026-07-04T01:00:00Z,AmazonEC2,Amazon Elastic Compute Cloud,,,,,0.0,-2.67,0.0
,2026-07-01T00:00:00Z,2026-08-01T00:00:00Z,111122223333,Usage,2026-07-05T00:00:00Z,2026-07-05T01:00:00Z,AmazonVPC,Amazon Virtual Private Cloud,NatGateway-Bytes,RunInstances,us-east-1,amazonvpc-res-24,63.68,0.163,3.7331
,2026-07-01T00:00:00Z,2026-08-01T00:00:00Z,444455556666,Usage,2026-07-05T00:00:00Z,2026-07-05T01:00:00Z,AmazonS3,Amazon Simple Storage Service,Requests-Tier1,RunInstances,us-west-2,amazons3-res-11,16.58,1.5651,1.6287
,2026-07-01T00:00:00Z,2026-08-01T00:00:00Z,111122223333,Usage,2026-07-05T00:00:00Z,2026-07-05T01:00:00Z,AmazonVPC,Amazon Virtual Private Cloud,NatGateway-Hours,RunInstances,us-east-1,amazonvpc-res-6,75.69,0.2583,0.4171
,2026-07-01T00:00:00Z,2026-08-01T00:00:00Z,444455556666,Usage,2026-07-05T00:00:00Z,2026-07-05T01:00:00Z,AWSDataTransfer,AWS Data Transfer,DataTransfer-Regional-Bytes,RunInstances,eu-west-1,awsdatatransfer-res-15,42.0,1.0857,2.5666
,2026-07-01T00:00:00Z,2026-08-01T00:00:00Z,111122223333,Usage,2026-07-05T00:00:00Z,2026-07-05T01:00:00Z,AmazonRDS,Amazon Relational Database Service,InstanceUsage:db.t3.medium,RunInstances,us-west-2,amazonrds-res-22,68.17,2.4383,3.339
,2026-07-01T00:00:00Z,2026-08-01T00:00:00Z,444455556666,Usage,2026-07-05T00:00:00Z,2026-07-05T01:00:00Z,AmazonEC2,Amazon Elastic Compute Cloud,BoxUsage:m5.large,RunInstances,eu-west-1,amazonec2-res-2,1.76,1.5141,1.0641
,2026-07-01T00:00:00Z,2026-08-01T00:00:00Z,444455556666,Usage,2026-07-05T00:00:00Z,2026-07-05T01:00:00Z,AmazonS3,Amazon Simple Storage Service,Requests-Tier1,RunInstances,us-west-2,amazons3-res-4,1.77,3.7376,0.8867
,2026-07-01T00:00:00Z,2026-08-01T00:00:00Z,444455556666,Usage,2026-07-05T00:00:00Z,2026-07-05T01:00:00Z,AWSDataTransfer,AWS Data Transfer,DataTransfer-Out-Bytes,RunInstances,us-east-1,awsdatatransfer-res-13,86.31,0.2211,0.1035
,2026-07-01T00:00:00Z,2026-08-01T00:00:00Z,444455556666,Usage,2026-07-05T00:00:00Z,2026-07-05T01:00:00Z,AmazonEC2,Amazon Elastic Compute Cloud,DataTransfer-Out-Bytes,RunInstances,eu-west-1,amazonec2-res-13,71.24,2.0943,0.5847
,2026-07-01T00:00:00Z,2026-08-01T00:00:00Z,111122223333,Usage,2026-07-05T00:00:00Z,2026-07-05T01:00:00Z,AmazonEC2,Amazon Elastic Compute Cloud,DataTransfer-Out-Bytes,RunInstances,eu-west-1,amazonec2-res-15,83.37,4.5997,0.4498
,2026-07-01T00:00:00Z,2026-08-01T00:00:00Z,444455556666,Usage,2026-07-05T00:00:00Z,2026-07-05T01:00:00Z,AmazonEC2,Amazon Elastic Compute Cloud,BoxUsage:m5.large,RunInstances,eu-west-1,amazonec2-res-13,52.87,1.9849,1.5583
,2026-07-01T00:00:00Z,2026-08-01T00:00:00Z,444455556666,Usage,2026-07-05T00:00:00Z,2026-07-05T01:00:00Z,AmazonRDS,Amazon Relational Database Service,InstanceUsage:db.t3.medium,RunInstances,us-east-1,amazonrds-res-3,51.54,0.579,2.5547
,2026-07-01T00:00:00Z,2026-08-01T00:00:00Z,111122223333,Usage,2026-07-05T00:00:00Z,2026-07-05T01:00:00Z,AmazonRDS,Amazon Relational Database Service,InstanceUsage:db.t3.medium,RunInstances,us-east-1,amazonrds-res-4,15.5,0.9944,3.016
,2026-07-01T00:00:00Z,2026-08-01T00:00:00Z,111122223333,Usage,2026-07-05T00:00:00Z,2026-07-05T01:00:00Z,AmazonCloudFront,Amazon CloudFront,DataTransfer-Out-Bytes,RunInstances,eu-west-1,amazoncloudfront-res-16,46.93,2.823,2.9015
,2026-07-01T00:00:00Z,2026-08-01T00:00:00Z,444455556666,Usage,2026-07-05T00:00:00Z,2026-07-05T01:00:00Z,AmazonCloudFront,Amazon CloudFront,DataTransfer-Out-Bytes,RunInstances,us-east-1,amazoncloudfront-res-15,7.76,2.2166,1.5211
,2026-07-01T00:00:00Z,2026-08-01T00:00:00Z,444455556666,Usage,2026-07-05T00:00:00Z,2026-07-05T01:00:00Z,AmazonRDS,Amazon Relational Database Service,InstanceUsage:db.t3.medium,RunInstances,eu-west-1,amazonrds-res-3,31.73,2.2651,0.2939
,2026-07-01T00:00:00Z,2026-08-01T00:00:00Z,111122223333,Usage,2026-07-05T00:00:00Z,2026-07-05T01:00:00Z,AmazonRDS,Amazon Relational Database Service,InstanceUsage:db.t3.medium,RunInstances,eu-west-1,amazonrds-res-20,51.2,2.3189,2.776
,2026-07-01T00:00:00Z,2026-08-01T00:00:00Z,444455556666,Usage,2026-07-05T00:00:00Z,2026-07-05T01:00:00Z,AmazonCloudFront,Amazon CloudFront,DataTransfer-Out-Bytes,RunInstances,eu-west-1,amazoncloudfront-res-21,19.64,3.029,2.5118
,2026-07-01T00:00:00Z,2026-08-01T00:00:00Z,111122223333,Usage,2026-07-05T00:00:00Z,2026-07-05T01:00:00Z,AmazonEC2,Amazon Elastic Compute Cloud,EBS:VolumeUsage.gp3,RunInstances,us-west-2,amazonec2-res-23,9.35,3.2342,0.2053
,2026-07-01T00:00:00Z,2026-08-01T00:00:00Z,444455556666,Usage,2026-07-05T00:00:00Z,2026-07-05T01:00:00Z,AmazonCloudFront,Amazon CloudFront,DataTransfer-Out-Bytes,RunInstances,eu-west-1,amazoncloudfront-res-17,61.37,1.8259,4.5905
,2026-07-01T00:00:00Z,2026-08-01T00:00:00Z,444455556666,Usage,2026-07-05T00:00:00Z,2026-07-05T01:00:00Z,AWSDataTransfer,AWS Data Transfer,DataTransfer-Regional-Bytes,RunInstances,eu-west-1,awsdatatransfer-res-20,6.18,3.1581,1.6799
,2026-07-01T00:00:00Z,2026-08-01T00:00:00Z,444455556666,Usage,2026-07-05T00:00:00Z,2026-07-05T01:00:00Z,AmazonRDS,Amazon Relational Database Service,InstanceUsage:db.t3.medium,RunInstances,us-west-2,amazonrds-res-9,72.65,3.2863,4.5327
,2026-07-01T00:00:00Z,2026-08-01T00:00:00Z,111122223333,Usage,2026-07-05T00:00:00Z,2026-07-05T01:00:00Z,AmazonS3,Amazon Simple Storage Service,Requests-Tier1,RunInstances,eu-west-1,amazons3-res-22,15.0,1.7556,4.8388
,2026-07-01T00:00:00Z,2026-08-01T00:00:00Z,111122223333,Usage,2026-07-05T00:00:00Z,2026-07-05T01:00:00Z,AmazonCloudFront,Amazon CloudFront,DataTransfer-Out-Bytes,RunInstances,eu-west-1,amazoncloudfront-res-23,93.86,1.5548,1.8896
,2026-07-01T00:00:00Z,2026-08-01T00:00:00Z,111122223333,Usage,2026-07-05T00:00:00Z,2026-07-05T01:00:00Z,AmazonRDS,Amazon Relational Database Service,InstanceUsage:db.t3.medium,RunInstances,eu-west-1,amazonrds-res-22,42.92,1.8155,1.8194
,2026-07-01T00:00:00Z,2026-08-01T00:00:00Z,444455556666,Usage,2026-07-05T00:00:00Z,2026-07-05T01:00:00Z,AmazonS3,Amazon Simple Storage Service,TimedStorage-ByteHrs,RunInstances,us-west-2,amazons3-res-7,23.43,0.6965,0.3951
,2026-07-01T00:00:00Z,2026-08-01T00:00:00Z,444455556666,Usage,2026-07-05T00:00:00Z,2026-07-05T01:00:00Z,AmazonEC2,Amazon Elastic Compute Cloud,BoxUsage:t3.micro,RunInstances,eu-west-1,amazonec2-res-5,60.13,0.7797,0.9124
,2026-07-01T00:00:00Z,2026-08-01T00:00:00Z,444455556666,Usage,2026-07-05T00:00:00Z,2026-07-05T01:00:00Z,AmazonCloudFront,Amazon CloudFront,DataTransfer-Out-Bytes,RunInstances,us-east-1,amazoncloudfront-res-14,37.07,3.6007,4.8482
,2026-07-01T00:00:00Z,2026-08-01T00:00:00Z,444455556666,Usage,2026-07-05T00:00:00Z,2026-07-05T01:00:00Z,AmazonVPC,Amazon Virtual Private Cloud,NatGateway-Bytes,RunInstances,us-east-1,amazonvpc-res-18,24.68,4.8283,3.924
,2026-07-01T00:00:00Z,2026-08-01T00:00:00Z,444455556666,Usage,2026-07-05T00:00:00Z,2026-07-05T01:00:00Z,AmazonS3,Amazon Simple Storage Service,Requests-Tier1,RunInstances,us-west-2,amazons3-res-25,28.9,1.9155,2.642
,2026-07-01T00:00:00Z,2026-08-01T00:00:00Z,111122223333,Usage,2026-07-05T00:00:00Z,2026-07-05T01:00:00Z,AmazonS3,Amazon Simple Storage Service,TimedStorage-ByteHrs,RunInstances,us-west-2,amazons3-res-2,64.48,4.3718,2.7772
,2026-07-01T00:00:00Z,2026-08-01T00:00:00Z,444455556666,Usage,2026-07-05T00:00:00Z,2026-07-05T01:00:00Z,AmazonEC2,Amazon Elastic Compute Cloud,BoxUsage:t3.micro,RunInstances,us-east-1,amazonec2-res-25,16.87,2.2521,2.5716
,2026-07-01T00:00:00Z,2026-08-01T00:00:00Z,111122223333,Usage,2026-07-05T00:00:00Z,2026-07-05T01:00:00Z,AWSDataTransfer,AWS Data Transfer,DataTransfer-Out-Bytes,RunInstances,us-west-2,awsdatatransfer-res-12,93.12,2.0803,1.9883
,2026-07-01T00:00:00Z,2026-08-01T00:00:00Z,444455556666,Usage,2026-07-05T00:00:00Z,2026-07-05T01:00:00Z,AmazonRDS,Amazon Relational Database Service,InstanceUsage:db.t3.medium,RunInstances,us-east-1,amazonrds-res-12,23.23,1.6002,0.5044
,2026-07-01T00:00:00Z,2026-08-01T00:00:00Z,111122223333,Usage,2026-07-05T00:00:00Z,2026-07-05T01:00:00Z,AmazonCloudFront,Amazon CloudFront,DataTransfer-Out-Bytes,RunInstances,us-east-1,amazoncloudfront-res-2,29.4,4.1505,3.4834
,2026-07-01T00:00:00Z,2026-08-01T00:00:00Z,444455556666,Usage,2026-07-05T00:00:00Z,2026-07-05T01:00:00Z,AmazonS3,Amazon Simple Storage Service,Requests-Tier1,RunInstances,eu-west-1,amazons3-res-1,90.68,0.1048,1.0861
,2026-07-01T00:00:00Z,2026-08-01T00:00:00Z,111122223333,Usage,2026-07-05T00:00:00Z,2026-07-05T01:00:00Z,AmazonS3,Amazon Simple Storage Service,Requests-Tier1,RunInstances,us-west-2,amazons3-res-8,30.81,0.2483,2.1049
,2026-07-01T00:00:00Z,2026-08-01T00:00:00Z,111122223333,Usage,2026-07-05T00:00:00Z,2026-07-05T01:00:00Z,AmazonVPC,Amazon Virtual Private Cloud,NatGateway-Bytes,RunInstances,us-east-1,amazonvpc-res-16,60.08,0.092,2.5817
,2026-07-01T00:00:00Z,2026-08-01T00:00:00Z,444455556666,Usage,2026-07-05T00:00:00Z,2026-07-05T01:00:00Z,AmazonS3,Amazon Simple Storage Service,TimedStorage-ByteHrs,RunInstances,us-west-2,amazons3-res-1,61.87,1.2104,2.0887
,2026-07-01T00:00:00Z,2026-08-01T00:00:00Z,444455556666,Usage,2026-07-05T00:00:00Z,2026-07-05T01:00:00Z,AmazonCloudFront,Amazon CloudFront,DataTransfer-Out-Bytes,RunInstances,us-east-1,amazoncloudfront-res-17,54.86,3.9342,2.543
,2026-07-01T00:00:00Z,2026-08-01T00:00:00Z,111122223333,Tax,2026-07-05T00:00:00Z,2026-07-05T01:00:00Z,AmazonEC2,Amazon Elastic Compute Cloud,,,,,0.0,1.18,0.0
,2026-07-01T00:00:00Z,2026-08-01T00:00:00Z,444455556666,Credit,2026-07-05T00:00:00Z,2026-07-05T01:00:00Z,AmazonEC2,Amazon Elastic Compute Cloud,,,,,0.0,-2.68,0.0
,2026-07-01T00:00:00Z,2026-08-01T00:00:00Z,444455556666,Usage,2026-07-06T00:00:00Z,2026-07-06T01:00:00Z,AmazonEC2,Amazon Elastic Compute Cloud,EBS:VolumeUsage.gp3,RunInstances,us-west-2,amazonec2-res-24,2.61,3.9447,1.7306
,2026-07-01T00:00:00Z,2026-08-01T00:00:00Z,444455556666,Usage,2026-07-06T00:00:00Z,2026-07-06T01:00:00Z,AmazonCloudFront,Amazon CloudFront,DataTransfer-Out-Bytes,RunInstances,us-east-1,amazoncloudfront-res-2,35.88,1.6994,3.2176
,2026-07-01T00:00:00Z,2026-08-01T00:00:00Z,444455556666,Usage,2026-07-06T00:00:00Z,2026-07-06T01:00:00Z,AmazonCloudFront,Amazon CloudFront,DataTransfer-Out-Bytes,RunInstances,eu-west-1,amazoncloudfront-res-6,81.34,0.3249,3.8832
,2026-07-01T00:00:00Z,2026-08-01T00:00:00Z,444455556666,Usage,2026-07-06T00:00:00Z,2026-07-06T01:00:00Z,AWSDataTransfer,AWS Data Transfer,DataTransfer-Out-Bytes,RunInstances,us-east-1,awsdatatransfer-res-2,79.32,4.4301,1.5848
,2026-07-01T00:00:00Z,2026-08-01T00:00:00Z,444455556666,Usage,2026-07-06T00:00:00Z,2026-07-06T01:00:00Z,AmazonRDS,Amazon Relational Database Service,InstanceUsage:db.t3.medium,RunInstances,us-west-2,amazonrds-res-2,75.58,0.9636,1.7913
,2026-07-01T00:00:00Z,2026-08-01T00:00:00Z,444455556666,Usage,2026-07-06T00:00:00Z,2026-07-06T01:00:00Z,AmazonEC2,Amazon Elastic Compute Cloud,DataTransfer-Out-Bytes,RunInstances,us-east-1,amazonec2-res-12,44.26,2.0061,2.2043
,2026-07-01T00:00:00Z,2026-08-01T00:00:00Z,111122223333,Usage,2026-07-06T00:00:00Z,2026-07-06T01:00:00Z,AWSDataTransfer,AWS Data Transfer,DataTransfer-Regional-Bytes,RunInstances,us-west-2,awsdatatransfer-res-23,50.25,4.6223,2.6012
,2026-07-01T00:00:00Z,2026-08-01T00:00:00Z,111122223333,Usage,2026-07-06T00:00:00Z,2026-07-06T01:00:00Z,AmazonEC2,Amazon Elastic Compute Cloud,EBS:VolumeUsage.gp3,RunInstances,us-west-2,amazonec2-res-20,99.51,0.9105,1.4759
,2026-07-01T00:00:00Z,2026-08-01T00:00:00Z,444455556666,Usage,2026-07-06T00:00:00Z,2026-07-06T01:00:00Z,AmazonEC2,Amazon Elastic Compute Cloud,BoxUsage:t3.micro,RunInstances,eu-west-1,amazonec2-res-10,31.34,3.0171,2.1363
,2026-07-01T00:00:00Z,2026-08-01T00:00:00Z,444455556666,Usage,2026-07-06T00:00:00Z,2026-07-06T01:00:00Z,AmazonCloudFront,Amazon CloudFront,DataTransfer-Out-Bytes,RunInstances,us-west-2,amazoncloudfront-res-2,72.95,4.5589,3.0781
,2026-07-01T00:00:00Z,2026-08-01T00:00:00Z,111122223333,Usage,2026-07-06T00:00:00Z,2026-07-06T01:00:00Z,AWSDataTransfer,AWS Data Transfer,DataTransfer-Regional-Bytes,RunInstances,us-east-1,awsdatatransfer-res-22,64.11,1.8229,4.0075
,2026-07-01T00:00:00Z,2026-08-01T00:00:00Z,111122223333,Usage,2026-07-06T00:00:00Z,2026-07-06T01:00:00Z,AmazonCloudFront,Amazon CloudFront,DataTransfer-Out-Bytes,RunInstances,us-east-1,amazoncloudfront-res-20,68.13,2.1965,0.6399
,2026-07-01T00:00:00Z,2026-08-01T00:00:00Z,444455556666,Usage,2026-07-06T00:00:00Z,2026-07-06T01:00:00Z,AmazonS3,Amazon Simple Storage Service,Requests-Tier1,RunInstances,us-west-2,amazons3-res-19,4.21,0.7757,2.2551
,2026-07-01T00:00:00Z,2026-08-01T00:00:00Z,444455556666,Usage,2026-07-06T00:00:00Z,2026-07-06T01:00:00Z,AmazonRDS,Amazon Relational Database Service,InstanceUsage:db.t3.medium,RunInstances,us-east-1,amazonrds-res-19,14.63,1.8411,1.5788
,2026-07-01T00:00:00Z,2026-08-01T00:00:00Z,111122223333,Usage,2026-07-06T00:00:00Z,2026-07-06T01:00:00Z,AmazonRDS,Amazon Relational Database Service,InstanceUsage:db.t3.medium,RunInstances,us-east-1,amazonrds-res-24,19.42,2.5935,4.5686
,2026-07-01T00:00:00Z,2026-08-01T00:00:00Z,444455556666,Usage,2026-07-06T00:00:00Z,2026-07-06T01:00:00Z,AmazonEC2,Amazon Elastic Compute Cloud,DataTransfer-Out-Bytes,RunInstances,eu-west-1,amazonec2-res-15,22.24,3.0633,3.473
,2026-07-01T00:00:00Z,2026-08-01T00:00:00Z,111122223333,Usage,2026-07-06T00:00:00Z,2026-07-06T01:00:00Z,AWSDataTransfer,AWS Data Transfer,DataTransfer-Out-Bytes,RunInstances,us-east-1,awsdatatransfer-res-3,45.75,4.4944,2.2311
,2026-07-01T00:00:00Z,2026-08-01T00:00:00Z,444455556666,Usage,2026-07-06T00:00:00Z,2026-07-06T01:00:00Z,AmazonEC2,Amazon Elastic Compute Cloud,DataTransfer-Out-Bytes,RunInstances,eu-west-1,amazonec2-res-3,55.45,1.4589,1.5068
,2026-07-01T00:00:00Z,2026-08-01T00:00:00Z,444455556666,Usage,2026-07-06T00:00:00Z,2026-07-06T01:00:00Z,AmazonS3,Amazon Simple Storage Service,TimedStorage-ByteHrs,RunInstances,eu-west-1,amazons3-res-8,13.01,1.0129,0.703
,2026-07-01T00:00:00Z,2026-08-01T00:00:00Z,444455556666,Usage,2026-07-06T00:00:00Z,2026-07-06T01:00:00Z,AWSDataTransfer,AWS Data Transfer,DataTransfer-Out-Bytes,RunInstances,eu-west-1,awsdatatransfer-res-19,37.52,4.0203,2.7627
,2026-07-01T00:00:00Z,2026-08-01T00:00:00Z,111122223333,Usage,2026-07-06T00:00:00Z,2026-07-06T01:00:00Z,AmazonVPC,Amazon Virtual Private Cloud,NatGateway-Hours,RunInstances,us-west-2,amazonvpc-res-13,99.96,3.5972,2.6332
,2026-07-01T00:00:00Z,2026-08-01T00:00:00Z,111122223333,Usage,2026-07-06T00:00:00Z,2026-07-06T01:00:00Z,AWSDataTransfer,AWS Data Transfer,DataTransfer-Out-Bytes,RunInstances,us-west-2,awsdatatransfer-res-21,8.34,2.3345,2.5916
,2026-07-01T00:00:00Z,2026-08-01T00:00:00Z,111122223333,Usage,2026-07-06T00:00:00Z,2026-07-06T01:00:00Z,AmazonS3,Amazon Simple Storage Service,TimedStorage-ByteHrs,RunInstances,us-west-2,amazons3-res-17,91.16,0.2865,0.6296
,2026-07-01T00:00:00Z,2026-08-01T00:00:00Z,111122223333,Usage,2026-07-06T00:00:00Z,2026-07-06T01:00:00Z,AmazonS3,Amazon Simple Storage Service,Requests-Tier1,RunInstances,us-east-1,amazons3-res-11,93.54,1.1351,4.7379
,2026-07-01T00:00:00Z,2026-08-01T00:00:00Z,111122223333,Usage,2026-07-06T00:00:00Z,2026-07-06T01:00:00Z,AmazonVPC,Amazon Virtual Private Cloud,NatGateway-Bytes,RunInstances,us-west-2,amazonvpc-res-7,63.87,2.7587,0.6346
,2026-07-01T00:00:00Z,2026-08-01T00:00:00Z,111122223333,Usage,2026-07-06T00:00:00Z,2026-07-06T01:00:00Z,AmazonRDS,Amazon Relational Database Service,InstanceUsage:db.t3.medium,RunInstances,eu-west-1,amazonrds-res-19,16.27,3.2971,3.606
,2026-07-01T00:00:00Z,2026-08-01T00:00:00Z,111122223333,Usage,2026-07-06T00:00:00Z,2026-07-06T01:00:00Z,AmazonVPC,Amazon Virtual Private Cloud,NatGateway-Bytes,RunInstances,us-east-1,amazonvpc-res-3,5.5,3.2109,2.8881
,2026-07-01T00:00:00Z,2026-08-01T00:00:00Z,444455556666,Usage,2026-07-06T00:00:00Z,2026-07-06T01:00:00Z,AmazonCloudFront,Amazon CloudFront,DataTransfer-Out-Bytes,RunInstances,eu-west-1,amazoncloudfront-res-21,4.0,4.4461,2.7324
,2026-07-01T00:00:00Z,2026-08-01T00:00:00Z,444455556666,Usage,2026-07-06T00:00:00Z,2026-07-06T01:00:00Z,AmazonCloudFront,Amazon CloudFront,DataTransfer-Out-Bytes,RunInstances,us-east-1,amazoncloudfront-res-22,41.2,2.2732,3.4462
,2026-07-01T00:00:00Z,2026-08-01T00:00:00Z,444455556666,Usage,2026-07-06T00:00:00Z,2026-07-06T01:00:00Z,AmazonS3,Amazon Simple Storage Service,Requests-Tier1,RunInstances,us-west-2,amazons3-res-15,21.2,3.0372,1.5698
,2026-07-01T00:00:00Z,2026-08-01T00:00:00Z,444455556666,Usage,2026-07-06T00:00:00Z,2026-07-06T01:00:00Z,AmazonCloudFront,Amazon CloudFront,DataTransfer-Out-Bytes,RunInstances,us-west-2,amazoncloudfront-res-5,76.31,2.5798,0.5399
,2026-07-01T00:00:00Z,2026-08-01T00:00:00Z,111122223333,Usage,2026-07-06T00:00:00Z,2026-07-06T01:00:00Z,AmazonS3,Amazon Simple Storage Service,Requests-Tier1,RunInstances,us-west-2,amazons3-res-15,25.54,0.4931,1.4582
,2026-07-01T00:00:00Z,2026-08-01T00:00:00Z,111122223333,Usage,2026-07-06T00:00:00Z,2026-07-06T01:00:00Z,AWSDataTransfer,AWS Data Transfer,DataTransfer-Regional-Bytes,RunInstances,us-east-1,awsdatatransfer-res-11,93.44,3.6084,0.9573
,2026-07-01T00:00:00Z,2026-08-01T00:00:00Z,444455556666,Usage,2026-07-06T00:00:00Z,2026-07-06T01:00:00Z,AmazonS3,Amazon Simple Storage Service,Requests-Tier1,RunInstances,us-west-2,amazons3-res-10,50.24,0.4593,1.9723
,2026-07-01T00:00:00Z,2026-08-01T00:00:00Z,111122223333,Usage,2026-07-06T00:00:00Z,2026-07-06T01:00:00Z,AWSDataTransfer,AWS Data Transfer,DataTransfer-Out-Bytes,RunInstances,eu-west-1,awsdatatransfer-res-12,5.82,1.414,2.9916
,2026-07-01T00:00:00Z,2026-08-01T00:00:00Z,444455556666,Usage,2026-07-06T00:00:00Z,2026-07-06T01:00:00Z,AmazonCloudFront,Amazon CloudFront,DataTransfer-Out-Bytes,RunInstances,eu-west-1,amazoncloudfront-res-1,84.87,2.1603,4.4135
,2026-07-01T00:00:00Z,2026-08-01T00:00:00Z,444455556666,Usage,2026-07-06T00:00:00Z,2026-07-06T01:00:00Z,AmazonCloudFront,Amazon CloudFront,DataTransfer-Out-Bytes,RunInstances,us-west-2,amazoncloudfront-res-2,40.66,2.8557,0.9813
,2026-07-01T00:00:00Z,2026-08-01T00:00:00Z,111122223333,Usage,2026-07-06T00:00:00Z,2026-07-06T01:00:00Z,AmazonVPC,Amazon Virtual Private Cloud,NatGateway-Bytes,RunInstances,us-west-2,amazonvpc-res-17,45.59,2.7538,4.1283
,2026-07-01T00:00:00Z,2026-08-01T00:00:00Z,111122223333,Usage,2026-07-06T00:00:00Z,2026-07-06T01:00:00Z,AmazonVPC,Amazon Virtual Private Cloud,NatGateway-Hours,RunInstances,us-east-1,amazonvpc-res-13,37.95,4.9341,2.7936
,2026-07-01T00:00:00Z,2026-08-01T00:00:00Z,111122223333,Usage,2026-07-06T00:00:00Z,2026-07-06T01:00:00Z,AmazonRDS,Amazon Relational Database Service,InstanceUsage:db.t3.medium,RunInstances,eu-west-1,amazonrds-res-17,40.74,0.2109,0.2042
,2026-07-01T00:00:00Z,2026-08-01T00:00:00Z,111122223333,Tax,2026-07-06T00:00:00Z,2026-07-06T01:00:00Z,AmazonEC2,Amazon Elastic Compute Cloud,,,,,0.0,7.42,0.0
,2026-07-01T00:00:00Z,2026-08-01T00:00:00Z,444455556666,Credit,2026-07-06T00:00:00Z,2026-07-06T01:00:00Z,AmazonEC2,Amazon Elastic Compute Cloud,,,,,0.0,-2.51,0.0
,2026-07-01T00:00:00Z,2026-08-01T00:00:00Z,111122223333,Usage,2026-07-07T00:00:00Z,2026-07-07T01:00:00Z,AmazonVPC,Amazon Virtual Private Cloud,NatGateway-Bytes,RunInstances,eu-west-1,amazonvpc-res-17,14.84,4.6575,1.5995
,2026-07-01T00:00:00Z,2026-08-01T00:00:00Z,444455556666,Usage,2026-07-07T00:00:00Z,2026-07-07T01:00:00Z,AWSDataTransfer,AWS Data Transfer,DataTransfer-Regional-Bytes,RunInstances,eu-west-1,awsdatatransfer-res-17,53.7,3.5466,1.506
,2026-07-01T00:00:00Z,2026-08-01T00:00:00Z,444455556666,Usage,2026-07-07T00:00:00Z,2026-07-07T01:00:00Z,AmazonEC2,Amazon Elastic Compute Cloud,DataTransfer-Out-Bytes,RunInstances,eu-west-1,amazonec2-res-4,98.01,2.9227,3.9858
,2026-07-01T00:00:00Z,2026-08-01T00:00:00Z,444455556666,Usage,2026-07-07T00:00:00Z,2026-07-07T01:00:00Z,AmazonCloudFront,Amazon CloudFront,DataTransfer-Out-Bytes,RunInstances,us-west-2,amazoncloudfront-res-21,78.51,3.883,2.8924
,2026-07-01T00:00:00Z,2026-08-01T00:00:00Z,444455556666,Usage,2026-07-07T00:00:00Z,2026-07-07T01:00:00Z,AmazonCloudFront,Amazon CloudFront,DataTransfer-Out-Bytes,RunInstances,us-east-1,amazoncloudfront-res-17,63.27,3.1025,4.2074
,2026-07-01T00:00:00Z,2026-08-01T00:00:00Z,111122223333,Usage,2026-07-07T00:00:00Z,2026-07-07T01:00:00Z,AmazonS3,Amazon Simple Storage Service,TimedStorage-ByteHrs,RunInstances,eu-west-1,amazons3-res-23,11.88,0.1045,1.5753
,2026-07-01T00:00:00Z,2026-08-01T00:00:00Z,111122223333,Usage,2026-07-07T00:00:00Z,2026-07-07T01:00:00Z,AmazonS3,Amazon Simple Storage Service,Requests-Tier1,RunInstances,us-west-2,amazons3-res-17,77.72,4.6034,4.3654
,2026-07-01T00:00:00Z,2026-08-01T00:00:00Z,111122223333,Usage,2026-07-07T00:00:00Z,2026-07-07T01:00:00Z,AmazonCloudFront,Amazon CloudFront,DataTransfer-Out-Bytes,RunInstances,eu-west-1,amazoncloudfront-res-7,56.53,4.9906,2.3971
,2026-07-01T00:00:00Z,2026-08-01T00:00:00Z,111122223333,Usage,2026-07-07T00:00:00Z,2026-07-07T01:00:00Z,AWSDataTransfer,AWS Data Transfer,DataTransfer-Regional-Bytes,RunInstances,us-west-2,awsdatatransfer-res-18,34.89,1.7779,3.8622
,2026-07-01T00:00:00Z,2026-08-01T00:00:00Z,444455556666,Usage,2026-07-07T00:00:00Z,2026-07-07T01:00:00Z,AmazonCloudFront,Amazon CloudFront,DataTransfer-Out-Bytes,RunInstances,us-east-1,amazoncloudfront-res-8,28.62,1.4995,4.708
,2026-07-01T00:00:00Z,2026-08-01T00:00:00Z,111122223333,Usage,2026-07-07T00:00:00Z,2026-07-07T01:00:00Z,AmazonRDS,Amazon Relational Database Service,InstanceUsage:db.t3.medium,RunInstances,eu-west-1,amazonrds-res-23,49.41,2.4042,2.8068
,2026-07-01T00:00:00Z,2026-08-01T00:00:00Z,444455556666,Usage,2026-07-07T00:00:00Z,2026-07-07T01:00:00Z,AmazonCloudFront,Amazon CloudFront,DataTransfer-Out-Bytes,RunInstances,us-east-1,amazoncloudfront-res-19,67.99,1.9047,4.901
,2026-07-01T00:00:00Z,2026-08-01T00:00:00Z,444455556666,Usage,2026-07-07T00:00:00Z,2026-07-07T01:00:00Z,AmazonRDS,Amazon Relational Database Service,InstanceUsage:db.t3.medium,RunInstances,us-east-1,amazonrds-res-10,95.58,0.4044,4.6208
,2026-07-01T00:00:00Z,2026-08-01T00:00:00Z,444455556666,Usage,2026-07-07T00:00:00Z,2026-07-07T01:00:00Z,AmazonCloudFront,Amazon CloudFront,DataTransfer-Out-Bytes,RunInstances,us-east-1,amazoncloudfront-res-7,82.97,1.363,2.8145
,2026-07-01T00:00:00Z,2026-08-01T00:00:00Z,111122223333,Usage,2026-07-07T00:00:00Z,2026-07-07T01:00:00Z,AmazonRDS,Amazon Relational Database Service,InstanceUsage:db.t3.medium,RunInstances,eu-west-1,amazonrds-res-24,59.1,1.2199,3.3525
,2026-07-01T00:00:00Z,2026-08-01T00:00:00Z,111122223333,Usage,2026-07-07T00:00:00Z,2026-07-07T01:00:00Z,AmazonVPC,Amazon Virtual Private Cloud,NatGateway-Hours,RunInstances,us-east-1,amazonvpc-res-4,41.92,3.5896,0.5117
,2026-07-01T00:00:00Z,2026-08-01T00:00:00Z,111122223333,Usage,2026-07-07T00:00:00Z,2026-07-07T01:00:00Z,AmazonS3,Amazon Simple Storage Service,TimedStorage-ByteHrs,RunInstances,us-west-2,amazons3-res-21,93.57,4.3932,2.3925
,2026-07-01T00:00:00Z,2026-08-01T00:00:00Z,444455556666,Usage,2026-07-07T00:00:00Z,2026-07-07T01:00:00Z,AmazonS3,Amazon Simple Storage Service,Requests-Tier1,RunInstances,us-west-2,amazons3-res-21,6.86,3.8459,3.265
,2026-07-01T00:00:00Z,2026-08-01T00:00:00Z,111122223333,Usage,2026-07-07T00:00:00Z,2026-07-07T01:00:00Z,AmazonS3,Amazon Simple Storage Service,TimedStorage-ByteHrs,RunInstances,us-west-2,amazons3-res-6,93.46,0.1913,4.1827
,2026-07-01T00:00:00Z,2026-08-01T00:00:00Z,444455556666,Usage,2026-07-07T00:00:00Z,2026-07-07T01:00:00Z,AWSDataTransfer,AWS Data Transfer,DataTransfer-Out-Bytes,RunInstances,us-east-1,awsdatatransfer-res-1,30.54,3.0179,4.643
,2026-07-01T00:00:00Z,2026-08-01T00:00:00Z,444455556666,Usage,2026-07-07T00:00:00Z,2026-07-07T01:00:00Z,AmazonRDS,Amazon Relational Database Service,InstanceUsage:db.t3.medium,RunInstances,eu-west-1,amazonrds-res-18,52.91,4.4474,0.6797
,2026-07-01T00:00:00Z,2026-08-01T00:00:00Z,444455556666,Usage,2026-07-07T00:00:00Z,2026-07-07T01:00:00Z,AmazonVPC,Amazon Virtual Private Cloud,NatGateway-Bytes,RunInstances,us-east-1,amazonvpc-res-4,33.74,3.6583,3.2449
,2026-07-01T00:00:00Z,2026-08-01T00:00:00Z,111122223333,Usage,2026-07-07T00:00:00Z,2026-07-07T01:00:00Z,AmazonCloudFront,Amazon CloudFront,DataTransfer-Out-Bytes,RunInstances,eu-west-1,amazoncloudfront-res-11,79.29,2.8432,3.7888
,2026-07-01T00:00:00Z,2026-08-01T00:00:00Z,444455556666,Usage,2026-07-07T00:00:00Z,2026-07-07T01:00:00Z,AmazonS3,Amazon Simple Storage Service,Requests-Tier1,RunInstances,eu-west-1,amazons3-res-11,9.59,3.3496,0.9321
,2026-07-01T00:00:00Z,2026-08-01T00:00:00Z,444455556666,Usage,2026-07-07T00:00:00Z,2026-07-07T01:00:00Z,AmazonS3,Amazon Simple Storage Service,Requests-Tier1,RunInstances,us-east-1,amazons3-res-1,26.82,1.1853,3.7712
,2026-07-01T00:00:00Z,2026-08-01T00:00:00Z,111122223333,Usage,2026-07-07T00:00:00Z,2026-07-07T01:00:00Z,AmazonRDS,Amazon Relational Database Service,InstanceUsage:db.t3.medium,RunInstances,us-west-2,amazonrds-res-21,36.6,1.1891,3.3423
,2026-07-01T00:00:00Z,2026-08-01T00:00:00Z,111122223333,Usage,2026-07-07T00:00:00Z,2026-07-07T01:00:00Z,AWSDataTransfer,AWS Data Transfer,DataTransfer-Regional-Bytes,RunInstances,us-west-2,awsdatatransfer-res-22,50.75,4.4766,3.5207
,2026-07-01T00:00:00Z,2026-08-01T00:00:00Z,444455556666,Usage,2026-07-07T00:00:00Z,2026-07-07T01:00:00Z,AmazonRDS,Amazon Relational Database Service,InstanceUsage:db.t3.medium,RunInstances,us-west-2,amazonrds-res-20,22.86,4.7872,2.3961
,2026-07-01T00:00:00Z,2026-08-01T00:00:00Z,444455556666,Usage,2026-07-07T00:00:00Z,2026-07-07T01:00:00Z,AWSDataTransfer,AWS Data Transfer,DataTransfer-Regional-Bytes,RunInstances,eu-west-1,awsdatatransfer-res-18,91.37,3.7892,4.012
,2026-07-01T00:00:00Z,2026-08-01T00:00:00Z,111122223333,Usage,2026-07-07T00:00:00Z,2026-07-07T01:00:00Z,AmazonS3,Amazon Simple Storage Service,TimedStorage-ByteHrs,RunInstances,eu-west-1,amazons3-res-15,53.29,1.8153,4.5871
,2026-07-01T00:00:00Z,2026-08-01T00:00:00Z,111122223333,Usage,2026-07-07T00:00:00Z,2026-07-07T01:00:00Z,AmazonEC2,Amazon Elastic Compute Cloud,BoxUsage:t3.micro,RunInstances,eu-west-1,amazonec2-res-18,15.84,1.6473,2.6065
,2026-07-01T00:00:00Z,2026-08-01T00:00:00Z,444455556666,Usage,2026-07-07T00:00:00Z,2026-07-07T01:00:00Z,AmazonEC2,Amazon Elastic Compute Cloud,BoxUsage:m5.large,RunInstances,us-east-1,amazonec2-res-17,45.1,0.2876,0.6684
,2026-07-01T00:00:00Z,2026-08-01T00:00:00Z,111122223333,Usage,2026-07-07T00:00:00Z,2026-07-07T01:00:00Z,AWSDataTransfer,AWS Data Transfer,DataTransfer-Regional-Bytes,RunInstances,eu-west-1,awsdatatransfer-res-15,67.6,1.5478,0.1186
,2026-07-01T00:00:00Z,2026-08-01T00:00:00Z,111122223333,Usage,2026-07-07T00:00:00Z,2026-07-07T01:00:00Z,AmazonRDS,Amazon Relational Database Service,InstanceUsage:db.t3.medium,RunInstances,eu-west-1,amazonrds-res-3,5.48,1.7292,0.3282
,2026-07-01T00:00:00Z,2026-08-01T00:00:00Z,444455556666,Usage,2026-07-07T00:00:00Z,2026-07-07T01:00:00Z,AmazonEC2,Amazon Elastic Compute Cloud,BoxUsage:t3.micro,RunInstances,us-east-1,amazonec2-res-10,41.48,3.8472,3.8315
,2026-07-01T00:00:00Z,2026-08-01T00:00:00Z,444455556666,Usage,2026-07-07T00:00:00Z,2026-07-07T01:00:00Z,AmazonCloudFront,Amazon CloudFront,DataTransfer-Out-Bytes,RunInstances,us-west-2,amazoncloudfront-res-15,87.09,4.5348,1.8845
,2026-07-01T00:00:00Z,2026-08-01T00:00:00Z,444455556666,Usage,2026-07-07T00:00:00Z,2026-07-07T01:00:00Z,AmazonCloudFront,Amazon CloudFront,DataTransfer-Out-Bytes,RunInstances,us-east-1,amazoncloudfront-res-6,99.29,1.9714,0.6455
,2026-07-01T00:00:00Z,2026-08-01T00:00:00Z,111122223333,Usage,2026-07-07T00:00:00Z,2026-07-07T01:00:00Z,AmazonS3,Amazon Simple Storage Service,TimedStorage-ByteHrs,RunInstances,us-west-2,amazons3-res-15,67.68,2.7268,2.6643
,2026-07-01T00:00:00Z,2026-08-01T00:00:00Z,444455556666,Usage,2026-07-07T00:00:00Z,2026-07-07T01:00:00Z,AmazonS3,Amazon Simple Storage Service,TimedStorage-ByteHrs,RunInstances,us-west-2,amazons3-res-5,28.29,4.6877,3.6279
,2026-07-01T00:00:00Z,2026-08-01T00:00:00Z,444455556666,Usage,2026-07-07T00:00:00Z,2026-07-07T01:00:00Z,AmazonEC2,Amazon Elastic Compute Cloud,BoxUsage:t3.micro,RunInstances,eu-west-1,amazonec2-res-25,93.69,4.4463,1.2109
,2026-07-01T00:00:00Z,2026-08-01T00:00:00Z,111122223333,Tax,2026-07-07T00:00:00Z,2026-07-07T01:00:00Z,AmazonEC2,Amazon Elastic Compute Cloud,,,,,0.0,1.61,0.0
,2026-07-01T00:00:00Z,2026-08-01T00:00:00Z,444455556666,Credit,2026-07-07T00:00:00Z,2026-07-07T01:00:00Z,AmazonEC2,Amazon Elastic Compute Cloud,,,,,0.0,-1.98,0.0
,2026-07-01T00:00:00Z,2026-08-01T00:00:00Z,111122223333,Usage,2026-07-08T00:00:00Z,2026-07-08T01:00:00Z,AWSDataTransfer,AWS Data Transfer,DataTransfer-Out-Bytes,RunInstances,eu-west-1,awsdatatransfer-res-2,40.82,1.1794,1.0942
,2026-07-01T00:00:00Z,2026-08-01T00:00:00Z,444455556666,Usage,2026-07-08T00:00:00Z,2026-07-08T01:00:00Z,AmazonEC2,Amazon Elastic Compute Cloud,BoxUsage:m5.large,RunInstances,us-east-1,amazonec2-res-24,58.03,2.8916,3.865
,2026-07-01T00:00:00Z,2026-08-01T00:00:00Z,444455556666,Usage,2026-07-08T00:00:00Z,2026-07-08T01:00:00Z,AmazonRDS,Amazon Relational Database Service,InstanceUsage:db.t3.medium,RunInstances,us-east-1,amazonrds-res-22,52.6,2.0737,1.383
,2026-07-01T00:00:00Z,2026-08-01T00:00:00Z,444455556666,Usage,2026-07-08T00:00:00Z,2026-07-08T01:00:00Z,AmazonVPC,Amazon Virtual Private Cloud,NatGateway-Hours,RunInstances,eu-west-1,amazonvpc-res-16,5.64,1.7286,3.2201
,2026-07-01T00:00:00Z,2026-08-01T00:00:00Z,444455556666,Usage,2026-07-08T00:00:00Z,2026-07-08T01:00:00Z,AWSDataTransfer,AWS Data Transfer,DataTransfer-Regional-Bytes,RunInstances,us-west-2,awsdatatransfer-res-5,30.69,0.9276,2.6943
,2026-07-01T00:00:00Z,2026-08-01T00:00:00Z,444455556666,Usage,2026-07-08T00:00:00Z,2026-07-08T01:00:00Z,AmazonS3,Amazon Simple Storage Service,TimedStorage-ByteHrs,RunInstances,eu-west-1,amazons3-res-5,80.77,4.5746,2.8163
,2026-07-01T00:00:00Z,2026-08-01T00:00:00Z,444455556666,Usage,2026-07-08T00:00:00Z,2026-07-08T01:00:00Z,AWSDataTransfer,AWS Data Transfer,DataTransfer-Out-Bytes,RunInstances,us-east-1,awsdatatransfer-res-9,21.13,3.2371,4.6119
,2026-07-01T00:00:00Z,2026-08-01T00:00:00Z,111122223333,Usage,2026-07-08T00:00:00Z,2026-07-08T01:00:00Z,AmazonRDS,Amazon Relational Database Service,InstanceUsage:db.t3.medium,RunInstances,us-east-1,amazonrds-res-9,38.34,3.0288,0.2073
,2026-07-01T00:00:00Z,2026-08-01T00:00:00Z,111122223333,Usage,2026-07-08T00:00:00Z,2026-07-08T01:00:00Z,AmazonEC2,Amazon Elastic Compute Cloud,BoxUsage:m5.large,RunInstances,us-west-2,amazonec2-res-7,87.08,1.6715,4.7855
,2026-07-01T00:00:00Z,2026-08-01T00:00:00Z,111122223333,Usage,2026-07-08T00:00:00Z,2026-07-08T01:00:00Z,AmazonEC2,Amazon Elastic Compute Cloud,BoxUsage:m5.large,RunInstances,eu-west-1,amazonec2-res-4,74.94,3.7741,4.5731
,2026-07-01T00:00:00Z,2026-08-01T00:00:00Z,444455556666,Usage,2026-07-08T00:00:00Z,2026-07-08T01:00:00Z,AmazonCloudFront,Amazon CloudFront,DataTransfer-Out-Bytes,RunInstances,us-east-1,amazoncloudfront-res-18,32.84,1.4225,2.3366
,2026-07-01T00:00:00Z,2026-08-01T00:00:00Z,444455556666,Usage,2026-07-08T00:00:00Z,2026-07-08T01:00:00Z,AmazonCloudFront,Amazon CloudFront,DataTransfer-Out-Bytes,RunInstances,us-west-2,amazoncloudfront-res-12,51.77,2.4914,0.5021
,2026-07-01T00:00:00Z,2026-08-01T00:00:00Z,444455556666,Usage,2026-07-08T00:00:00Z,2026-07-08T01:00:00Z,AmazonCloudFront,Amazon CloudFront,DataTransfer-Out-Bytes,RunInstances,us-east-1,amazoncloudfront-res-12,31.98,0.2381,4.3218
,2026-07-01T00:00:00Z,2026-08-01T00:00:00Z,111122223333,Usage,2026-07-08T00:00:00Z,2026-07-08T01:00:00Z,AmazonCloudFront,Amazon CloudFront,DataTransfer-Out-Bytes,RunInstances,us-west-2,amazoncloudfront-res-18,93.54,2.8999,2.0937
,2026-07-01T00:00:00Z,2026-08-01T00:00:00Z,444455556666,Usage,2026-07-08T00:00:00Z,2026-07-08T01:00:00Z,AmazonS3,Amazon Simple Storage Service,TimedStorage-ByteHrs,RunInstances,us-east-1,amazons3-res-13,57.41,1.2362,2.7577
,2026-07-01T00:00:00Z,2026-08-01T00:00:00Z,444455556666,Usage,2026-07-08T00:00:00Z,2026-07-08T01:00:00Z,AmazonCloudFront,Amazon CloudFront,DataTransfer-Out-Bytes,RunInstances,us-west-2,amazoncloudfront-res-24,64.53,2.4581,0.8495
,2026-07-01T00:00:00Z,2026-08-01T00:00:00Z,111122223333,Usage,2026-07-08T00:00:00Z,2026-07-08T01:00:00Z,AmazonRDS,Amazon Relational Database Service,InstanceUsage:db.t3.medium,RunInstances,eu-west-1,amazonrds-res-18,49.34,4.5853,2.7153
,2026-07-01T00:00:00Z,2026-08-01T00:00:00Z,111122223333,Usage,2026-07-08T00:00:00Z,2026-07-08T01:00:00Z,AmazonCloudFront,Amazon CloudFront,DataTransfer-Out-Bytes,RunInstances,us-east-1,amazoncloudfront-res-22,5.8,0.0419,0.6961
,2026-07-01T00:00:00Z,2026-08-01T00:00:00Z,111122223333,Usage,2026-07-08T00:00:00Z,2026-07-08T01:00:00Z,AmazonCloudFront,Amazon CloudFront,DataTransfer-Out-Bytes,RunInstances,eu-west-1,amazoncloudfront-res-5,1.91,2.5336,1.8723
,2026-07-01T00:00:00Z,2026-08-01T00:00:00Z,444455556666,Usage,2026-07-08T00:00:00Z,2026-07-08T01:00:00Z,AmazonVPC,Amazon Virtual Private Cloud,NatGateway-Bytes,RunInstances,us-east-1,amazonvpc-res-1,53.69,2.0626,0.0935
,2026-07-01T00:00:00Z,2026-08-01T00:00:00Z,444455556666,Usage,2026-07-08T00:00:00Z,2026-07-08T01:00:00Z,AmazonCloudFront,Amazon CloudFront,DataTransfer-Out-Bytes,RunInstances,us-east-1,amazoncloudfront-res-17,81.5,3.3734,4.0328
,2026-07-01T00:00:00Z,2026-08-01T00:00:00Z,111122223333,Usage,2026-07-08T00:00:00Z,2026-07-08T01:00:00Z,AmazonS3,Amazon Simple Storage Service,TimedStorage-ByteHrs,RunInstances,eu-west-1,amazons3-res-5,24.86,3.1027,1.2696
,2026-07-01T00:00:00Z,2026-08-01T00:00:00Z,444455556666,Usage,2026-07-08T00:00:00Z,2026-07-08T01:00:00Z,AmazonRDS,Amazon Relational Database Service,InstanceUsage:db.t3.medium,RunInstances,us-east-1,amazonrds-res-12,95.97,2.3004,1.2236
,2026-07-01T00:00:00Z,2026-08-01T00:00:00Z,444455556666,Usage,2026-07-08T00:00:00Z,2026-07-08T01:00:00Z,AmazonCloudFront,Amazon CloudFront,DataTransfer-Out-Bytes,RunInstances,eu-west-1,amazoncloudfront-res-3,65.72,4.2925,3.8003
,2026-07-01T00:00:00Z,2026-08-01T00:00:00Z,444455556666,Usage,2026-07-08T00:00:00Z,2026-07-08T01:00:00Z,AmazonEC2,Amazon Elastic Compute Cloud,EBS:VolumeUsage.gp3,RunInstances,us-west-2,amazonec2-res-18,48.12,3.1874,3.5172
,2026-07-01T00:00:00Z,2026-08-01T00:00:00Z,444455556666,Usage,2026-07-08T00:00:00Z,2026-07-08T01:00:00Z,AmazonEC2,Amazon Elastic Compute Cloud,EBS:VolumeUsage.gp3,RunInstances,eu-west-1,amazonec2-res-11,57.02,4.2912,0.4859
,2026-07-01T00:00:00Z,2026-08-01T00:00:00Z,111122223333,Usage,2026-07-08T00:00:00Z,2026-07-08T01:00:00Z,AmazonVPC,Amazon Virtual Private Cloud,NatGateway-Hours,RunInstances,us-east-1,amazonvpc-res-23,88.87,2.3827,0.2423
,2026-07-01T00:00:00Z,2026-08-01T00:00:00Z,111122223333,Usage,2026-07-08T00:00:00Z,2026-07-08T01:00:00Z,AmazonEC2,Amazon Elastic Compute Cloud,DataTransfer-Out-Bytes,RunInstances,us-east-1,amazonec2-res-11,2.55,1.0437,0.7295
,2026-07-01T00:00:00Z,2026-08-01T00:00:00Z,111122223333,Usage,2026-07-08T00:00:00Z,2026-07-08T01:00:00Z,AmazonCloudFront,Amazon CloudFront,DataTransfer-Out-Bytes,RunInstances,us-west-2,amazoncloudfront-res-6,56.83,2.8378,4.2487
,2026-07-01T00:00:00Z,2026-08-01T00:00:00Z,444455556666,Usage,2026-07-08T00:00:00Z,2026-07-08T01:00:00Z,AmazonCloudFront,Amazon CloudFront,DataTransfer-Out-Bytes,RunInstances,eu-west-1,amazoncloudfront-res-5,79.26,3.4497,0.4014
,2026-07-01T00:00:00Z,2026-08-01T00:00:00Z,111122223333,Usage,2026-07-08T00:00:00Z,2026-07-08T01:00:00Z,AmazonCloudFront,Amazon CloudFront,DataTransfer-Out-Bytes,RunInstances,us-east-1,amazoncloudfront-res-14,23.98,0.3893,3.0298
,2026-07-01T00:00:00Z,2026-08-01T00:00:00Z,444455556666,Usage,2026-07-08T00:00:00Z,2026-07-08T01:00:00Z,AmazonVPC,Amazon Virtual Private Cloud,NatGateway-Bytes,RunInstances,us-east-1,amazonvpc-res-21,28.06,4.963,2.4581
,2026-07-01T00:00:00Z,2026-08-01T00:00:00Z,444455556666,Usage,2026-07-08T00:00:00Z,2026-07-08T01:00:00Z,AmazonRDS,Amazon Relational Database Service,InstanceUsage:db.t3.medium,RunInstances,us-east-1,amazonrds-res-22,59.0,1.9066,3.8631
,2026-07-01T00:00:00Z,2026-08-01T00:00:00Z,111122223333,Usage,2026-07-08T00:00:00Z,2026-07-08T01:00:00Z,AmazonRDS,Amazon Relational Database Service,InstanceUsage:db.t3.medium,RunInstances,us-east-1,amazonrds-res-9,16.27,3.5613,3.1732
,2026-07-01T00:00:00Z,2026-08-01T00:00:00Z,444455556666,Usage,2026-07-08T00:00:00Z,2026-07-08T01:00:00Z,AmazonCloudFront,Amazon CloudFront,DataTransfer-Out-Bytes,RunInstances,us-west-2,amazoncloudfront-res-4,10.06,4.7154,2.2292
,2026-07-01T00:00:00Z,2026-08-01T00:00:00Z,111122223333,Usage,2026-07-08T00:00:00Z,2026-07-08T01:00:00Z,AmazonRDS,Amazon Relational Database Service,InstanceUsage:db.t3.medium,RunInstances,us-east-1,amazonrds-res-6,43.67,2.7894,2.5671
,2026-07-01T00:00:00Z,2026-08-01T00:00:00Z,111122223333,Usage,2026-07-08T00:00:00Z,2026-07-08T01:00:00Z,AmazonEC2,Amazon Elastic Compute Cloud,BoxUsage:t3.micro,RunInstances,us-west-2,amazonec2-res-18,10.21,2.9942,1.6289
,2026-07-01T00:00:00Z,2026-08-01T00:00:00Z,444455556666,Usage,2026-07-08T00:00:00Z,2026-07-08T01:00:00Z,AWSDataTransfer,AWS Data Transfer,DataTransfer-Out-Bytes,RunInstances,us-west-2,awsdatatransfer-res-13,78.14,3.627,2.8021
,2026-07-01T00:00:00Z,2026-08-01T00:00:00Z,444455556666,Usage,2026-07-08T00:00:00Z,2026-07-08T01:00:00Z,AmazonS3,Amazon Simple Storage Service,TimedStorage-ByteHrs,RunInstances,us-east-1,amazons3-res-5,27.62,1.3493,0.7382
,2026-07-01T00:00:00Z,2026-08-01T00:00:00Z,444455556666,Usage,2026-07-08T00:00:00Z,2026-07-08T01:00:00Z,AmazonS3,Amazon Simple Storage Service,Requests-Tier1,RunInstances,us-west-2,amazons3-res-10,48.94,0.3938,1.266
,2026-07-01T00:00:00Z,2026-08-01T00:00:00Z,111122223333,Tax,2026-07-08T00:00:00Z,2026-07-08T01:00:00Z,AmazonEC2,Amazon Elastic Compute Cloud,,,,,0.0,3.22,0.0
,2026-07-01T00:00:00Z,2026-08-01T00:00:00Z,444455556666,Credit,2026-07-08T00:00:00Z,2026-07-08T01:00:00Z,AmazonEC2,Amazon Elastic Compute Cloud,,,,,0.0,-2.06,0.0
,2026-07-01T00:00:00Z,2026-08-01T00:00:00Z,444455556666,Usage,2026-07-09T00:00:00Z,2026-07-09T01:00:00Z,AmazonVPC,Amazon Virtual Private Cloud,NatGateway-Hours,RunInstances,us-east-1,amazonvpc-res-5,31.16,4.7446,1.6678
,2026-07-01T00:00:00Z,2026-08-01T00:00:00Z,444455556666,Usage,2026-07-09T00:00:00Z,2026-07-09T01:00:00Z,AmazonVPC,Amazon Virtual Private Cloud,NatGateway-Bytes,RunInstances,us-west-2,amazonvpc-res-11,43.63,4.1194,3.2587
,2026-07-01T00:00:00Z,2026-08-01T00:00:00Z,444455556666,Usage,2026-07-09T00:00:00Z,2026-07-09T01:00:00Z,AmazonVPC,Amazon Virtual Private Cloud,NatGateway-Hours,RunInstances,us-west-2,amazonvpc-res-20,94.78,1.0122,1.5778
,2026-07-01T00:00:00Z,2026-08-01T00:00:00Z,444455556666,Usage,2026-07-09T00:00:00Z,2026-07-09T01:00:00Z,AWSDataTransfer,AWS Data Transfer,DataTransfer-Regional-Bytes,RunInstances,eu-west-1,awsdatatransfer-res-23,63.66,4.8391,3.9121
,2026-07-01T00:00:00Z,2026-08-01T00:00:00Z,444455556666,Usage,2026-07-09T00:00:00Z,2026-07-09T01:00:00Z,AmazonRDS,Amazon Relational Database Service,InstanceUsage:db.t3.medium,RunInstances,us-west-2,amazonrds-res-12,12.27,2.8236,2.9652
,2026-07-01T00:00:00Z,2026-08-01T00:00:00Z,111122223333,Usage,2026-07-09T00:00:00Z,2026-07-09T01:00:00Z,AmazonVPC,Amazon Virtual Private Cloud,NatGateway-Hours,RunInstances,eu-west-1,amazonvpc-res-15,94.35,1.0561,3.9905
,2026-07-01T00:00:00Z,2026-08-01T00:00:00Z,444455556666,Usage,2026-07-09T00:00:00Z,2026-07-09T01:00:00Z,AmazonCloudFront,Amazon CloudFront,DataTransfer-Out-Bytes,RunInstances,eu-west-1,amazoncloudfront-res-16,14.78,1.5211,1.2709
,2026-07-01T00:00:00Z,2026-08-01T00:00:00Z,444455556666,Usage,2026-07-09T00:00:00Z,2026-07-09T01:00:00Z,AmazonS3,Amazon Simple Storage Service,Requests-Tier1,RunInstances,us-east-1,amazons3-res-15,99.08,2.4014,2.01
,2026-07-01T00:00:00Z,2026-08-01T00:00:00Z,111122223333,Usage,2026-07-09T00:00:00Z,2026-07-09T01:00:00Z,AmazonVPC,Amazon Virtual Private Cloud,NatGateway-Bytes,RunInstances,us-west-2,amazonvpc-res-23,89.65,2.6892,3.1945
,2026-07-01T00:00:00Z,2026-08-01T00:00:00Z,111122223333,Usage,2026-07-09T00:00:00Z,2026-07-09T01:00:00Z,AmazonEC2,Amazon Elastic Compute Cloud,BoxUsage:t3.micro,RunInstances,eu-west-1,amazonec2-res-22,36.15,3.2385,0.231
,2026-07-01T00:00:00Z,2026-08-01T00:00:00Z,444455556666,Usage,2026-07-09T00:00:00Z,2026-07-09T01:00:00Z,AmazonCloudFront,Amazon CloudFront,DataTransfer-Out-Bytes,RunInstances,us-west-2,amazoncloudfront-res-4,2.04,1.3011,2.5583
,2026-07-01T00:00:00Z,2026-08-01T00:00:00Z,444455556666,Usage,2026-07-09T00:00:00Z,2026-07-09T01:00:00Z,AmazonVPC,Amazon Virtual Private Cloud,NatGateway-Hours,RunInstances,us-west-2,amazonvpc-res-13,46.84,3.401,3.4553
,2026-07-01T00:00:00Z,2026-08-01T00:00:00Z,111122223333,Usage,2026-07-09T00:00:00Z,2026-07-09T01:00:00Z,AmazonS3,Amazon Simple Storage Service,Requests-Tier1,RunInstances,us-west-2,amazons3-res-4,30.25,4.6035,0.4384
,2026-07-01T00:00:00Z,2026-08-01T00:00:00Z,444455556666,Usage,2026-07-09T00:00:00Z,2026-07-09T01:00:00Z,AmazonCloudFront,Amazon CloudFront,DataTransfer-Out-Bytes,RunInstances,us-west-2,amazoncloudfront-res-11,46.08,1.0423,2.4198
,2026-07-01T00:00:00Z,2026-08-01T00:00:00Z,444455556666,Usage,2026-07-09T00:00:00Z,2026-07-09T01:00:00Z,AWSDataTransfer,AWS Data Transfer,DataTransfer-Out-Bytes,RunInstances,eu-west-1,awsdatatransfer-res-23,45.79,0.3452,0.233
,2026-07-01T00:00:00Z,2026-08-01T00:00:00Z,111122223333,Usage,2026-07-09T00:00:00Z,2026-07-09T01:00:00Z,AmazonCloudFront,Amazon CloudFront,DataTransfer-Out-Bytes,RunInstances,us-west-2,amazoncloudfront-res-21,11.83,4.0023,4.6503
,2026-07-01T00:00:00Z,2026-08-01T00:00:00Z,111122223333,Usage,2026-07-09T00:00:00Z,2026-07-09T01:00:00Z,AmazonCloudFront,Amazon CloudFront,DataTransfer-Out-Bytes,RunInstances,eu-west-1,amazoncloudfront-res-6,33.77,2.1376,2.3157
,2026-07-01T00:00:00Z,2026-08-01T00:00:00Z,111122223333,Usage,2026-07-09T00:00:00Z,2026-07-09T01:00:00Z,AWSDataTransfer,AWS Data Transfer,DataTransfer-Out-Bytes,RunInstances,eu-west-1,awsdatatransfer-res-22,43.78,0.1557,3.0744
,2026-07-01T00:00:00Z,2026-08-01T00:00:00Z,444455556666,Usage,2026-07-09T00:00:00Z,2026-07-09T01:00:00Z,AmazonS3,Amazon Simple Storage Service,Requests-Tier1,RunInstances,us-west-2,amazons3-res-1,70.77,1.0369,3.7641
,2026-07-01T00:00:00Z,2026-08-01T00:00:00Z,111122223333,Usage,2026-07-09T00:00:00Z,2026-07-09T01:00:00Z,AmazonEC2,Amazon Elastic Compute Cloud,BoxUsage:t3.micro,RunInstances,us-west-2,amazonec2-res-11,20.51,0.5786,3.3568
,2026-07-01T00:00:00Z,2026-08-01T00:00:00Z,444455556666,Usage,2026-07-09T00:00:00Z,2026-07-09T01:00:00Z,AWSDataTransfer,AWS Data Transfer,DataTransfer-Regional-Bytes,RunInstances,eu-west-1,awsdatatransfer-res-13,59.11,1.7461,4.2291
,2026-07-01T00:00:00Z,2026-08-01T00:00:00Z,444455556666,Usage,2026-07-09T00:00:00Z,2026-07-09T01:00:00Z,AmazonVPC,Amazon Virtual Private Cloud,NatGateway-Hours,RunInstances,eu-west-1,amazonvpc-res-19,9.39,0.6784,0.5981
,2026-07-01T00:00:00Z,2026-08-01T00:00:00Z,111122223333,Usage,2026-07-09T00:00:00Z,2026-07-09T01:00:00Z,AmazonRDS,Amazon Relational Database Service,InstanceUsage:db.t3.medium,RunInstances,us-west-2,amazonrds-res-23,14.99,1.9484,2.9862
,2026-07-01T00:00:00Z,2026-08-01T00:00:00Z,444455556666,Usage,2026-07-09T00:00:00Z,2026-07-09T01:00:00Z,AmazonVPC,Amazon Virtual Private Cloud,NatGateway-Bytes,RunInstances,us-east-1,amazonvpc-res-16,63.91,3.4702,3.2298
,2026-07-01T00:00:00Z,2026-08-01T00:00:00Z,444455556666,Usage,2026-07-09T00:00:00Z,2026-07-09T01:00:00Z,AmazonS3,Amazon Simple Storage Service,TimedStorage-ByteHrs,RunInstances,us-west-2,amazons3-res-5,19.52,4.2115,3.1009
,2026-07-01T00:00:00Z,2026-08-01T00:00:00Z,444455556666,Usage,2026-07-09T00:00:00Z,2026-07-09T01:00:00Z,AmazonRDS,Amazon Relational Database Service,InstanceUsage:db.t3.medium,RunInstances,us-east-1,amazonrds-res-7,81.71,4.8195,2.5321
,2026-07-01T00:00:00Z,2026-08-01T00:00:00Z,444455556666,Usage,2026-07-09T00:00:00Z,2026-07-09T01:00:00Z,AWSDataTransfer,AWS Data Transfer,DataTransfer-Regional-Bytes,RunInstances,us-west-2,awsdatatransfer-res-23,84.15,2.4486,0.4225
,2026-07-01T00:00:00Z,2026-08-01T00:00:00Z,444455556666,Usage,2026-07-09T00:00:00Z,2026-07-09T01:00:00Z,AmazonEC2,Amazon Elastic Compute Cloud,BoxUsage:m5.large,RunInstances,us-east-1,amazonec2-res-9,23.26,1.4505,3.9059
,2026-07-01T00:00:00Z,2026-08-01T00:00:00Z,111122223333,Usage,2026-07-09T00:00:00Z,2026-07-09T01:00:00Z,AmazonVPC,Amazon Virtual Private Cloud,NatGateway-Bytes,RunInstances,eu-west-1,amazonvpc-res-4,27.52,2.7201,4.9546
,2026-07-01T00:00:00Z,2026-08-01T00:00:00Z,444455556666,Usage,2026-07-09T00:00:00Z,2026-07-09T01:00:00Z,AmazonVPC,Amazon Virtual Private Cloud,NatGateway-Hours,RunInstances,eu-west-1,amazonvpc-res-7,98.99,0.5211,4.1521
,2026-07-01T00:00:00Z,2026-08-01T00:00:00Z,111122223333,Usage,2026-07-09T00:00:00Z,2026-07-09T01:00:00Z,AmazonS3,Amazon Simple Storage Service,Requests-Tier1,RunInstances,us-west-2,amazons3-res-9,35.51,4.0855,2.201
,2026-07-01T00:00:00Z,2026-08-01T00:00:00Z,111122223333,Usage,2026-07-09T00:00:00Z,2026-07-09T01:00:00Z,AmazonEC2,Amazon Elastic Compute Cloud,BoxUsage:m5.large,RunInstances,eu-west-1,amazonec2-res-19,69.22,4.3066,3.0552
,2026-07-01T00:00:00Z,2026-08-01T00:00:00Z,111122223333,Usage,2026-07-09T00:00:00Z,2026-07-09T01:00:00Z,AWSDataTransfer,AWS Data Transfer,DataTransfer-Out-Bytes,RunInstances,us-east-1,awsdatatransfer-res-7,80.74,2.8547,2.6661
,2026-07-01T00:00:00Z,2026-08-01T00:00:00Z,444455556666,Usage,2026-07-09T00:00:00Z,2026-07-09T01:00:00Z,AmazonVPC,Amazon Virtual Private Cloud,NatGateway-Hours,RunInstances,eu-west-1,amazonvpc-res-10,29.64,1.344,4.2915
,2026-07-01T00:00:00Z,2026-08-01T00:00:00Z,111122223333,Usage,2026-07-09T00:00:00Z,2026-07-09T01:00:00Z,AmazonCloudFront,Amazon CloudFront,DataTransfer-Out-Bytes,RunInstances,us-west-2,amazoncloudfront-res-2,99.26,4.3366,0.6432
,2026-07-01T00:00:00Z,2026-08-01T00:00:00Z,111122223333,Usage,2026-07-09T00:00:00Z,2026-07-09T01:00:00Z,AmazonS3,Amazon Simple Storage Service,TimedStorage-ByteHrs,RunInstances,eu-west-1,amazons3-res-11,83.02,3.8098,3.3844
,2026-07-01T00:00:00Z,2026-08-01T00:00:00Z,444455556666,Usage,2026-07-09T00:00:00Z,2026-07-09T01:00:00Z,AWSDataTransfer,AWS Data Transfer,DataTransfer-Out-Bytes,RunInstances,eu-west-1,awsdatatransfer-res-14,38.14,0.3868,3.975
,2026-07-01T00:00:00Z,2026-08-01T00:00:00Z,444455556666,Usage,2026-07-09T00:00:00Z,2026-07-09T01:00:00Z,AmazonEC2,Amazon Elastic Compute Cloud,EBS:VolumeUsage.gp3,RunInstances,eu-west-1,amazonec2-res-12,46.01,2.4453,2.914
,2026-07-01T00:00:00Z,2026-08-01T00:00:00Z,444455556666,Usage,2026-07-09T00:00:00Z,2026-07-09T01:00:00Z,AmazonCloudFront,Amazon CloudFront,DataTransfer-Out-Bytes,RunInstances,eu-west-1,amazoncloudfront-res-22,70.03,4.252,3.9804
,2026-07-01T00:00:00Z,2026-08-01T00:00:00Z,444455556666,Usage,2026-07-09T00:00:00Z,2026-07-09T01:00:00Z,AWSDataTransfer,AWS Data Transfer,DataTransfer-Out-Bytes,RunInstances,us-east-1,awsdatatransfer-res-16,27.59,4.1434,1.6954
,2026-07-01T00:00:00Z,2026-08-01T00:00:00Z,111122223333,Tax,2026-07-09T00:00:00Z,2026-07-09T01:00:00Z,AmazonEC2,Amazon Elastic Compute Cloud,,,,,0.0,6.2,0.0
,2026-07-01T00:00:00Z,2026-08-01T00:00:00Z,444455556666,Credit,2026-07-09T00:00:00Z,2026-07-09T01:00:00Z,AmazonEC2,Amazon Elastic Compute Cloud,,,,,0.0,-1.92,0.0
,2026-07-01T00:00:00Z,2026-08-01T00:00:00Z,111122223333,Usage,2026-07-10T00:00:00Z,2026-07-10T01:00:00Z,AWSDataTransfer,AWS Data Transfer,DataTransfer-Regional-Bytes,RunInstances,us-east-1,awsdatatransfer-res-4,62.99,4.1851,0.0912
,2026-07-01T00:00:00Z,2026-08-01T00:00:00Z,444455556666,Usage,2026-07-10T00:00:00Z,2026-07-10T01:00:00Z,AmazonS3,Amazon Simple Storage Service,Requests-Tier1,RunInstances,us-east-1,amazons3-res-14,21.03,3.4461,0.6682
,2026-07-01T00:00:00Z,2026-08-01T00:00:00Z,111122223333,Usage,2026-07-10T00:00:00Z,2026-07-10T01:00:00Z,AmazonCloudFront,Amazon CloudFront,DataTransfer-Out-Bytes,RunInstances,us-west-2,amazoncloudfront-res-3,65.8,1.2594,1.8655
,2026-07-01T00:00:00Z,2026-08-01T00:00:00Z,111122223333,Usage,2026-07-10T00:00:00Z,2026-07-10T01:00:00Z,AmazonCloudFront,Amazon CloudFront,DataTransfer-Out-Bytes,RunInstances,us-west-2,amazoncloudfront-res-21,31.25,3.5002,1.1784
,2026-07-01T00:00:00Z,2026-08-01T00:00:00Z,111122223333,Usage,2026-07-10T00:00:00Z,2026-07-10T01:00:00Z,AmazonCloudFront,Amazon CloudFront,DataTransfer-Out-Bytes,RunInstances,us-east-1,amazoncloudfront-res-7,48.2,0.6722,1.1387
,2026-07-01T00:00:00Z,2026-08-01T00:00:00Z,111122223333,Usage,2026-07-10T00:00:00Z,2026-07-10T01:00:00Z,AmazonCloudFront,Amazon CloudFront,DataTransfer-Out-Bytes,RunInstances,us-east-1,amazoncloudfront-res-23,35.01,0.6118,4.3031
,2026-07-01T00:00:00Z,2026-08-01T00:00:00Z,444455556666,Usage,2026-07-10T00:00:00Z,2026-07-10T01:00:00Z,AmazonCloudFront,Amazon CloudFront,DataTransfer-Out-Bytes,RunInstances,us-east-1,amazoncloudfront-res-8,38.92,3.6565,0.5211
,2026-07-01T00:00:00Z,2026-08-01T00:00:00Z,444455556666,Usage,2026-07-10T00:00:00Z,2026-07-10T01:00:00Z,AmazonRDS,Amazon Relational Database Service,InstanceUsage:db.t3.medium,RunInstances,us-east-1,amazonrds-res-13,77.57,3.7683,0.6744
,2026-07-01T00:00:00Z,2026-08-01T00:00:00Z,111122223333,Usage,2026-07-10T00:00:00Z,2026-07-10T01:00:00Z,AmazonCloudFront,Amazon CloudFront,DataTransfer-Out-Bytes,RunInstances,eu-west-1,amazoncloudfront-res-19,1.84,3.2536,2.2061
,2026-07-01T00:00:00Z,2026-08-01T00:00:00Z,111122223333,Usage,2026-07-10T00:00:00Z,2026-07-10T01:00:00Z,AmazonCloudFront,Amazon CloudFront,DataTransfer-Out-Bytes,RunInstances,us-west-2,amazoncloudfront-res-20,68.97,4.3012,0.4426
,2026-07-01T00:00:00Z,2026-08-01T00:00:00Z,111122223333,Usage,2026-07-10T00:00:00Z,2026-07-10T01:00:00Z,AmazonEC2,Amazon Elastic Compute Cloud,BoxUsage:m5.large,RunInstances,eu-west-1,amazonec2-res-24,39.02,4.8166,1.5794
,2026-07-01T00:00:00Z,2026-08-01T00:00:00Z,444455556666,Usage,2026-07-10T00:00:00Z,2026-07-10T01:00:00Z,AmazonS3,Amazon Simple Storage Service,TimedStorage-ByteHrs,RunInstances,eu-west-1,amazons3-res-3,25.57,3.009,3.6087
,2026-07-01T00:00:00Z,2026-08-01T00:00:00Z,444455556666,Usage,2026-07-10T00:00:00Z,2026-07-10T01:00:00Z,AmazonRDS,Amazon Relational Database Service,InstanceUsage:db.t3.medium,RunInstances,us-east-1,amazonrds-res-17,61.09,0.9513,1.9648
,2026-07-01T00:00:00Z,2026-08-01T00:00:00Z,111122223333,Usage,2026-07-10T00:00:00Z,2026-07-10T01:00:00Z,AmazonCloudFront,Amazon CloudFront,DataTransfer-Out-Bytes,RunInstances,us-west-2,amazoncloudfront-res-13,12.16,2.5029,2.9737
,2026-07-01T00:00:00Z,2026-08-01T00:00:00Z,444455556666,Usage,2026-07-10T00:00:00Z,2026-07-10T01:00:00Z,AmazonVPC,Amazon Virtual Private Cloud,NatGateway-Hours,RunInstances,us-west-2,amazonvpc-res-5,39.3,4.1965,2.1101
,2026-07-01T00:00:00Z,2026-08-01T00:00:00Z,444455556666,Usage,2026-07-10T00:00:00Z,2026-07-10T01:00:00Z,AmazonVPC,Amazon Virtual Private Cloud,NatGateway-Hours,RunInstances,us-east-1,amazonvpc-res-1,59.15,0.0788,1.0866
,2026-07-01T00:00:00Z,2026-08-01T00:00:00Z,444455556666,Usage,2026-07-10T00:00:00Z,2026-07-10T01:00:00Z,AmazonEC2,Amazon Elastic Compute Cloud,EBS:VolumeUsage.gp3,RunInstances,eu-west-1,amazonec2-res-23,50.6,2.083,3.512
,2026-07-01T00:00:00Z,2026-08-01T00:00:00Z,444455556666,Usage,2026-07-10T00:00:00Z,2026-07-10T01:00:00Z,AmazonEC2,Amazon Elastic Compute Cloud,BoxUsage:m5.large,RunInstances,us-east-1,amazonec2-res-10,8.82,4.6054,4.8718
,2026-07-01T00:00:00Z,2026-08-01T00:00:00Z,444455556666,Usage,2026-07-10T00:00:00Z,2026-07-10T01:00:00Z,AmazonS3,Amazon Simple Storage Service,Requests-Tier1,RunInstances,eu-west-1,amazons3-res-21,76.56,3.2527,3.2193
,2026-07-01T00:00:00Z,2026-08-01T00:00:00Z,111122223333,Usage,2026-07-10T00:00:00Z,2026-07-10T01:00:00Z,AmazonRDS,Amazon Relational Database Service,InstanceUsage:db.t3.medium,RunInstances,us-east-1,amazonrds-res-8,9.54,2.1781,2.2723
,2026-07-01T00:00:00Z,2026-08-01T00:00:00Z,444455556666,Usage,2026-07-10T00:00:00Z,2026-07-10T01:00:00Z,AmazonVPC,Amazon Virtual Private Cloud,NatGateway-Hours,RunInstances,eu-west-1,amazonvpc-res-24,66.15,0.8865,0.0732
,2026-07-01T00:00:00Z,2026-08-01T00:00:00Z,111122223333,Usage,2026-07-10T00:00:00Z,2026-07-10T01:00:00Z,AmazonS3,Amazon Simple Storage Service,TimedStorage-ByteHrs,RunInstances,us-west-2,amazons3-res-12,52.78,3.9171,3.6066
,2026-07-01T00:00:00Z,2026-08-01T00:00:00Z,111122223333,Usage,2026-07-10T00:00:00Z,2026-07-10T01:00:00Z,AmazonS3,Amazon Simple Storage Service,Requests-Tier1,RunInstances,eu-west-1,amazons3-res-25,87.47,3.6673,0.5991
,2026-07-01T00:00:00Z,2026-08-01T00:00:00Z,444455556666,Usage,2026-07-10T00:00:00Z,2026-07-10T01:00:00Z,AmazonEC2,Amazon Elastic Compute Cloud,DataTransfer-Out-Bytes,RunInstances,us-west-2,amazonec2-res-17,7.32,3.5645,2.8875
,2026-07-01T00:00:00Z,2026-08-01T00:00:00Z,444455556666,Usage,2026-07-10T00:00:00Z,2026-07-10T01:00:00Z,AmazonEC2,Amazon Elastic Compute Cloud,EBS:VolumeUsage.gp3,RunInstances,eu-west-1,amazonec2-res-12,6.49,4.2982,0.8427
,2026-07-01T00:00:00Z,2026-08-01T00:00:00Z,111122223333,Usage,2026-07-10T00:00:00Z,2026-07-10T01:00:00Z,AmazonS3,Amazon Simple Storage Service,Requests-Tier1,RunInstances,eu-west-1,amazons3-res-22,72.56,1.1497,2.549
,2026-07-01T00:00:00Z,2026-08-01T00:00:00Z,111122223333,Usage,2026-07-10T00:00:00Z,2026-07-10T01:00:00Z,AmazonEC2,Amazon Elastic Compute Cloud,BoxUsage:t3.micro,RunInstances,us-east-1,amazonec2-res-16,37.03,4.6019,0.903
,2026-07-01T00:00:00Z,2026-08-01T00:00:00Z,111122223333,Usage,2026-07-10T00:00:00Z,2026-07-10T01:00:00Z,AmazonEC2,Amazon Elastic Compute Cloud,EBS:VolumeUsage.gp3,RunInstances,us-west-2,amazonec2-res-8,42.21,3.6042,1.3636
,2026-07-01T00:00:00Z,2026-08-01T00:00:00Z,111122223333,Usage,2026-07-10T00:00:00Z,2026-07-10T01:00:00Z,AmazonEC2,Amazon Elastic Compute Cloud,DataTransfer-Out-Bytes,RunInstances,eu-west-1,amazonec2-res-22,90.29,0.9049,4.0236
,2026-07-01T00:00:00Z,2026-08-01T00:00:00Z,111122223333,Usage,2026-07-10T00:00:00Z,2026-07-10T01:00:00Z,AmazonEC2,Amazon Elastic Compute Cloud,EBS:VolumeUsage.gp3,RunInstances,us-west-2,amazonec2-res-10,77.58,1.5604,0.4411
,2026-07-01T00:00:00Z,2026-08-01T00:00:00Z,444455556666,Usage,2026-07-10T00:00:00Z,2026-07-10T01:00:00Z,AWSDataTransfer,AWS Data Transfer,DataTransfer-Out-Bytes,RunInstances,us-east-1,awsdatatransfer-res-10,56.82,1.5265,3.1174
,2026-07-01T00:00:00Z,2026-08-01T00:00:00Z,444455556666,Usage,2026-07-10T00:00:00Z,2026-07-10T01:00:00Z,AWSDataTransfer,AWS Data Transfer,DataTransfer-Regional-Bytes,RunInstances,us-east-1,awsdatatransfer-res-24,90.14,3.8048,1.2332
,2026-07-01T00:00:00Z,2026-08-01T00:00:00Z,111122223333,Usage,2026-07-10T00:00:00Z,2026-07-10T01:00:00Z,AmazonEC2,Amazon Elastic Compute Cloud,EBS:VolumeUsage.gp3,RunInstances,us-east-1,amazonec2-res-18,35.3,4.1995,4.3872
,2026-07-01T00:00:00Z,2026-08-01T00:00:00Z,444455556666,Usage,2026-07-10T00:00:00Z,2026-07-10T01:00:00Z,AmazonRDS,Amazon Relational Database Service,InstanceUsage:db.t3.medium,RunInstances,eu-west-1,amazonrds-res-24,31.44,1.0339,4.9157
,2026-07-01T00:00:00Z,2026-08-01T00:00:00Z,111122223333,Usage,2026-07-10T00:00:00Z,2026-07-10T01:00:00Z,AWSDataTransfer,AWS Data Transfer,DataTransfer-Regional-Bytes,RunInstances,us-east-1,awsdatatransfer-res-23,28.7,0.2291,1.165
,2026-07-01T00:00:00Z,2026-08-01T00:00:00Z,444455556666,Usage,2026-07-10T00:00:00Z,2026-07-10T01:00:00Z,AmazonVPC,Amazon Virtual Private Cloud,NatGateway-Bytes,RunInstances,us-west-2,amazonvpc-res-24,9.41,0.4869,0.6762
,2026-07-01T00:00:00Z,2026-08-01T00:00:00Z,111122223333,Usage,2026-07-10T00:00:00Z,2026-07-10T01:00:00Z,AWSDataTransfer,AWS Data Transfer,DataTransfer-Out-Bytes,RunInstances,us-west-2,awsdatatransfer-res-22,96.46,1.1915,1.3123
,2026-07-01T00:00:00Z,2026-08-01T00:00:00Z,444455556666,Usage,2026-07-10T00:00:00Z,2026-07-10T01:00:00Z,AmazonRDS,Amazon Relational Database Service,InstanceUsage:db.t3.medium,RunInstances,us-west-2,amazonrds-res-15,27.92,0.3827,1.0215
,2026-07-01T00:00:00Z,2026-08-01T00:00:00Z,111122223333,Usage,2026-07-10T00:00:00Z,2026-07-10T01:00:00Z,AmazonVPC,Amazon Virtual Private Cloud,NatGateway-Hours,RunInstances,us-east-1,amazonvpc-res-6,45.51,1.577,0.6125
,2026-07-01T00:00:00Z,2026-08-01T00:00:00Z,444455556666,Usage,2026-07-10T00:00:00Z,2026-07-10T01:00:00Z,AmazonRDS,Amazon Relational Database Service,InstanceUsage:db.t3.medium,RunInstances,us-west-2,amazonrds-res-15,27.24,0.6084,0.7965
,2026-07-01T00:00:00Z,2026-08-01T00:00:00Z,111122223333,Tax,2026-07-10T00:00:00Z,2026-07-10T01:00:00Z,AmazonEC2,Amazon Elastic Compute Cloud,,,,,0.0,7.17,0.0
,2026-07-01T00:00:00Z,2026-08-01T00:00:00Z,444455556666,Credit,2026-07-10T00:00:00Z,2026-07-10T01:00:00Z,AmazonEC2,Amazon Elastic Compute Cloud,,,,,0.0,-2.57,0.0
,2026-07-01T00:00:00Z,2026-08-01T00:00:00Z,111122223333,Usage,2026-07-11T00:00:00Z,2026-07-11T01:00:00Z,AmazonCloudFront,Amazon CloudFront,DataTransfer-Out-Bytes,RunInstances,us-west-2,amazoncloudfront-res-5,10.03,1.2486,1.7852
,2026-07-01T00:00:00Z,2026-08-01T00:00:00Z,444455556666,Usage,2026-07-11T00:00:00Z,2026-07-11T01:00:00Z,AmazonVPC,Amazon Virtual Private Cloud,NatGateway-Hours,RunInstances,us-west-2,amazonvpc-res-6,4.08,2.0279,2.2665
,2026-07-01T00:00:00Z,2026-08-01T00:00:00Z,111122223333,Usage,2026-07-11T00:00:00Z,2026-07-11T01:00:00Z,AmazonCloudFront,Amazon CloudFront,DataTransfer-Out-Bytes,RunInstances,us-west-2,amazoncloudfront-res-4,80.59,0.7076,0.0697
,2026-07-01T00:00:00Z,2026-08-01T00:00:00Z,111122223333,Usage,2026-07-11T00:00:00Z,2026-07-11T01:00:00Z,AmazonS3,Amazon Simple Storage Service,TimedStorage-ByteHrs,RunInstances,us-west-2,amazons3-res-12,68.94,4.6885,0.4294
,2026-07-01T00:00:00Z,2026-08-01T00:00:00Z,111122223333,Usage,2026-07-11T00:00:00Z,2026-07-11T01:00:00Z,AmazonVPC,Amazon Virtual Private Cloud,NatGateway-Bytes,RunInstances,us-east-1,amazonvpc-res-3,20.58,3.2335,4.0484
,2026-07-01T00:00:00Z,2026-08-01T00:00:00Z,111122223333,Usage,2026-07-11T00:00:00Z,2026-07-11T01:00:00Z,AmazonEC2,Amazon Elastic Compute Cloud,DataTransfer-Out-Bytes,RunInstances,us-east-1,amazonec2-res-15,6.01,4.6214,2.1715
,2026-07-01T00:00:00Z,2026-08-01T00:00:00Z,444455556666,Usage,2026-07-11T00:00:00Z,2026-07-11T01:00:00Z,AmazonCloudFront,Amazon CloudFront,DataTransfer-Out-Bytes,RunInstances,us-east-1,amazoncloudfront-res-13,68.64,0.8723,1.0814
,2026-07-01T00:00:00Z,2026-08-01T00:00:00Z,444455556666,Usage,2026-07-11T00:00:00Z,2026-07-11T01:00:00Z,AmazonS3,Amazon Simple Storage Service,Requests-Tier1,RunInstances,us-west-2,amazons3-res-5,4.43,3.0997,1.2365
,2026-07-01T00:00:00Z,2026-08-01T00:00:00Z,444455556666,Usage,2026-07-11T00:00:00Z,2026-07-11T01:00:00Z,AmazonRDS,Amazon Relational Database Service,InstanceUsage:db.t3.medium,RunInstances,eu-west-1,amazonrds-res-16,7.04,1.4061,0.6948
,2026-07-01T00:00:00Z,2026-08-01T00:00:00Z,111122223333,Usage,2026-07-11T00:00:00Z,2026-07-11T01:00:00Z,AmazonS3,Amazon Simple Storage Service,TimedStorage-ByteHrs,RunInstances,us-west-2,amazons3-res-23,36.55,2.7271,2.4286
,2026-07-01T00:00:00Z,2026-08-01T00:00:00Z,444455556666,Usage,2026-07-11T00:00:00Z,2026-07-11T01:00:00Z,AmazonVPC,Amazon Virtual Private Cloud,NatGateway-Bytes,RunInstances,us-west-2,amazonvpc-res-6,3.58,2.9896,0.1562
,2026-07-01T00:00:00Z,2026-08-01T00:00:00Z,444455556666,Usage,2026-07-11T00:00:00Z,2026-07-11T01:00:00Z,AmazonRDS,Amazon Relational Database Service,InstanceUsage:db.t3.medium,RunInstances,eu-west-1,amazonrds-res-12,76.92,4.998,4.8702
,2026-07-01T00:00:00Z,2026-08-01T00:00:00Z,111122223333,Usage,2026-07-11T00:00:00Z,2026-07-11T01:00:00Z,AmazonEC2,Amazon Elastic Compute Cloud,BoxUsage:m5.large,RunInstances,us-west-2,amazonec2-res-18,81.81,4.5871,0.289
,2026-07-01T00:00:00Z,2026-08-01T00:00:00Z,444455556666,Usage,2026-07-11T00:00:00Z,2026-07-11T01:00:00Z,AmazonS3,Amazon Simple Storage Service,Requests-Tier1,RunInstances,us-east-1,amazons3-res-6,24.42,1.5968,3.6931
,2026-07-01T00:00:00Z,2026-08-01T00:00:00Z,444455556666,Usage,2026-07-11T00:00:00Z,2026-07-11T01:00:00Z,AmazonRDS,Amazon Relational Database Service,InstanceUsage:db.t3.medium,RunInstances,eu-west-1,amazonrds-res-19,15.07,4.7424,4.1851
,2026-07-01T00:00:00Z,2026-08-01T00:00:00Z,111122223333,Usage,2026-07-11T00:00:00Z,2026-07-11T01:00:00Z,AWSDataTransfer,AWS Data Transfer,DataTransfer-Regional-Bytes,RunInstances,us-west-2,awsdatatransfer-res-2,9.94,1.1708,1.1019
,2026-07-01T00:00:00Z,2026-08-01T00:00:00Z,111122223333,Usage,2026-07-11T00:00:00Z,2026-07-11T01:00:00Z,AmazonVPC,Amazon Virtual Private Cloud,NatGateway-Bytes,RunInstances,us-west-2,amazonvpc-res-20,20.94,0.6611,3.5875
,2026-07-01T00:00:00Z,2026-08-01T00:00:00Z,111122223333,Usage,2026-07-11T00:00:00Z,2026-07-11T01:00:00Z,AmazonRDS,Amazon Relational Database Service,InstanceUsage:db.t3.medium,RunInstances,us-east-1,amazonrds-res-19,70.76,0.7168,0.5635
,2026-07-01T00:00:00Z,2026-08-01T00:00:00Z,111122223333,Usage,2026-07-11T00:00:00Z,2026-07-11T01:00:00Z,AmazonVPC,Amazon Virtual Private Cloud,NatGateway-Bytes,RunInstances,us-west-2,amazonvpc-res-23,94.25,1.984,0.5142
,2026-07-01T00:00:00Z,2026-08-01T00:00:00Z,111122223333,Usage,2026-07-11T00:00:00Z,2026-07-11T01:00:00Z,AmazonRDS,Amazon Relational Database Service,InstanceUsage:db.t3.medium,RunInstances,us-east-1,amazonrds-res-24,94.92,3.9613,4.8037
,2026-07-01T00:00:00Z,2026-08-01T00:00:00Z,111122223333,Usage,2026-07-11T00:00:00Z,2026-07-11T01:00:00Z,AmazonCloudFront,Amazon CloudFront,DataTransfer-Out-Bytes,RunInstances,eu-west-1,amazoncloudfront-res-18,69.66,4.6449,3.9371
,2026-07-01T00:00:00Z,2026-08-01T00:00:00Z,444455556666,Usage,2026-07-11T00:00:00Z,2026-07-11T01:00:00Z,AmazonS3,Amazon Simple Storage Service,TimedStorage-ByteHrs,RunInstances,us-west-2,amazons3-res-24,69.16,0.6455,3.6469
,2026-07-01T00:00:00Z,2026-08-01T00:00:00Z,111122223333,Usage,2026-07-11T00:00:00Z,2026-07-11T01:00:00Z,AmazonCloudFront,Amazon CloudFront,DataTransfer-Out-Bytes,RunInstances,us-east-1,amazoncloudfront-res-20,32.5,4.0459,3.0608
,2026-07-01T00:00:00Z,2026-08-01T00:00:00Z,444455556666,Usage,2026-07-11T00:00:00Z,2026-07-11T01:00:00Z,AmazonCloudFront,Amazon CloudFront,DataTransfer-Out-Bytes,RunInstances,us-east-1,amazoncloudfront-res-11,74.79,1.1976,4.9121
,2026-07-01T00:00:00Z,2026-08-01T00:00:00Z,444455556666,Usage,2026-07-11T00:00:00Z,2026-07-11T01:00:00Z,AmazonS3,Amazon Simple Storage Service,TimedStorage-ByteHrs,RunInstances,us-west-2,amazons3-res-1,27.26,1.2552,0.3483
,2026-07-01T00:00:00Z,2026-08-01T00:00:00Z,111122223333,Usage,2026-07-11T00:00:00Z,2026-07-11T01:00:00Z,AmazonRDS,Amazon Relational Database Service,InstanceUsage:db.t3.medium,RunInstances,us-east-1,amazonrds-res-13,44.38,2.1041,0.84
,2026-07-01T00:00:00Z,2026-08-01T00:00:00Z,444455556666,Usage,2026-07-11T00:00:00Z,2026-07-11T01:00:00Z,AWSDataTransfer,AWS Data Transfer,DataTransfer-Regional-Bytes,RunInstances,us-west-2,awsdatatransfer-res-18,38.16,4.1457,3.9458
,2026-07-01T00:00:00Z,2026-08-01T00:00:00Z,111122223333,Usage,2026-07-11T00:00:00Z,2026-07-11T01:00:00Z,AmazonVPC,Amazon Virtual Private Cloud,NatGateway-Hours,RunInstances,us-west-2,amazonvpc-res-3,80.12,0.1767,0.1102
,2026-07-01T00:00:00Z,2026-08-01T00:00:00Z,111122223333,Usage,2026-07-11T00:00:00Z,2026-07-11T01:00:00Z,AmazonRDS,Amazon Relational Database Service,InstanceUsage:db.t3.medium,RunInstances,us-west-2,amazonrds-res-6,88.91,0.8129,0.3843
,2026-07-01T00:00:00Z,2026-08-01T00:00:00Z,444455556666,Usage,2026-07-11T00:00:00Z,2026-07-11T01:00:00Z,AmazonEC2,Amazon Elastic Compute Cloud,DataTransfer-Out-Bytes,RunInstances,eu-west-1,amazonec2-res-1,43.7,3.2716,3.0405
,2026-07-01T00:00:00Z,2026-08-01T00:00:00Z,111122223333,Usage,2026-07-11T00:00:00Z,2026-07-11T01:00:00Z,AWSDataTransfer,AWS Data Transfer,DataTransfer-Out-Bytes,RunInstances,us-east-1,awsdatatransfer-res-11,21.35,0.958,3.489
,2026-07-01T00:00:00Z,2026-08-01T00:00:00Z,444455556666,Usage,2026-07-11T00:00:00Z,2026-07-11T01:00:00Z,AmazonCloudFront,Amazon CloudFront,DataTransfer-Out-Bytes,RunInstances,us-west-2,amazoncloudfront-res-8,10.5,1.9706,2.7528
,2026-07-01T00:00:00Z,2026-08-01T00:00:00Z,111122223333,Usage,2026-07-11T00:00:00Z,2026-07-11T01:00:00Z,AWSDataTransfer,AWS Data Transfer,DataTransfer-Out-Bytes,RunInstances,us-west-2,awsdatatransfer-res-1,43.33,1.4798,3.3135
,2026-07-01T00:00:00Z,2026-08-01T00:00:00Z,111122223333,Usage,2026-07-11T00:00:00Z,2026-07-11T01:00:00Z,AmazonVPC,Amazon Virtual Private Cloud,NatGateway-Bytes,RunInstances,us-east-1,amazonvpc-res-1,21.49,3.1946,4.8855
,2026-07-01T00:00:00Z,2026-08-01T00:00:00Z,444455556666,Usage,2026-07-11T00:00:00Z,2026-07-11T01:00:00Z,AWSDataTransfer,AWS Data Transfer,DataTransfer-Out-Bytes,RunInstances,us-west-2,awsdatatransfer-res-16,49.42,3.3086,0.4648
,2026-07-01T00:00:00Z,2026-08-01T00:00:00Z,111122223333,Usage,2026-07-11T00:00:00Z,2026-07-11T01:00:00Z,AmazonVPC,Amazon Virtual Private Cloud,NatGateway-Bytes,RunInstances,us-west-2,amazonvpc-res-13,37.57,2.2344,1.3238
,2026-07-01T00:00:00Z,2026-08-01T00:00:00Z,111122223333,Usage,2026-07-11T00:00:00Z,2026-07-11T01:00:00Z,AWSDataTransfer,AWS Data Transfer,DataTransfer-Regional-Bytes,RunInstances,us-west-2,awsdatatransfer-res-19,7.1,3.7637,3.3407
,2026-07-01T00:00:00Z,2026-08-01T00:00:00Z,444455556666,Usage,2026-07-11T00:00:00Z,2026-07-11T01:00:00Z,AmazonEC2,Amazon Elastic Compute Cloud,DataTransfer-Out-Bytes,RunInstances,eu-west-1,amazonec2-res-8,55.81,4.2056,4.0938
,2026-07-01T00:00:00Z,2026-08-01T00:00:00Z,111122223333,Usage,2026-07-11T00:00:00Z,2026-07-11T01:00:00Z,AWSDataTransfer,AWS Data Transfer,DataTransfer-Regional-Bytes,RunInstances,us-west-2,awsdatatransfer-res-10,8.82,4.5149,3.5744
,2026-07-01T00:00:00Z,2026-08-01T00:00:00Z,111122223333,Usage,2026-07-11T00:00:00Z,2026-07-11T01:00:00Z,AmazonVPC,Amazon Virtual Private Cloud,NatGateway-Hours,RunInstances,us-west-2,amazonvpc-res-6,94.96,0.8442,1.0673
,2026-07-01T00:00:00Z,2026-08-01T00:00:00Z,111122223333,Tax,2026-07-11T00:00:00Z,2026-07-11T01:00:00Z,AmazonEC2,Amazon Elastic Compute Cloud,,,,,0.0,2.73,0.0
,2026-07-01T00:00:00Z,2026-08-01T00:00:00Z,444455556666,Credit,2026-07-11T00:00:00Z,2026-07-11T01:00:00Z,AmazonEC2,Amazon Elastic Compute Cloud,,,,,0.0,-0.61,0.0
,2026-07-01T00:00:00Z,2026-08-01T00:00:00Z,111122223333,Usage,2026-07-12T00:00:00Z,2026-07-12T01:00:00Z,AmazonEC2,Amazon Elastic Compute Cloud,EBS:VolumeUsage.gp3,RunInstances,eu-west-1,amazonec2-res-5,83.58,1.2969,4.5549
,2026-07-01T00:00:00Z,2026-08-01T00:00:00Z,444455556666,Usage,2026-07-12T00:00:00Z,2026-07-12T01:00:00Z,AmazonEC2,Amazon Elastic Compute Cloud,BoxUsage:t3.micro,RunInstances,eu-west-1,amazonec2-res-13,55.65,4.2846,2.6032
,2026-07-01T00:00:00Z,2026-08-01T00:00:00Z,111122223333,Usage,2026-07-12T00:00:00Z,2026-07-12T01:00:00Z,AmazonEC2,Amazon Elastic Compute Cloud,EBS:VolumeUsage.gp3,RunInstances,us-west-2,amazonec2-res-5,15.67,2.9438,3.7943
,2026-07-01T00:00:00Z,2026-08-01T00:00:00Z,111122223333,Usage,2026-07-12T00:00:00Z,2026-07-12T01:00:00Z,AmazonEC2,Amazon Elastic Compute Cloud,BoxUsage:t3.micro,RunInstances,us-west-2,amazonec2-res-18,88.13,4.3907,1.328
,2026-07-01T00:00:00Z,2026-08-01T00:00:00Z,444455556666,Usage,2026-07-12T00:00:00Z,2026-07-12T01:00:00Z,AmazonCloudFront,Amazon CloudFront,DataTransfer-Out-Bytes,RunInstances,us-east-1,amazoncloudfront-res-6,28.27,0.7278,3.0472
,2026-07-01T00:00:00Z,2026-08-01T00:00:00Z,111122223333,Usage,2026-07-12T00:00:00Z,2026-07-12T01:00:00Z,AmazonCloudFront,Amazon CloudFront,DataTransfer-Out-Bytes,RunInstances,us-west-2,amazoncloudfront-res-11,69.36,0.256,2.3813
,2026-07-01T00:00:00Z,2026-08-01T00:00:00Z,111122223333,Usage,2026-07-12T00:00:00Z,2026-07-12T01:00:00Z,AmazonRDS,Amazon Relational Database Service,InstanceUsage:db.t3.medium,RunInstances,us-west-2,amazonrds-res-10,31.78,4.2158,4.2926
,2026-07-01T00:00:00Z,2026-08-01T00:00:00Z,111122223333,Usage,2026-07-12T00:00:00Z,2026-07-12T01:00:00Z,AmazonCloudFront,Amazon CloudFront,DataTransfer-Out-Bytes,RunInstances,us-east-1,amazoncloudfront-res-10,97.45,2.2211,4.1309
,2026-07-01T00:00:00Z,2026-08-01T00:00:00Z,111122223333,Usage,2026-07-12T00:00:00Z,2026-07-12T01:00:00Z,AmazonRDS,Amazon Relational Database Service,InstanceUsage:db.t3.medium,RunInstances,us-east-1,amazonrds-res-15,21.93,4.1216,3.7073
,2026-07-01T00:00:00Z,2026-08-01T00:00:00Z,111122223333,Usage,2026-07-12T00:00:00Z,2026-07-12T01:00:00Z,AmazonVPC,Amazon Virtual Private Cloud,NatGateway-Bytes,RunInstances,eu-west-1,amazonvpc-res-6,7.5,3.5508,2.0229
,2026-07-01T00:00:00Z,2026-08-01T00:00:00Z,111122223333,Usage,2026-07-12T00:00:00Z,2026-07-12T01:00:00Z,AmazonVPC,Amazon Virtual Private Cloud,NatGateway-Hours,RunInstances,us-east-1,amazonvpc-res-7,83.86,1.255,2.2877
,2026-07-01T00:00:00Z,2026-08-01T00:00:00Z,444455556666,Usage,2026-07-12T00:00:00Z,2026-07-12T01:00:00Z,AmazonRDS,Amazon Relational Database Service,InstanceUsage:db.t3.medium,RunInstances,us-west-2,amazonrds-res-15,51.01,3.1807,0.6281
,2026-07-01T00:00:00Z,2026-08-01T00:00:00Z,444455556666,Usage,2026-07-12T00:00:00Z,2026-07-12T01:00:00Z,AmazonEC2,Amazon Elastic Compute Cloud,BoxUsage:m5.large,RunInstances,us-west-2,amazonec2-res-20,45.16,4.803,2.3782
,2026-07-01T00:00:00Z,2026-08-01T00:00:00Z,444455556666,Usage,2026-07-12T00:00:00Z,2026-07-12T01:00:00Z,AmazonVPC,Amazon Virtual Private Cloud,NatGateway-Bytes,RunInstances,us-east-1,amazonvpc-res-9,75.15,3.4474,1.4325
,2026-07-01T00:00:00Z,2026-08-01T00:00:00Z,111122223333,Usage,2026-07-12T00:00:00Z,2026-07-12T01:00:00Z,AWSDataTransfer,AWS Data Transfer,DataTransfer-Out-Bytes,RunInstances,eu-west-1,awsdatatransfer-res-25,96.53,4.287,3.2404
,2026-07-01T00:00:00Z,2026-08-01T00:00:00Z,444455556666,Usage,2026-07-12T00:00:00Z,2026-07-12T01:00:00Z,AmazonCloudFront,Amazon CloudFront,DataTransfer-Out-Bytes,RunInstances,eu-west-1,amazoncloudfront-res-14,51.81,4.3245,4.836
,2026-07-01T00:00:00Z,2026-08-01T00:00:00Z,444455556666,Usage,2026-07-12T00:00:00Z,2026-07-12T01:00:00Z,AmazonCloudFront,Amazon CloudFront,DataTransfer-Out-Bytes,RunInstances,us-east-1,amazoncloudfront-res-21,18.15,4.0063,1.1266
,2026-07-01T00:00:00Z,2026-08-01T00:00:00Z,444455556666,Usage,2026-07-12T00:00:00Z,2026-07-12T01:00:00Z,AmazonVPC,Amazon Virtual Private Cloud,NatGateway-Bytes,RunInstances,us-west-2,amazonvpc-res-13,85.31,2.3004,1.0989
,2026-07-01T00:00:00Z,2026-08-01T00:00:00Z,111122223333,Usage,2026-07-12T00:00:00Z,2026-07-12T01:00:00Z,AmazonRDS,Amazon Relational Database Service,InstanceUsage:db.t3.medium,RunInstances,us-east-1,amazonrds-res-17,99.94,4.8328,4.1985
,2026-07-01T00:00:00Z,2026-08-01T00:00:00Z,444455556666,Usage,2026-07-12T00:00:00Z,2026-07-12T01:00:00Z,AmazonVPC,Amazon Virtual Private Cloud,NatGateway-Bytes,RunInstances,eu-west-1,amazonvpc-res-4,48.69,1.6881,1.3897
,2026-07-01T00:00:00Z,2026-08-01T00:00:00Z,444455556666,Usage,2026-07-12T00:00:00Z,2026-07-12T01:00:00Z,AmazonRDS,Amazon Relational Database Service,InstanceUsage:db.t3.medium,RunInstances,eu-west-1,amazonrds-res-23,95.27,3.2608,0.9499
,2026-07-01T00:00:00Z,2026-08-01T00:00:00Z,111122223333,Usage,2026-07-12T00:00:00Z,2026-07-12T01:00:00Z,AmazonVPC,Amazon Virtual Private Cloud,NatGateway-Hours,RunInstances,eu-west-1,amazonvpc-res-13,66.39,3.407,3.6092
,2026-07-01T00:00:00Z,2026-08-01T00:00:00Z,444455556666,Usage,2026-07-12T00:00:00Z,2026-07-12T01:00:00Z,AmazonCloudFront,Amazon CloudFront,DataTransfer-Out-Bytes,RunInstances,us-west-2,amazoncloudfront-res-14,41.06,3.6863,2.9193
,2026-07-01T00:00:00Z,2026-08-01T00:00:00Z,444455556666,Usage,2026-07-12T00:00:00Z,2026-07-12T01:00:00Z,AmazonVPC,Amazon Virtual Private Cloud,NatGateway-Hours,RunInstances,eu-west-1,amazonvpc-res-23,23.01,2.6778,3.9266
,2026-07-01T00:00:00Z,2026-08-01T00:00:00Z,444455556666,Usage,2026-07-12T00:00:00Z,2026-07-12T01:00:00Z,AmazonCloudFront,Amazon CloudFront,DataTransfer-Out-Bytes,RunInstances,us-east-1,amazoncloudfront-res-22,87.77,0.9139,0.497
,2026-07-01T00:00:00Z,2026-08-01T00:00:00Z,111122223333,Usage,2026-07-12T00:00:00Z,2026-07-12T01:00:00Z,AmazonS3,Amazon Simple Storage Service,Requests-Tier1,RunInstances,eu-west-1,amazons3-res-11,65.79,1.119,1.1244
,2026-07-01T00:00:00Z,2026-08-01T00:00:00Z,444455556666,Usage,2026-07-12T00:00:00Z,2026-07-12T01:00:00Z,AmazonRDS,Amazon Relational Database Service,InstanceUsage:db.t3.medium,RunInstances,us-west-2,amazonrds-res-9,58.97,2.3242,0.5977
,2026-07-01T00:00:00Z,2026-08-01T00:00:00Z,444455556666,Usage,2026-07-12T00:00:00Z,2026-07-12T01:00:00Z,AmazonEC2,Amazon Elastic Compute Cloud,BoxUsage:t3.micro,RunInstances,us-east-1,amazonec2-res-17,12.86,3.4067,2.6539
,2026-07-01T00:00:00Z,2026-08-01T00:00:00Z,111122223333,Usage,2026-07-12T00:00:00Z,2026-07-12T01:00:00Z,AWSDataTransfer,AWS Data Transfer,DataTransfer-Out-Bytes,RunInstances,us-east-1,awsdatatransfer-res-7,34.92,4.9361,4.4653
,2026-07-01T00:00:00Z,2026-08-01T00:00:00Z,444455556666,Usage,2026-07-12T00:00:00Z,2026-07-12T01:00:00Z,AWSDataTransfer,AWS Data Transfer,DataTransfer-Out-Bytes,RunInstances,eu-west-1,awsdatatransfer-res-6,78.12,2.443,3.1589
,2026-07-01T00:00:00Z,2026-08-01T00:00:00Z,111122223333,Usage,2026-07-12T00:00:00Z,2026-07-12T01:00:00Z,AmazonS3,Amazon Simple Storage Service,Requests-Tier1,RunInstances,us-east-1,amazons3-res-15,28.08,3.8084,0.8513
,2026-07-01T00:00:00Z,2026-08-01T00:00:00Z,111122223333,Usage,2026-07-12T00:00:00Z,2026-07-12T01:00:00Z,AmazonS3,Amazon Simple Storage Service,Requests-Tier1,RunInstances,us-east-1,amazons3-res-20,43.94,2.1528,2.1508
,2026-07-01T00:00:00Z,2026-08-01T00:00:00Z,111122223333,Usage,2026-07-12T00:00:00Z,2026-07-12T01:00:00Z,AWSDataTransfer,AWS Data Transfer,DataTransfer-Regional-Bytes,RunInstances,us-east-1,awsdatatransfer-res-18,20.74,1.8718,0.0802
,2026-07-01T00:00:00Z,2026-08-01T00:00:00Z,111122223333,Usage,2026-07-12T00:00:00Z,2026-07-12T01:00:00Z,AmazonRDS,Amazon Relational Database Service,InstanceUsage:db.t3.medium,RunInstances,eu-west-1,amazonrds-res-1,63.04,1.2516,3.4707
,2026-07-01T00:00:00Z,2026-08-01T00:00:00Z,111122223333,Usage,2026-07-12T00:00:00Z,2026-07-12T01:00:00Z,AmazonRDS,Amazon Relational Database Service,InstanceUsage:db.t3.medium,RunInstances,us-east-1,amazonrds-res-13,50.83,1.5375,0.3358
,2026-07-01T00:00:00Z,2026-08-01T00:00:00Z,444455556666,Usage,2026-07-12T00:00:00Z,2026-07-12T01:00:00Z,AmazonEC2,Amazon Elastic Compute Cloud,DataTransfer-Out-Bytes,RunInstances,us-west-2,amazonec2-res-24,52.51,2.6253,2.174
,2026-07-01T00:00:00Z,2026-08-01T00:00:00Z,444455556666,Usage,2026-07-12T00:00:00Z,2026-07-12T01:00:00Z,AmazonCloudFront,Amazon CloudFront,DataTransfer-Out-Bytes,RunInstances,us-west-2,amazoncloudfront-res-12,75.26,0.8328,4.5354
,2026-07-01T00:00:00Z,2026-08-01T00:00:00Z,111122223333,Usage,2026-07-12T00:00:00Z,2026-07-12T01:00:00Z,AWSDataTransfer,AWS Data Transfer,DataTransfer-Out-Bytes,RunInstances,us-east-1,awsdatatransfer-res-24,98.5,1.0638,0.1193
,2026-07-01T00:00:00Z,2026-08-01T00:00:00Z,111122223333,Usage,2026-07-12T00:00:00Z,2026-07-12T01:00:00Z,AmazonVPC,Amazon Virtual Private Cloud,NatGateway-Hours,RunInstances,us-west-2,amazonvpc-res-23,65.4,0.1964,4.384
,2026-07-01T00:00:00Z,2026-08-01T00:00:00Z,111122223333,Usage,2026-07-12T00:00:00Z,2026-07-12T01:00:00Z,AmazonRDS,Amazon Relational Database Service,InstanceUsage:db.t3.medium,RunInstances,eu-west-1,amazonrds-res-4,65.7,0.1085,3.4519
,2026-07-01T00:00:00Z,2026-08-01T00:00:00Z,111122223333,Tax,2026-07-12T00:00:00Z,2026-07-12T01:00:00Z,AmazonEC2,Amazon Elastic Compute Cloud,,,,,0.0,4.75,0.0
,2026-07-01T00:00:00Z,2026-08-01T00:00:00Z,444455556666,Credit,2026-07-12T00:00:00Z,2026-07-12T01:00:00Z,AmazonEC2,Amazon Elastic Compute Cloud,,,,,0.0,-1.45,0.0
,2026-07-01T00:00:00Z,2026-08-01T00:00:00Z,444455556666,Usage,2026-07-13T00:00:00Z,2026-07-13T01:00:00Z,AmazonVPC,Amazon Virtual Private Cloud,NatGateway-Bytes,RunInstances,eu-west-1,amazonvpc-res-5,21.34,3.4318,0.0564
,2026-07-01T00:00:00Z,2026-08-01T00:00:00Z,444455556666,Usage,2026-07-13T00:00:00Z,2026-07-13T01:00:00Z,AWSDataTransfer,AWS Data Transfer,DataTransfer-Out-Bytes,RunInstances,eu-west-1,awsdatatransfer-res-20,70.37,2.0999,4.4941
,2026-07-01T00:00:00Z,2026-08-01T00:00:00Z,444455556666,Usage,2026-07-13T00:00:00Z,2026-07-13T01:00:00Z,AmazonVPC,Amazon Virtual Private Cloud,NatGateway-Hours,RunInstances,us-east-1,amazonvpc-res-4,50.28,3.0489,3.892
,2026-07-01T00:00:00Z,2026-08-01T00:00:00Z,444455556666,Usage,2026-07-13T00:00:00Z,2026-07-13T01:00:00Z,AmazonVPC,Amazon Virtual Private Cloud,NatGateway-Hours,RunInstances,eu-west-1,amazonvpc-res-14,30.24,0.2066,2.4868
,2026-07-01T00:00:00Z,2026-08-01T00:00:00Z,444455556666,Usage,2026-07-13T00:00:00Z,2026-07-13T01:00:00Z,AmazonS3,Amazon Simple Storage Service,Requests-Tier1,RunInstances,us-east-1,amazons3-res-1,2.26,0.4541,0.5611
,2026-07-01T00:00:00Z,2026-08-01T00:00:00Z,111122223333,Usage,2026-07-13T00:00:00Z,2026-07-13T01:00:00Z,AmazonVPC,Amazon Virtual Private Cloud,NatGateway-Bytes,RunInstances,us-east-1,amazonvpc-res-25,51.66,3.6206,0.5154
,2026-07-01T00:00:00Z,2026-08-01T00:00:00Z,444455556666,Usage,2026-07-13T00:00:00Z,2026-07-13T01:00:00Z,AmazonRDS,Amazon Relational Database Service,InstanceUsage:db.t3.medium,RunInstances,us-west-2,amazonrds-res-9,46.96,0.508,0.8818
,2026-07-01T00:00:00Z,2026-08-01T00:00:00Z,444455556666,Usage,2026-07-13T00:00:00Z,2026-07-13T01:00:00Z,AmazonEC2,Amazon Elastic Compute Cloud,DataTransfer-Out-Bytes,RunInstances,eu-west-1,amazonec2-res-11,43.17,0.5883,4.2577
,2026-07-01T00:00:00Z,2026-08-01T00:00:00Z,111122223333,Usage,2026-07-13T00:00:00Z,2026-07-13T01:00:00Z,AmazonEC2,Amazon Elastic Compute Cloud,BoxUsage:t3.micro,RunInstances,eu-west-1,amazonec2-res-21,17.88,1.7941,2.1942
,2026-07-01T00:00:00Z,2026-08-01T00:00:00Z,111122223333,Usage,2026-07-13T00:00:00Z,2026-07-13T01:00:00Z,AmazonVPC,Amazon Virtual Private Cloud,NatGateway-Bytes,RunInstances,us-west-2,amazonvpc-res-11,19.1,2.0099,4.8119
,2026-07-01T00:00:00Z,2026-08-01T00:00:00Z,444455556666,Usage,2026-07-13T00:00:00Z,2026-07-13T01:00:00Z,AmazonRDS,Amazon Relational Database Service,InstanceUsage:db.t3.medium,RunInstances,us-west-2,amazonrds-res-21,88.73,0.8422,0.6712
,2026-07-01T00:00:00Z,2026-08-01T00:00:00Z,111122223333,Usage,2026-07-13T00:00:00Z,2026-07-13T01:00:00Z,AmazonCloudFront,Amazon CloudFront,DataTransfer-Out-Bytes,RunInstances,us-east-1,amazoncloudfront-res-14,91.21,2.4185,2.849
,2026-07-01T00:00:00Z,2026-08-01T00:00:00Z,444455556666,Usage,2026-07-13T00:00:00Z,2026-07-13T01:00:00Z,AWSDataTransfer,AWS Data Transfer,DataTransfer-Out-Bytes,RunInstances,us-west-2,awsdatatransfer-res-20,3.85,3.4255,4.1943
,2026-07-01T00:00:00Z,2026-08-01T00:00:00Z,444455556666,Usage,2026-07-13T00:00:00Z,2026-07-13T01:00:00Z,AmazonS3,Amazon Simple Storage Service,Requests-Tier1,RunInstances,us-east-1,amazons3-res-14,44.63,0.326,3.2783
,2026-07-01T00:00:00Z,2026-08-01T00:00:00Z,444455556666,Usage,2026-07-13T00:00:00Z,2026-07-13T01:00:00Z,AmazonEC2,Amazon Elastic Compute Cloud,BoxUsage:m5.large,RunInstances,eu-west-1,amazonec2-res-17,69.14,3.095,2.1699
,2026-07-01T00:00:00Z,2026-08-01T00:00:00Z,444455556666,Usage,2026-07-13T00:00:00Z,2026-07-13T01:00:00Z,AmazonCloudFront,Amazon CloudFront,DataTransfer-Out-Bytes,RunInstances,us-west-2,amazoncloudfront-res-22,67.95,1.9305,4.1968
,2026-07-01T00:00:00Z,2026-08-01T00:00:00Z,111122223333,Usage,2026-07-13T00:00:00Z,2026-07-13T01:00:00Z,AmazonVPC,Amazon Virtual Private Cloud,NatGateway-Hours,RunInstances,eu-west-1,amazonvpc-res-6,51.05,2.3518,2.4842
,2026-07-01T00:00:00Z,2026-08-01T00:00:00Z,444455556666,Usage,2026-07-13T00:00:00Z,2026-07-13T01:00:00Z,AmazonS3,Amazon Simple Storage Service,TimedStorage-ByteHrs,RunInstances,us-west-2,amazons3-res-8,33.76,1.398,2.5396
,2026-07-01T00:00:00Z,2026-08-01T00:00:00Z,444455556666,Usage,2026-07-13T00:00:00Z,2026-07-13T01:00:00Z,AmazonVPC,Amazon Virtual Private Cloud,NatGateway-Bytes,RunInstances,us-east-1,amazonvpc-res-3,46.45,4.0083,2.246
,2026-07-01T00:00:00Z,2026-08-01T00:00:00Z,444455556666,Usage,2026-07-13T00:00:00Z,2026-07-13T01:00:00Z,AWSDataTransfer,AWS Data Transfer,DataTransfer-Regional-Bytes,RunInstances,us-east-1,awsdatatransfer-res-16,74.78,0.0987,2.0232
,2026-07-01T00:00:00Z,2026-08-01T00:00:00Z,111122223333,Usage,2026-07-13T00:00:00Z,2026-07-13T01:00:00Z,AmazonEC2,Amazon Elastic Compute Cloud,BoxUsage:t3.micro,RunInstances,eu-west-1,amazonec2-res-20,64.12,4.4517,2.816
,2026-07-01T00:00:00Z,2026-08-01T00:00:00Z,444455556666,Usage,2026-07-13T00:00:00Z,2026-07-13T01:00:00Z,AmazonCloudFront,Amazon CloudFront,DataTransfer-Out-Bytes,RunInstances,us-west-2,amazoncloudfront-res-2,81.84,4.2231,1.6665
,2026-07-01T00:00:00Z,2026-08-01T00:00:00Z,444455556666,Usage,2026-07-13T00:00:00Z,2026-07-13T01:00:00Z,AmazonVPC,Amazon Virtual Private Cloud,NatGateway-Bytes,RunInstances,eu-west-1,amazonvpc-res-15,12.29,3.799,1.1165
,2026-07-01T00:00:00Z,2026-08-01T00:00:00Z,444455556666,Usage,2026-07-13T00:00:00Z,2026-07-13T01:00:00Z,AmazonRDS,Amazon Relational Database Service,InstanceUsage:db.t3.medium,RunInstances,eu-west-1,amazonrds-res-17,38.02,0.5405,4.4854
,2026-07-01T00:00:00Z,2026-08-01T00:00:00Z,444455556666,Usage,2026-07-13T00:00:00Z,2026-07-13T01:00:00Z,AWSDataTransfer,AWS Data Transfer,DataTransfer-Out-Bytes,RunInstances,us-east-1,awsdatatransfer-res-9,61.47,0.9458,4.6518
,2026-07-01T00:00:00Z,2026-08-01T00:00:00Z,444455556666,Usage,2026-07-13T00:00:00Z,2026-07-13T01:00:00Z,AWSDataTransfer,AWS Data Transfer,DataTransfer-Out-Bytes,RunInstances,us-east-1,awsdatatransfer-res-23,34.46,3.7882,0.242
,2026-07-01T00:00:00Z,2026-08-01T00:00:00Z,444455556666,Usage,2026-07-13T00:00:00Z,2026-07-13T01:00:00Z,AmazonCloudFront,Amazon CloudFront,DataTransfer-Out-Bytes,RunInstances,us-west-2,amazoncloudfront-res-22,59.34,2.5259,4.8196
,2026-07-01T00:00:00Z,2026-08-01T00:00:00Z,444455556666,Usage,2026-07-13T00:00:00Z,2026-07-13T01:00:00Z,AmazonEC2,Amazon Elastic Compute Cloud,BoxUsage:t3.micro,RunInstances,eu-west-1,amazonec2-res-16,92.51,3.9076,4.5518
,2026-07-01T00:00:00Z,2026-08-01T00:00:00Z,111122223333,Usage,2026-07-13T00:00:00Z,2026-07-13T01:00:00Z,AmazonCloudFront,Amazon CloudFront,DataTransfer-Out-Bytes,RunInstances,us-east-1,amazoncloudfront-res-13,66.09,3.0347,1.616
,2026-07-01T00:00:00Z,2026-08-01T00:00:00Z,111122223333,Usage,2026-07-13T00:00:00Z,2026-07-13T01:00:00Z,AWSDataTransfer,AWS Data Transfer,DataTransfer-Regional-Bytes,RunInstances,us-west-2,awsdatatransfer-res-13,96.4,4.8528,2.2697
,2026-07-01T00:00:00Z,2026-08-01T00:00:00Z,444455556666,Usage,2026-07-13T00:00:00Z,2026-07-13T01:00:00Z,AmazonS3,Amazon Simple Storage Service,TimedStorage-ByteHrs,RunInstances,eu-west-1,amazons3-res-23,88.76,2.5664,4.2169
,2026-07-01T00:00:00Z,2026-08-01T00:00:00Z,111122223333,Usage,2026-07-13T00:00:00Z,2026-07-13T01:00:00Z,AmazonVPC,Amazon Virtual Private Cloud,NatGateway-Bytes,RunInstances,us-east-1,amazonvpc-res-7,62.79,1.46,1.733
,2026-07-01T00:00:00Z,2026-08-01T00:00:00Z,111122223333,Usage,2026-07-13T00:00:00Z,2026-07-13T01:00:00Z,AmazonCloudFront,Amazon CloudFront,DataTransfer-Out-Bytes,RunInstances,eu-west-1,amazoncloudfront-res-18,69.74,1.6187,0.5859
,2026-07-01T00:00:00Z,2026-08-01T00:00:00Z,444455556666,Usage,2026-07-13T00:00:00Z,2026-07-13T01:00:00Z,AmazonRDS,Amazon Relational Database Service,InstanceUsage:db.t3.medium,RunInstances,eu-west-1,amazonrds-res-24,89.49,2.6742,4.3886
,2026-07-01T00:00:00Z,2026-08-01T00:00:00Z,111122223333,Usage,2026-07-13T00:00:00Z,2026-07-13T01:00:00Z,AWSDataTransfer,AWS Data Transfer,DataTransfer-Out-Bytes,RunInstances,us-east-1,awsdatatransfer-res-13,15.39,3.3546,1.0075
,2026-07-01T00:00:00Z,2026-08-01T00:00:00Z,444455556666,Usage,2026-07-13T00:00:00Z,2026-07-13T01:00:00Z,AmazonS3,Amazon Simple Storage Service,Requests-Tier1,RunInstances,us-east-1,amazons3-res-2,69.37,1.4828,3.7704
,2026-07-01T00:00:00Z,2026-08-01T00:00:00Z,444455556666,Usage,2026-07-13T00:00:00Z,2026-07-13T01:00:00Z,AmazonEC2,Amazon Elastic Compute Cloud,DataTransfer-Out-Bytes,RunInstances,us-east-1,amazonec2-res-20,86.94,3.7001,4.3256
,2026-07-01T00:00:00Z,2026-08-01T00:00:00Z,111122223333,Usage,2026-07-13T00:00:00Z,2026-07-13T01:00:00Z,AmazonCloudFront,Amazon CloudFront,DataTransfer-Out-Bytes,RunInstances,eu-west-1,amazoncloudfront-res-23,29.48,3.3258,4.6332
,2026-07-01T00:00:00Z,2026-08-01T00:00:00Z,444455556666,Usage,2026-07-13T00:00:00Z,2026-07-13T01:00:00Z,AWSDataTransfer,AWS Data Transfer,DataTransfer-Regional-Bytes,RunInstances,eu-west-1,awsdatatransfer-res-2,2.28,1.2642,3.1066
,2026-07-01T00:00:00Z,2026-08-01T00:00:00Z,444455556666,Usage,2026-07-13T00:00:00Z,2026-07-13T01:00:00Z,AWSDataTransfer,AWS Data Transfer,DataTransfer-Out-Bytes,RunInstances,eu-west-1,awsdatatransfer-res-18,74.11,0.9904,3.6273
,2026-07-01T00:00:00Z,2026-08-01T00:00:00Z,111122223333,Tax,2026-07-13T00:00:00Z,2026-07-13T01:00:00Z,AmazonEC2,Amazon Elastic Compute Cloud,,,,,0.0,2.74,0.0
,2026-07-01T00:00:00Z,2026-08-01T00:00:00Z,444455556666,Credit,2026-07-13T00:00:00Z,2026-07-13T01:00:00Z,AmazonEC2,Amazon Elastic Compute Cloud,,,,,0.0,-1.62,0.0
,2026-07-01T00:00:00Z,2026-08-01T00:00:00Z,111122223333,Usage,2026-07-14T00:00:00Z,2026-07-14T01:00:00Z,AmazonCloudFront,Amazon CloudFront,DataTransfer-Out-Bytes,RunInstances,us-east-1,amazoncloudfront-res-24,51.87,1.8922,2.1483
,2026-07-01T00:00:00Z,2026-08-01T00:00:00Z,111122223333,Usage,2026-07-14T00:00:00Z,2026-07-14T01:00:00Z,AmazonVPC,Amazon Virtual Private Cloud,NatGateway-Bytes,RunInstances,us-east-1,amazonvpc-res-19,84.76,0.0382,2.337
,2026-07-01T00:00:00Z,2026-08-01T00:00:00Z,111122223333,Usage,2026-07-14T00:00:00Z,2026-07-14T01:00:00Z,AmazonS3,Amazon Simple Storage Service,TimedStorage-ByteHrs,RunInstances,us-west-2,amazons3-res-20,6.03,4.6626,3.0819
,2026-07-01T00:00:00Z,2026-08-01T00:00:00Z,444455556666,Usage,2026-07-14T00:00:00Z,2026-07-14T01:00:00Z,AmazonCloudFront,Amazon CloudFront,DataTransfer-Out-Bytes,RunInstances,eu-west-1,amazoncloudfront-res-18,36.45,3.9223,1.5961
,2026-07-01T00:00:00Z,2026-08-01T00:00:00Z,111122223333,Usage,2026-07-14T00:00:00Z,2026-07-14T01:00:00Z,AmazonS3,Amazon Simple Storage Service,TimedStorage-ByteHrs,RunInstances,eu-west-1,amazons3-res-6,42.18,2.6898,0.4688
,2026-07-01T00:00:00Z,2026-08-01T00:00:00Z,444455556666,Usage,2026-07-14T00:00:00Z,2026-07-14T01:00:00Z,AmazonS3,Amazon Simple Storage Service,TimedStorage-ByteHrs,RunInstances,us-west-2,amazons3-res-12,30.06,4.752,3.0952
,2026-07-01T00:00:00Z,2026-08-01T00:00:00Z,111122223333,Usage,2026-07-14T00:00:00Z,2026-07-14T01:00:00Z,AWSDataTransfer,AWS Data Transfer,DataTransfer-Out-Bytes,RunInstances,eu-west-1,awsdatatransfer-res-12,45.12,4.5234,3.0724
,2026-07-01T00:00:00Z,2026-08-01T00:00:00Z,111122223333,Usage,2026-07-14T00:00:00Z,2026-07-14T01:00:00Z,AmazonVPC,Amazon Virtual Private Cloud,NatGateway-Hours,RunInstances,eu-west-1,amazonvpc-res-11,38.76,3.9831,0.5757
,2026-07-01T00:00:00Z,2026-08-01T00:00:00Z,111122223333,Usage,2026-07-14T00:00:00Z,2026-07-14T01:00:00Z,AmazonRDS,Amazon Relational Database Service,InstanceUsage:db.t3.medium,RunInstances,eu-west-1,amazonrds-res-25,38.12,4.0161,2.2333
,2026-07-01T00:00:00Z,2026-08-01T00:00:00Z,111122223333,Usage,2026-07-14T00:00:00Z,2026-07-14T01:00:00Z,AmazonEC2,Amazon Elastic Compute Cloud,DataTransfer-Out-Bytes,RunInstances,us-west-2,amazonec2-res-17,9.15,0.4888,4.8584
,2026-07-01T00:00:00Z,2026-08-01T00:00:00Z,111122223333,Usage,2026-07-14T00:00:00Z,2026-07-14T01:00:00Z,AmazonVPC,Amazon Virtual Private Cloud,NatGateway-Hours,RunInstances,us-east-1,amazonvpc-res-22,63.32,1.0737,3.4302
,2026-07-01T00:00:00Z,2026-08-01T00:00:00Z,444455556666,Usage,2026-07-14T00:00:00Z,2026-07-14T01:00:00Z,AmazonEC2,Amazon Elastic Compute Cloud,BoxUsage:m5.large,RunInstances,eu-west-1,amazonec2-res-3,74.94,0.7772,2.3015
,2026-07-01T00:00:00Z,2026-08-01T00:00:00Z,111122223333,Usage,2026-07-14T00:00:00Z,2026-07-14T01:00:00Z,AmazonRDS,Amazon Relational Database Service,InstanceUsage:db.t3.medium,RunInstances,us-east-1,amazonrds-res-2,18.62,1.267,0.3615
,2026-07-01T00:00:00Z,2026-08-01T00:00:00Z,444455556666,Usage,2026-07-14T00:00:00Z,2026-07-14T01:00:00Z,AmazonS3,Amazon Simple Storage Service,Requests-Tier1,RunInstances,us-west-2,amazons3-res-15,63.39,2.1708,0.0943
,2026-07-01T00:00:00Z,2026-08-01T00:00:00Z,111122223333,Usage,2026-07-14T00:00:00Z,2026-07-14T01:00:00Z,AmazonCloudFront,Amazon CloudFront,DataTransfer-Out-Bytes,RunInstances,eu-west-1,amazoncloudfront-res-24,62.22,3.7822,2.9322
,2026-07-01T00:00:00Z,2026-08-01T00:00:00Z,444455556666,Usage,2026-07-14T00:00:00Z,2026-07-14T01:00:00Z,AmazonCloudFront,Amazon CloudFront,DataTransfer-Out-Bytes,RunInstances,eu-west-1,amazoncloudfront-res-4,29.69,3.4325,3.0368
,2026-07-01T00:00:00Z,2026-08-01T00:00:00Z,444455556666,Usage,2026-07-14T00:00:00Z,2026-07-14T01:00:00Z,AmazonRDS,Amazon Relational Database Service,InstanceUsage:db.t3.medium,RunInstances,us-west-2,amazonrds-res-22,4.05,0.7901,1.1071
,2026-07-01T00:00:00Z,2026-08-01T00:00:00Z,444455556666,Usage,2026-07-14T00:00:00Z,2026-07-14T01:00:00Z,AmazonCloudFront,Amazon CloudFront,DataTransfer-Out-Bytes,RunInstances,eu-west-1,amazoncloudfront-res-5,30.51,4.436,4.8272
,2026-07-01T00:00:00Z,2026-08-01T00:00:00Z,111122223333,Usage,2026-07-14T00:00:00Z,2026-07-14T01:00:00Z,AmazonCloudFront,Amazon CloudFront,DataTransfer-Out-Bytes,RunInstances,eu-west-1,amazoncloudfront-res-18,15.0,0.2184,2.8679
,2026-07-01T00:00:00Z,2026-08-01T00:00:00Z,444455556666,Usage,2026-07-14T00:00:00Z,2026-07-14T01:00:00Z,AWSDataTransfer,AWS Data Transfer,DataTransfer-Out-Bytes,RunInstances,us-east-1,awsdatatransfer-res-24,74.4,3.6324,1.0666
,2026-07-01T00:00:00Z,2026-08-01T00:00:00Z,111122223333,Usage,2026-07-14T00:00:00Z,2026-07-14T01:00:00Z,AmazonCloudFront,Amazon CloudFront,DataTransfer-Out-Bytes,RunInstances,us-east-1,amazoncloudfront-res-8,62.07,1.2712,0.582
,2026-07-01T00:00:00Z,2026-08-01T00:00:00Z,444455556666,Usage,2026-07-14T00:00:00Z,2026-07-14T01:00:00Z,AmazonCloudFront,Amazon CloudFront,DataTransfer-Out-Bytes,RunInstances,eu-west-1,amazoncloudfront-res-18,8.24,3.3617,1.2609
,2026-07-01T00:00:00Z,2026-08-01T00:00:00Z,444455556666,Usage,2026-07-14T00:00:00Z,2026-07-14T01:00:00Z,AmazonS3,Amazon Simple Storage Service,Requests-Tier1,RunInstances,us-west-2,amazons3-res-5,67.46,1.1803,1.4328
,2026-07-01T00:00:00Z,2026-08-01T00:00:00Z,444455556666,Usage,2026-07-14T00:00:00Z,2026-07-14T01:00:00Z,AmazonEC2,Amazon Elastic Compute Cloud,BoxUsage:m5.large,RunInstances,us-west-2,amazonec2-res-15,33.51,3.3005,3.4704
,2026-07-01T00:00:00Z,2026-08-01T00:00:00Z,444455556666,Usage,2026-07-14T00:00:00Z,2026-07-14T01:00:00Z,AmazonS3,Amazon Simple Storage Service,Requests-Tier1,RunInstances,us-west-2,amazons3-res-6,1.48,1.2384,1.1154
,2026-07-01T00:00:00Z,2026-08-01T00:00:00Z,444455556666,Usage,2026-07-14T00:00:00Z,2026-07-14T01:00:00Z,AmazonCloudFront,Amazon CloudFront,DataTransfer-Out-Bytes,RunInstances,us-west-2,amazoncloudfront-res-5,68.28,1.6645,2.405
,2026-07-01T00:00:00Z,2026-08-01T00:00:00Z,444455556666,Usage,2026-07-14T00:00:00Z,2026-07-14T01:00:00Z,AWSDataTransfer,AWS Data Transfer,DataTransfer-Regional-Bytes,RunInstances,us-west-2,awsdatatransfer-res-18,11.77,3.2313,0.419
,2026-07-01T00:00:00Z,2026-08-01T00:00:00Z,111122223333,Usage,2026-07-14T00:00:00Z,2026-07-14T01:00:00Z,AmazonRDS,Amazon Relational Database Service,InstanceUsage:db.t3.medium,RunInstances,us-west-2,amazonrds-res-24,88.75,0.3915,0.3862
,2026-07-01T00:00:00Z,2026-08-01T00:00:00Z,444455556666,Usage,2026-07-14T00:00:00Z,2026-07-14T01:00:00Z,AmazonEC2,Amazon Elastic Compute Cloud,BoxUsage:t3.micro,RunInstances,eu-west-1,amazonec2-res-7,90.72,2.7625,2.7219
,2026-07-01T00:00:00Z,2026-08-01T00:00:00Z,111122223333,Usage,2026-07-14T00:00:00Z,2026-07-14T01:00:00Z,AmazonVPC,Amazon Virtual Private Cloud,NatGateway-Bytes,RunInstances,us-west-2,amazonvpc-res-13,23.11,3.863,3.6688
,2026-07-01T00:00:00Z,2026-08-01T00:00:00Z,444455556666,Usage,2026-07-14T00:00:00Z,2026-07-14T01:00:00Z,AmazonRDS,Amazon Relational Database Service,InstanceUsage:db.t3.medium,RunInstances,eu-west-1,amazonrds-res-17,9.96,1.8257,0.0629
,2026-07-01T00:00:00Z,2026-08-01T00:00:00Z,111122223333,Usage,2026-07-14T00:00:00Z,2026-07-14T01:00:00Z,AmazonS3,Amazon Simple Storage Service,TimedStorage-ByteHrs,RunInstances,us-west-2,amazons3-res-6,18.74,4.7441,3.3005
,2026-07-01T00:00:00Z,2026-08-01T00:00:00Z,444455556666,Usage,2026-07-14T00:00:00Z,2026-07-14T01:00:00Z,AmazonS3,Amazon Simple Storage Service,Requests-Tier1,RunInstances,us-east-1,amazons3-res-8,76.39,1.1664,1.3291
,2026-07-01T00:00:00Z,2026-08-01T00:00:00Z,111122223333,Usage,2026-07-14T00:00:00Z,2026-07-14T01:00:00Z,AmazonS3,Amazon Simple Storage Service,TimedStorage-ByteHrs,RunInstances,eu-west-1,amazons3-res-12,39.42,4.5903,4.4089
,2026-07-01T00:00:00Z,2026-08-01T00:00:00Z,111122223333,Usage,2026-07-14T00:00:00Z,2026-07-14T01:00:00Z,AmazonEC2,Amazon Elastic Compute Cloud,DataTransfer-Out-Bytes,RunInstances,eu-west-1,amazonec2-res-17,63.72,1.3747,3.7121
,2026-07-01T00:00:00Z,2026-08-01T00:00:00Z,444455556666,Usage,2026-07-14T00:00:00Z,2026-07-14T01:00:00Z,AmazonVPC,Amazon Virtual Private Cloud,NatGateway-Hours,RunInstances,eu-west-1,amazonvpc-res-13,37.16,3.2701,4.179
,2026-07-01T00:00:00Z,2026-08-01T00:00:00Z,444455556666,Usage,2026-07-14T00:00:00Z,2026-07-14T01:00:00Z,AmazonVPC,Amazon Virtual Private Cloud,NatGateway-Bytes,RunInstances,us-east-1,amazonvpc-res-17,41.18,4.088,1.7317
,2026-07-01T00:00:00Z,2026-08-01T00:00:00Z,111122223333,Usage,2026-07-14T00:00:00Z,2026-07-14T01:00:00Z,AWSDataTransfer,AWS Data Transfer,DataTransfer-Out-Bytes,RunInstances,us-west-2,awsdatatransfer-res-6,23.77,2.5776,1.4112
,2026-07-01T00:00:00Z,2026-08-01T00:00:00Z,111122223333,Usage,2026-07-14T00:00:00Z,2026-07-14T01:00:00Z,AmazonS3,Amazon Simple Storage Service,TimedStorage-ByteHrs,RunInstances,us-west-2,amazons3-res-20,72.01,0.6005,1.1594
,2026-07-01T00:00:00Z,2026-08-01T00:00:00Z,444455556666,Usage,2026-07-14T00:00:00Z,2026-07-14T01:00:00Z,AmazonRDS,Amazon Relational Database Service,InstanceUsage:db.t3.medium,RunInstances,eu-west-1,amazonrds-res-16,48.42,2.958,3.2398
,2026-07-01T00:00:00Z,2026-08-01T00:00:00Z,111122223333,Tax,2026-07-14T00:00:00Z,2026-07-14T01:00:00Z,AmazonEC2,Amazon Elastic Compute Cloud,,,,,0.0,4.7,0.0
,2026-07-01T00:00:00Z,2026-08-01T00:00:00Z,444455556666,Credit,2026-07-14T00:00:00Z,2026-07-14T01:00:00Z,AmazonEC2,Amazon Elastic Compute Cloud,,,,,0.0,-1.11,0.0
,2026-07-01T00:00:00Z,2026-08-01T00:00:00Z,111122223333,Usage,2026-07-15T00:00:00Z,2026-07-15T01:00:00Z,AmazonS3,Amazon Simple Storage Service,TimedStorage-ByteHrs,RunInstances,eu-west-1,amazons3-res-17,4.88,2.8656,0.289
,2026-07-01T00:00:00Z,2026-08-01T00:00:00Z,444455556666,Usage,2026-07-15T00:00:00Z,2026-07-15T01:00:00Z,AmazonRDS,Amazon Relational Database Service,InstanceUsage:db.t3.medium,RunInstances,eu-west-1,amazonrds-res-19,64.12,4.3938,3.6426
,2026-07-01T00:00:00Z,2026-08-01T00:00:00Z,111122223333,Usage,2026-07-15T00:00:00Z,2026-07-15T01:00:00Z,AmazonRDS,Amazon Relational Database Service,InstanceUsage:db.t3.medium,RunInstances,us-west-2,amazonrds-res-20,99.28,4.3378,0.8611
,2026-07-01T00:00:00Z,2026-08-01T00:00:00Z,111122223333,Usage,2026-07-15T00:00:00Z,2026-07-15T01:00:00Z,AWSDataTransfer,AWS Data Transfer,DataTransfer-Out-Bytes,RunInstances,eu-west-1,awsdatatransfer-res-22,51.57,0.8469,3.4311
,2026-07-01T00:00:00Z,2026-08-01T00:00:00Z,111122223333,Usage,2026-07-15T00:00:00Z,2026-07-15T01:00:00Z,AWSDataTransfer,AWS Data Transfer,DataTransfer-Out-Bytes,RunInstances,us-west-2,awsdatatransfer-res-13,14.09,0.0926,2.6183
,2026-07-01T00:00:00Z,2026-08-01T00:00:00Z,111122223333,Usage,2026-07-15T00:00:00Z,2026-07-15T01:00:00Z,AmazonVPC,Amazon Virtual Private Cloud,NatGateway-Bytes,RunInstances,eu-west-1,amazonvpc-res-4,18.56,4.509,3.0031
,2026-07-01T00:00:00Z,2026-08-01T00:00:00Z,111122223333,Usage,2026-07-15T00:00:00Z,2026-07-15T01:00:00Z,AmazonVPC,Amazon Virtual Private Cloud,NatGateway-Hours,RunInstances,us-west-2,amazonvpc-res-22,13.9,3.0213,4.1393
,2026-07-01T00:00:00Z,2026-08-01T00:00:00Z,444455556666,Usage,2026-07-15T00:00:00Z,2026-07-15T01:00:00Z,AmazonCloudFront,Amazon CloudFront,DataTransfer-Out-Bytes,RunInstances,us-west-2,amazoncloudfront-res-2,70.07,2.1505,4.6927
,2026-07-01T00:00:00Z,2026-08-01T00:00:00Z,444455556666,Usage,2026-07-15T00:00:00Z,2026-07-15T01:00:00Z,AWSDataTransfer,AWS Data Transfer,DataTransfer-Regional-Bytes,RunInstances,eu-west-1,awsdatatransfer-res-24,90.88,4.1876,2.8848
,2026-07-01T00:00:00Z,2026-08-01T00:00:00Z,444455556666,Usage,2026-07-15T00:00:00Z,2026-07-15T01:00:00Z,AWSDataTransfer,AWS Data Transfer,DataTransfer-Out-Bytes,RunInstances,us-west-2,awsdatatransfer-res-25,24.02,4.2967,1.4235
,2026-07-01T00:00:00Z,2026-08-01T00:00:00Z,444455556666,Usage,2026-07-15T00:00:00Z,2026-07-15T01:00:00Z,AmazonVPC,Amazon Virtual Private Cloud,NatGateway-Bytes,RunInstances,us-east-1,amazonvpc-res-1,71.21,3.9492,2.8942
,2026-07-01T00:00:00Z,2026-08-01T00:00:00Z,444455556666,Usage,2026-07-15T00:00:00Z,2026-07-15T01:00:00Z,AmazonEC2,Amazon Elastic Compute Cloud,BoxUsage:t3.micro,RunInstances,eu-west-1,amazonec2-res-7,69.09,1.5863,1.8177
,2026-07-01T00:00:00Z,2026-08-01T00:00:00Z,444455556666,Usage,2026-07-15T00:00:00Z,2026-07-15T01:00:00Z,AmazonS3,Amazon Simple Storage Service,Requests-Tier1,RunInstances,us-west-2,amazons3-res-18,42.93,1.8346,1.385
,2026-07-01T00:00:00Z,2026-08-01T00:00:00Z,111122223333,Usage,2026-07-15T00:00:00Z,2026-07-15T01:00:00Z,AmazonCloudFront,Amazon CloudFront,DataTransfer-Out-Bytes,RunInstances,us-west-2,amazoncloudfront-res-18,78.6,2.4175,1.8574
,2026-07-01T00:00:00Z,2026-08-01T00:00:00Z,444455556666,Usage,2026-07-15T00:00:00Z,2026-07-15T01:00:00Z,AmazonVPC,Amazon Virtual Private Cloud,NatGateway-Bytes,RunInstances,us-west-2,amazonvpc-res-19,35.09,3.5304,3.6816
,2026-07-01T00:00:00Z,2026-08-01T00:00:00Z,111122223333,Usage,2026-07-15T00:00:00Z,2026-07-15T01:00:00Z,AmazonCloudFront,Amazon CloudFront,DataTransfer-Out-Bytes,RunInstances,us-west-2,amazoncloudfront-res-23,94.98,0.5104,2.5466
,2026-07-01T00:00:00Z,2026-08-01T00:00:00Z,111122223333,Usage,2026-07-15T00:00:00Z,2026-07-15T01:00:00Z,AmazonRDS,Amazon Relational Database Service,InstanceUsage:db.t3.medium,RunInstances,us-west-2,amazonrds-res-21,1.52,0.4645,0.7352
,2026-07-01T00:00:00Z,2026-08-01T00:00:00Z,111122223333,Usage,2026-07-15T00:00:00Z,2026-07-15T01:00:00Z,AmazonVPC,Amazon Virtual Private Cloud,NatGateway-Bytes,RunInstances,us-east-1,amazonvpc-res-9,22.96,0.4094,0.1984
,2026-07-01T00:00:00Z,2026-08-01T00:00:00Z,444455556666,Usage,2026-07-15T00:00:00Z,2026-07-15T01:00:00Z,AWSDataTransfer,AWS Data Transfer,DataTransfer-Regional-Bytes,RunInstances,eu-west-1,awsdatatransfer-res-20,6.69,3.8703,0.8846
,2026-07-01T00:00:00Z,2026-08-01T00:00:00Z,111122223333,Usage,2026-07-15T00:00:00Z,2026-07-15T01:00:00Z,AWSDataTransfer,AWS Data Transfer,DataTransfer-Regional-Bytes,RunInstances,us-east-1,awsdatatransfer-res-22,93.15,2.5956,0.9818
,2026-07-01T00:00:00Z,2026-08-01T00:00:00Z,111122223333,Usage,2026-07-15T00:00:00Z,2026-07-15T01:00:00Z,AmazonVPC,Amazon Virtual Private Cloud,NatGateway-Hours,RunInstances,eu-west-1,amazonvpc-res-2,36.61,3.2785,4.8785
,2026-07-01T00:00:00Z,2026-08-01T00:00:00Z,444455556666,Usage,2026-07-15T00:00:00Z,2026-07-15T01:00:00Z,AmazonEC2,Amazon Elastic Compute Cloud,DataTransfer-Out-Bytes,RunInstances,us-west-2,amazonec2-res-22,40.12,2.9345,2.5935
,2026-07-01T00:00:00Z,2026-08-01T00:00:00Z,111122223333,Usage,2026-07-15T00:00:00Z,2026-07-15T01:00:00Z,AmazonCloudFront,Amazon CloudFront,DataTransfer-Out-Bytes,RunInstances,eu-west-1,amazoncloudfront-res-10,72.89,2.8,2.9188
,2026-07-01T00:00:00Z,2026-08-01T00:00:00Z,111122223333,Usage,2026-07-15T00:00:00Z,2026-07-15T01:00:00Z,AmazonRDS,Amazon Relational Database Service,InstanceUsage:db.t3.medium,RunInstances,eu-west-1,amazonrds-res-7,46.02,2.0257,0.0332
,2026-07-01T00:00:00Z,2026-08-01T00:00:00Z,111122223333,Usage,2026-07-15T00:00:00Z,2026-07-15T01:00:00Z,AmazonS3,Amazon Simple Storage Service,Requests-Tier1,RunInstances,eu-west-1,amazons3-res-3,50.81,1.7064,0.5939
,2026-07-01T00:00:00Z,2026-08-01T00:00:00Z,444455556666,Usage,2026-07-15T00:00:00Z,2026-07-15T01:00:00Z,AmazonVPC,Amazon Virtual Private Cloud,NatGateway-Bytes,RunInstances,eu-west-1,amazonvpc-res-15,96.64,2.8202,3.8521
,2026-07-01T00:00:00Z,2026-08-01T00:00:00Z,444455556666,Usage,2026-07-15T00:00:00Z,2026-07-15T01:00:00Z,AmazonRDS,Amazon Relational Database Service,InstanceUsage:db.t3.medium,RunInstances,eu-west-1,amazonrds-res-1,48.72,1.2965,1.9195
,2026-07-01T00:00:00Z,2026-08-01T00:00:00Z,444455556666,Usage,2026-07-15T00:00:00Z,2026-07-15T01:00:00Z,AmazonS3,Amazon Simple Storage Service,TimedStorage-ByteHrs,RunInstances,us-west-2,amazons3-res-12,52.13,0.0585,4.1626
,2026-07-01T00:00:00Z,2026-08-01T00:00:00Z,111122223333,Usage,2026-07-15T00:00:00Z,2026-07-15T01:00:00Z,AmazonS3,Amazon Simple Storage Service,Requests-Tier1,RunInstances,us-west-2,amazons3-res-22,75.13,1.7165,2.7772
,2026-07-01T00:00:00Z,2026-08-01T00:00:00Z,444455556666,Usage,2026-07-15T00:00:00Z,2026-07-15T01:00:00Z,AmazonS3,Amazon Simple Storage Service,Requests-Tier1,RunInstances,us-west-2,amazons3-res-7,89.54,1.3527,4.7361
,2026-07-01T00:00:00Z,2026-08-01T00:00:00Z,444455556666,Usage,2026-07-15T00:00:00Z,2026-07-15T01:00:00Z,AmazonCloudFront,Amazon CloudFront,DataTransfer-Out-Bytes,RunInstances,eu-west-1,amazoncloudfront-res-7,24.25,1.2179,1.3344
,2026-07-01T00:00:00Z,2026-08-01T00:00:00Z,111122223333,Usage,2026-07-15T00:00:00Z,2026-07-15T01:00:00Z,AmazonS3,Amazon Simple Storage Service,TimedStorage-ByteHrs,RunInstances,eu-west-1,amazons3-res-12,16.44,0.5424,4.6017
,2026-07-01T00:00:00Z,2026-08-01T00:00:00Z,111122223333,Usage,2026-07-15T00:00:00Z,2026-07-15T01:00:00Z,AmazonCloudFront,Amazon CloudFront,DataTransfer-Out-Bytes,RunInstances,eu-west-1,amazoncloudfront-res-2,84.95,1.8623,1.5839
,2026-07-01T00:00:00Z,2026-08-01T00:00:00Z,444455556666,Usage,2026-07-15T00:00:00Z,2026-07-15T01:00:00Z,AmazonVPC,Amazon Virtual Private Cloud,NatGateway-Bytes,RunInstances,us-east-1,amazonvpc-res-25,91.68,1.4085,1.1182
,2026-07-01T00:00:00Z,2026-08-01T00:00:00Z,111122223333,Usage,2026-07-15T00:00:00Z,2026-07-15T01:00:00Z,AmazonVPC,Amazon Virtual Private Cloud,NatGateway-Hours,RunInstances,eu-west-1,amazonvpc-res-14,48.35,2.7084,2.5174
,2026-07-01T00:00:00Z,2026-08-01T00:00:00Z,444455556666,Usage,2026-07-15T00:00:00Z,2026-07-15T01:00:00Z,AWSDataTransfer,AWS Data Transfer,DataTransfer-Out-Bytes,RunInstances,us-east-1,awsdatatransfer-res-23,52.3,1.5851,0.052
,2026-07-01T00:00:00Z,2026-08-01T00:00:00Z,444455556666,Usage,2026-07-15T00:00:00Z,2026-07-15T01:00:00Z,AmazonCloudFront,Amazon CloudFront,DataTransfer-Out-Bytes,RunInstances,eu-west-1,amazoncloudfront-res-4,33.22,3.0678,1.3059
,2026-07-01T00:00:00Z,2026-08-01T00:00:00Z,111122223333,Usage,2026-07-15T00:00:00Z,2026-07-15T01:00:00Z,AmazonVPC,Amazon Virtual Private Cloud,NatGateway-Bytes,RunInstances,us-west-2,amazonvpc-res-16,95.89,1.7221,0.9277
,2026-07-01T00:00:00Z,2026-08-01T00:00:00Z,444455556666,Usage,2026-07-15T00:00:00Z,2026-07-15T01:00:00Z,AWSDataTransfer,AWS Data Transfer,DataTransfer-Out-Bytes,RunInstances,eu-west-1,awsdatatransfer-res-25,37.86,4.2731,1.4054
,2026-07-01T00:00:00Z,2026-08-01T00:00:00Z,111122223333,Usage,2026-07-15T00:00:00Z,2026-07-15T01:00:00Z,AmazonS3,Amazon Simple Storage Service,TimedStorage-ByteHrs,RunInstances,us-east-1,amazons3-res-24,27.72,1.1867,2.1668
,2026-07-01T00:00:00Z,2026-08-01T00:00:00Z,111122223333,Tax,2026-07-15T00:00:00Z,2026-07-15T01:00:00Z,AmazonEC2,Amazon Elastic Compute Cloud,,,,,0.0,4.43,0.0
,2026-07-01T00:00:00Z,2026-08-01T00:00:00Z,444455556666,Credit,2026-07-15T00:00:00Z,2026-07-15T01:00:00Z,AmazonEC2,Amazon Elastic Compute Cloud,,,,,0.0,-0.86,0.0
,2026-07-01T00:00:00Z,2026-08-01T00:00:00Z,444455556666,Usage,2026-07-16T00:00:00Z,2026-07-16T01:00:00Z,AmazonCloudFront,Amazon CloudFront,DataTransfer-Out-Bytes,RunInstances,us-east-1,amazoncloudfront-res-6,42.73,2.7241,17.8697
,2026-07-01T00:00:00Z,2026-08-01T00:00:00Z,444455556666,Usage,2026-07-16T00:00:00Z,2026-07-16T01:00:00Z,AmazonCloudFront,Amazon CloudFront,DataTransfer-Out-Bytes,RunInstances,us-west-2,amazoncloudfront-res-9,56.65,11.374,7.9921
,2026-07-01T00:00:00Z,2026-08-01T00:00:00Z,111122223333,Usage,2026-07-16T00:00:00Z,2026-07-16T01:00:00Z,AmazonCloudFront,Amazon CloudFront,DataTransfer-Out-Bytes,RunInstances,us-east-1,amazoncloudfront-res-9,48.18,12.612,9.0191
,2026-07-01T00:00:00Z,2026-08-01T00:00:00Z,444455556666,Usage,2026-07-16T00:00:00Z,2026-07-16T01:00:00Z,AmazonRDS,Amazon Relational Database Service,InstanceUsage:db.t3.medium,RunInstances,us-west-2,amazonrds-res-18,56.19,16.2079,6.909
,2026-07-01T00:00:00Z,2026-08-01T00:00:00Z,444455556666,Usage,2026-07-16T00:00:00Z,2026-07-16T01:00:00Z,AWSDataTransfer,AWS Data Transfer,DataTransfer-Out-Bytes,RunInstances,eu-west-1,awsdatatransfer-res-20,20.7,11.5349,12.9967
,2026-07-01T00:00:00Z,2026-08-01T00:00:00Z,444455556666,Usage,2026-07-16T00:00:00Z,2026-07-16T01:00:00Z,AmazonS3,Amazon Simple Storage Service,Requests-Tier1,RunInstances,us-west-2,amazons3-res-22,51.53,15.5039,8.9607
,2026-07-01T00:00:00Z,2026-08-01T00:00:00Z,444455556666,Usage,2026-07-16T00:00:00Z,2026-07-16T01:00:00Z,AmazonEC2,Amazon Elastic Compute Cloud,EBS:VolumeUsage.gp3,RunInstances,us-west-2,amazonec2-res-21,95.7,17.3704,12.826
,2026-07-01T00:00:00Z,2026-08-01T00:00:00Z,444455556666,Usage,2026-07-16T00:00:00Z,2026-07-16T01:00:00Z,AmazonRDS,Amazon Relational Database Service,InstanceUsage:db.t3.medium,RunInstances,us-east-1,amazonrds-res-3,17.04,4.5952,6.3649
,2026-07-01T00:00:00Z,2026-08-01T00:00:00Z,444455556666,Usage,2026-07-16T00:00:00Z,2026-07-16T01:00:00Z,AmazonRDS,Amazon Relational Database Service,InstanceUsage:db.t3.medium,RunInstances,us-west-2,amazonrds-res-15,78.32,18.7778,14.968
,2026-07-01T00:00:00Z,2026-08-01T00:00:00Z,444455556666,Usage,2026-07-16T00:00:00Z,2026-07-16T01:00:00Z,AmazonVPC,Amazon Virtual Private Cloud,NatGateway-Bytes,RunInstances,us-east-1,amazonvpc-res-6,85.57,2.5358,4.7232
,2026-07-01T00:00:00Z,2026-08-01T00:00:00Z,111122223333,Usage,2026-07-16T00:00:00Z,2026-07-16T01:00:00Z,AmazonRDS,Amazon Relational Database Service,InstanceUsage:db.t3.medium,RunInstances,us-east-1,amazonrds-res-13,11.2,1.3133,17.5787
,2026-07-01T00:00:00Z,2026-08-01T00:00:00Z,111122223333,Usage,2026-07-16T00:00:00Z,2026-07-16T01:00:00Z,AmazonVPC,Amazon Virtual Private Cloud,NatGateway-Hours,RunInstances,us-west-2,amazonvpc-res-17,76.73,1.7017,5.2785
,2026-07-01T00:00:00Z,2026-08-01T00:00:00Z,444455556666,Usage,2026-07-16T00:00:00Z,2026-07-16T01:00:00Z,AmazonS3,Amazon Simple Storage Service,TimedStorage-ByteHrs,RunInstances,us-west-2,amazons3-res-8,25.49,5.7121,12.5446
,2026-07-01T00:00:00Z,2026-08-01T00:00:00Z,111122223333,Usage,2026-07-16T00:00:00Z,2026-07-16T01:00:00Z,AmazonS3,Amazon Simple Storage Service,TimedStorage-ByteHrs,RunInstances,us-east-1,amazons3-res-22,36.33,18.3088,17.2903
,2026-07-01T00:00:00Z,2026-08-01T00:00:00Z,444455556666,Usage,2026-07-16T00:00:00Z,2026-07-16T01:00:00Z,AWSDataTransfer,AWS Data Transfer,DataTransfer-Regional-Bytes,RunInstances,us-east-1,awsdatatransfer-res-23,54.39,11.833,9.1526
,2026-07-01T00:00:00Z,2026-08-01T00:00:00Z,444455556666,Usage,2026-07-16T00:00:00Z,2026-07-16T01:00:00Z,AmazonCloudFront,Amazon CloudFront,DataTransfer-Out-Bytes,RunInstances,us-west-2,amazoncloudfront-res-16,54.43,16.102,8.8595
,2026-07-01T00:00:00Z,2026-08-01T00:00:00Z,444455556666,Usage,2026-07-16T00:00:00Z,2026-07-16T01:00:00Z,AmazonRDS,Amazon Relational Database Service,InstanceUsage:db.t3.medium,RunInstances,us-east-1,amazonrds-res-10,2.05,10.4854,15.1755
,2026-07-01T00:00:00Z,2026-08-01T00:00:00Z,444455556666,Usage,2026-07-16T00:00:00Z,2026-07-16T01:00:00Z,AmazonS3,Amazon Simple Storage Service,Requests-Tier1,RunInstances,us-west-2,amazons3-res-18,1.82,18.4449,18.9413
,2026-07-01T00:00:00Z,2026-08-01T00:00:00Z,111122223333,Usage,2026-07-16T00:00:00Z,2026-07-16T01:00:00Z,AWSDataTransfer,AWS Data Transfer,DataTransfer-Regional-Bytes,RunInstances,us-west-2,awsdatatransfer-res-10,60.1,15.9435,10.9823
,2026-07-01T00:00:00Z,2026-08-01T00:00:00Z,444455556666,Usage,2026-07-16T00:00:00Z,2026-07-16T01:00:00Z,AmazonS3,Amazon Simple Storage Service,Requests-Tier1,RunInstances,us-west-2,amazons3-res-8,17.16,14.7529,7.8189
,2026-07-01T00:00:00Z,2026-08-01T00:00:00Z,444455556666,Usage,2026-07-16T00:00:00Z,2026-07-16T01:00:00Z,AWSDataTransfer,AWS Data Transfer,DataTransfer-Out-Bytes,RunInstances,us-east-1,awsdatatransfer-res-14,62.91,10.3515,16.0072
,2026-07-01T00:00:00Z,2026-08-01T00:00:00Z,444455556666,Usage,2026-07-16T00:00:00Z,2026-07-16T01:00:00Z,AmazonVPC,Amazon Virtual Private Cloud,NatGateway-Bytes,RunInstances,eu-west-1,amazonvpc-res-24,53.66,5.4057,3.7925
,2026-07-01T00:00:00Z,2026-08-01T00:00:00Z,111122223333,Usage,2026-07-16T00:00:00Z,2026-07-16T01:00:00Z,AmazonEC2,Amazon Elastic Compute Cloud,BoxUsage:m5.large,RunInstances,us-west-2,amazonec2-res-4,64.05,12.3699,5.4718
,2026-07-01T00:00:00Z,2026-08-01T00:00:00Z,111122223333,Usage,2026-07-16T00:00:00Z,2026-07-16T01:00:00Z,AmazonVPC,Amazon Virtual Private Cloud,NatGateway-Bytes,RunInstances,us-west-2,amazonvpc-res-1,16.06,19.3955,0.4817
,2026-07-01T00:00:00Z,2026-08-01T00:00:00Z,444455556666,Usage,2026-07-16T00:00:00Z,2026-07-16T01:00:00Z,AmazonEC2,Amazon Elastic Compute Cloud,DataTransfer-Out-Bytes,RunInstances,us-east-1,amazonec2-res-23,44.4,0.2038,1.8403
,2026-07-01T00:00:00Z,2026-08-01T00:00:00Z,111122223333,Usage,2026-07-16T00:00:00Z,2026-07-16T01:00:00Z,AmazonEC2,Amazon Elastic Compute Cloud,EBS:VolumeUsage.gp3,RunInstances,us-west-2,amazonec2-res-14,31.85,15.9973,19.9594
,2026-07-01T00:00:00Z,2026-08-01T00:00:00Z,444455556666,Usage,2026-07-16T00:00:00Z,2026-07-16T01:00:00Z,AWSDataTransfer,AWS Data Transfer,DataTransfer-Out-Bytes,RunInstances,us-east-1,awsdatatransfer-res-25,95.21,1.1585,15.522
,2026-07-01T00:00:00Z,2026-08-01T00:00:00Z,111122223333,Usage,2026-07-16T00:00:00Z,2026-07-16T01:00:00Z,AmazonEC2,Amazon Elastic Compute Cloud,EBS:VolumeUsage.gp3,RunInstances,us-east-1,amazonec2-res-9,81.91,16.5719,2.4744
,2026-07-01T00:00:00Z,2026-08-01T00:00:00Z,444455556666,Usage,2026-07-16T00:00:00Z,2026-07-16T01:00:00Z,AmazonCloudFront,Amazon CloudFront,DataTransfer-Out-Bytes,RunInstances,us-west-2,amazoncloudfront-res-8,74.02,0.7089,9.2383
,2026-07-01T00:00:00Z,2026-08-01T00:00:00Z,444455556666,Usage,2026-07-16T00:00:00Z,2026-07-16T01:00:00Z,AmazonEC2,Amazon Elastic Compute Cloud,BoxUsage:m5.large,RunInstances,us-west-2,amazonec2-res-22,96.16,18.7269,3.2059
,2026-07-01T00:00:00Z,2026-08-01T00:00:00Z,111122223333,Usage,2026-07-16T00:00:00Z,2026-07-16T01:00:00Z,AmazonCloudFront,Amazon CloudFront,DataTransfer-Out-Bytes,RunInstances,us-west-2,amazoncloudfront-res-16,64.21,4.0065,17.7549
,2026-07-01T00:00:00Z,2026-08-01T00:00:00Z,111122223333,Usage,2026-07-16T00:00:00Z,2026-07-16T01:00:00Z,AmazonCloudFront,Amazon CloudFront,DataTransfer-Out-Bytes,RunInstances,us-east-1,amazoncloudfront-res-21,43.98,0.3408,15.896
,2026-07-01T00:00:00Z,2026-08-01T00:00:00Z,444455556666,Usage,2026-07-16T00:00:00Z,2026-07-16T01:00:00Z,AmazonVPC,Amazon Virtual Private Cloud,NatGateway-Hours,RunInstances,us-east-1,amazonvpc-res-1,96.91,11.6383,13.8274
,2026-07-01T00:00:00Z,2026-08-01T00:00:00Z,444455556666,Usage,2026-07-16T00:00:00Z,2026-07-16T01:00:00Z,AmazonCloudFront,Amazon CloudFront,DataTransfer-Out-Bytes,RunInstances,us-east-1,amazoncloudfront-res-8,16.61,1.8644,12.3882
,2026-07-01T00:00:00Z,2026-08-01T00:00:00Z,111122223333,Usage,2026-07-16T00:00:00Z,2026-07-16T01:00:00Z,AmazonCloudFront,Amazon CloudFront,DataTransfer-Out-Bytes,RunInstances,us-west-2,amazoncloudfront-res-21,16.24,10.7456,2.1835
,2026-07-01T00:00:00Z,2026-08-01T00:00:00Z,444455556666,Usage,2026-07-16T00:00:00Z,2026-07-16T01:00:00Z,AWSDataTransfer,AWS Data Transfer,DataTransfer-Out-Bytes,RunInstances,eu-west-1,awsdatatransfer-res-21,75.91,16.1183,8.7968
,2026-07-01T00:00:00Z,2026-08-01T00:00:00Z,444455556666,Usage,2026-07-16T00:00:00Z,2026-07-16T01:00:00Z,AmazonS3,Amazon Simple Storage Service,TimedStorage-ByteHrs,RunInstances,us-west-2,amazons3-res-24,14.34,17.9773,9.7266
,2026-07-01T00:00:00Z,2026-08-01T00:00:00Z,444455556666,Usage,2026-07-16T00:00:00Z,2026-07-16T01:00:00Z,AWSDataTransfer,AWS Data Transfer,DataTransfer-Regional-Bytes,RunInstances,us-east-1,awsdatatransfer-res-19,19.48,6.9794,14.6588
,2026-07-01T00:00:00Z,2026-08-01T00:00:00Z,111122223333,Usage,2026-07-16T00:00:00Z,2026-07-16T01:00:00Z,AmazonRDS,Amazon Relational Database Service,InstanceUsage:db.t3.medium,RunInstances,eu-west-1,amazonrds-res-5,45.49,16.3956,10.8505
,2026-07-01T00:00:00Z,2026-08-01T00:00:00Z,444455556666,Usage,2026-07-16T00:00:00Z,2026-07-16T01:00:00Z,AWSDataTransfer,AWS Data Transfer,DataTransfer-Out-Bytes,RunInstances,eu-west-1,awsdatatransfer-res-6,88.41,12.4099,7.3069
,2026-07-01T00:00:00Z,2026-08-01T00:00:00Z,111122223333,Tax,2026-07-16T00:00:00Z,2026-07-16T01:00:00Z,AmazonEC2,Amazon Elastic Compute Cloud,,,,,0.0,6.58,0.0
,2026-07-01T00:00:00Z,2026-08-01T00:00:00Z,444455556666,Credit,2026-07-16T00:00:00Z,2026-07-16T01:00:00Z,AmazonEC2,Amazon Elastic Compute Cloud,,,,,0.0,-1.3,0.0
,2026-07-01T00:00:00Z,2026-08-01T00:00:00Z,111122223333,Usage,2026-07-17T00:00:00Z,2026-07-17T01:00:00Z,AmazonEC2,Amazon Elastic Compute Cloud,EBS:VolumeUsage.gp3,RunInstances,eu-west-1,amazonec2-res-22,50.26,2.7618,3.0691
,2026-07-01T00:00:00Z,2026-08-01T00:00:00Z,444455556666,Usage,2026-07-17T00:00:00Z,2026-07-17T01:00:00Z,AmazonRDS,Amazon Relational Database Service,InstanceUsage:db.t3.medium,RunInstances,us-east-1,amazonrds-res-4,52.8,0.3427,4.1776
,2026-07-01T00:00:00Z,2026-08-01T00:00:00Z,111122223333,Usage,2026-07-17T00:00:00Z,2026-07-17T01:00:00Z,AmazonS3,Amazon Simple Storage Service,TimedStorage-ByteHrs,RunInstances,us-east-1,amazons3-res-4,49.05,0.5028,2.8594
,2026-07-01T00:00:00Z,2026-08-01T00:00:00Z,444455556666,Usage,2026-07-17T00:00:00Z,2026-07-17T01:00:00Z,AWSDataTransfer,AWS Data Transfer,DataTransfer-Regional-Bytes,RunInstances,us-east-1,awsdatatransfer-res-12,22.85,3.592,0.0753
,2026-07-01T00:00:00Z,2026-08-01T00:00:00Z,111122223333,Usage,2026-07-17T00:00:00Z,2026-07-17T01:00:00Z,AmazonS3,Amazon Simple Storage Service,Requests-Tier1,RunInstances,us-west-2,amazons3-res-21,7.01,2.7945,4.6918
,2026-07-01T00:00:00Z,2026-08-01T00:00:00Z,111122223333,Usage,2026-07-17T00:00:00Z,2026-07-17T01:00:00Z,AWSDataTransfer,AWS Data Transfer,DataTransfer-Regional-Bytes,RunInstances,eu-west-1,awsdatatransfer-res-9,53.37,3.6742,4.1739
,2026-07-01T00:00:00Z,2026-08-01T00:00:00Z,111122223333,Usage,2026-07-17T00:00:00Z,2026-07-17T01:00:00Z,AmazonEC2,Amazon Elastic Compute Cloud,BoxUsage:m5.large,RunInstances,us-east-1,amazonec2-res-24,23.87,1.9328,0.9737
,2026-07-01T00:00:00Z,2026-08-01T00:00:00Z,111122223333,Usage,2026-07-17T00:00:00Z,2026-07-17T01:00:00Z,AmazonCloudFront,Amazon CloudFront,DataTransfer-Out-Bytes,RunInstances,eu-west-1,amazoncloudfront-res-24,56.26,3.7331,3.8338
,2026-07-01T00:00:00Z,2026-08-01T00:00:00Z,444455556666,Usage,2026-07-17T00:00:00Z,2026-07-17T01:00:00Z,AmazonVPC,Amazon Virtual Private Cloud,NatGateway-Bytes,RunInstances,eu-west-1,amazonvpc-res-22,43.28,0.5295,3.9644
,2026-07-01T00:00:00Z,2026-08-01T00:00:00Z,444455556666,Usage,2026-07-17T00:00:00Z,2026-07-17T01:00:00Z,AmazonVPC,Amazon Virtual Private Cloud,NatGateway-Bytes,RunInstances,eu-west-1,amazonvpc-res-6,53.86,3.0036,4.6683
,2026-07-01T00:00:00Z,2026-08-01T00:00:00Z,444455556666,Usage,2026-07-17T00:00:00Z,2026-07-17T01:00:00Z,AmazonRDS,Amazon Relational Database Service,InstanceUsage:db.t3.medium,RunInstances,us-west-2,amazonrds-res-25,63.69,4.1325,1.624
,2026-07-01T00:00:00Z,2026-08-01T00:00:00Z,444455556666,Usage,2026-07-17T00:00:00Z,2026-07-17T01:00:00Z,AmazonS3,Amazon Simple Storage Service,TimedStorage-ByteHrs,RunInstances,eu-west-1,amazons3-res-24,26.15,4.8086,2.243
,2026-07-01T00:00:00Z,2026-08-01T00:00:00Z,111122223333,Usage,2026-07-17T00:00:00Z,2026-07-17T01:00:00Z,AWSDataTransfer,AWS Data Transfer,DataTransfer-Out-Bytes,RunInstances,us-west-2,awsdatatransfer-res-20,2.61,0.6841,4.4527
,2026-07-01T00:00:00Z,2026-08-01T00:00:00Z,111122223333,Usage,2026-07-17T00:00:00Z,2026-07-17T01:00:00Z,AmazonEC2,Amazon Elastic Compute Cloud,DataTransfer-Out-Bytes,RunInstances,us-east-1,amazonec2-res-11,3.15,4.1115,3.4517
,2026-07-01T00:00:00Z,2026-08-01T00:00:00Z,111122223333,Usage,2026-07-17T00:00:00Z,2026-07-17T01:00:00Z,AmazonRDS,Amazon Relational Database Service,InstanceUsage:db.t3.medium,RunInstances,us-east-1,amazonrds-res-15,36.21,0.7007,1.8417
,2026-07-01T00:00:00Z,2026-08-01T00:00:00Z,111122223333,Usage,2026-07-17T00:00:00Z,2026-07-17T01:00:00Z,AmazonVPC,Amazon Virtual Private Cloud,NatGateway-Hours,RunInstances,us-west-2,amazonvpc-res-10,10.1,2.005,4.5902
,2026-07-01T00:00:00Z,2026-08-01T00:00:00Z,444455556666,Usage,2026-07-17T00:00:00Z,2026-07-17T01:00:00Z,AmazonCloudFront,Amazon CloudFront,DataTransfer-Out-Bytes,RunInstances,us-west-2,amazoncloudfront-res-6,49.34,4.4961,3.5172
,2026-07-01T00:00:00Z,2026-08-01T00:00:00Z,111122223333,Usage,2026-07-17T00:00:00Z,2026-07-17T01:00:00Z,AmazonEC2,Amazon Elastic Compute Cloud,DataTransfer-Out-Bytes,RunInstances,eu-west-1,amazonec2-res-19,38.77,3.9028,4.6101
,2026-07-01T00:00:00Z,2026-08-01T00:00:00Z,444455556666,Usage,2026-07-17T00:00:00Z,2026-07-17T01:00:00Z,AmazonRDS,Amazon Relational Database Service,InstanceUsage:db.t3.medium,RunInstances,us-west-2,amazonrds-res-4,87.11,1.1413,3.2674
,2026-07-01T00:00:00Z,2026-08-01T00:00:00Z,444455556666,Usage,2026-07-17T00:00:00Z,2026-07-17T01:00:00Z,AmazonVPC,Amazon Virtual Private Cloud,NatGateway-Hours,RunInstances,us-east-1,amazonvpc-res-10,52.91,1.6034,2.8289
,2026-07-01T00:00:00Z,2026-08-01T00:00:00Z,111122223333,Usage,2026-07-17T00:00:00Z,2026-07-17T01:00:00Z,AmazonRDS,Amazon Relational Database Service,InstanceUsage:db.t3.medium,RunInstances,us-east-1,amazonrds-res-22,73.43,1.9705,2.2336
,2026-07-01T00:00:00Z,2026-08-01T00:00:00Z,111122223333,Usage,2026-07-17T00:00:00Z,2026-07-17T01:00:00Z,AmazonVPC,Amazon Virtual Private Cloud,NatGateway-Hours,RunInstances,us-west-2,amazonvpc-res-10,78.85,0.7486,1.6875
,2026-07-01T00:00:00Z,2026-08-01T00:00:00Z,444455556666,Usage,2026-07-17T00:00:00Z,2026-07-17T01:00:00Z,AWSDataTransfer,AWS Data Transfer,DataTransfer-Out-Bytes,RunInstances,us-west-2,awsdatatransfer-res-3,40.45,2.1781,3.4924
,2026-07-01T00:00:00Z,2026-08-01T00:00:00Z,111122223333,Usage,2026-07-17T00:00:00Z,2026-07-17T01:00:00Z,AmazonS3,Amazon Simple Storage Service,Requests-Tier1,RunInstances,us-west-2,amazons3-res-13,65.57,0.9885,3.0838
,2026-07-01T00:00:00Z,2026-08-01T00:00:00Z,111122223333,Usage,2026-07-17T00:00:00Z,2026-07-17T01:00:00Z,AmazonCloudFront,Amazon CloudFront,DataTransfer-Out-Bytes,RunInstances,us-east-1,amazoncloudfront-res-9,77.9,1.6238,4.6214
,2026-07-01T00:00:00Z,2026-08-01T00:00:00Z,444455556666,Usage,2026-07-17T00:00:00Z,2026-07-17T01:00:00Z,AmazonEC2,Amazon Elastic Compute Cloud,BoxUsage:t3.micro,RunInstances,us-west-2,amazonec2-res-12,35.48,1.6105,2.9734
,2026-07-01T00:00:00Z,2026-08-01T00:00:00Z,111122223333,Usage,2026-07-17T00:00:00Z,2026-07-17T01:00:00Z,AmazonEC2,Amazon Elastic Compute Cloud,DataTransfer-Out-Bytes,RunInstances,us-west-2,amazonec2-res-20,82.34,4.016,3.1197
,2026-07-01T00:00:00Z,2026-08-01T00:00:00Z,111122223333,Usage,2026-07-17T00:00:00Z,2026-07-17T01:00:00Z,AWSDataTransfer,AWS Data Transfer,DataTransfer-Out-Bytes,RunInstances,us-east-1,awsdatatransfer-res-22,38.01,3.7911,4.2653
,2026-07-01T00:00:00Z,2026-08-01T00:00:00Z,111122223333,Usage,2026-07-17T00:00:00Z,2026-07-17T01:00:00Z,AmazonEC2,Amazon Elastic Compute Cloud,BoxUsage:t3.micro,RunInstances,eu-west-1,amazonec2-res-5,87.01,4.1025,0.0785
,2026-07-01T00:00:00Z,2026-08-01T00:00:00Z,444455556666,Usage,2026-07-17T00:00:00Z,2026-07-17T01:00:00Z,AmazonCloudFront,Amazon CloudFront,DataTransfer-Out-Bytes,RunInstances,us-west-2,amazoncloudfront-res-16,3.25,1.053,2.6946
,2026-07-01T00:00:00Z,2026-08-01T00:00:00Z,444455556666,Usage,2026-07-17T00:00:00Z,2026-07-17T01:00:00Z,AmazonS3,Amazon Simple Storage Service,Requests-Tier1,RunInstances,eu-west-1,amazons3-res-24,99.24,3.4784,3.3446
,2026-07-01T00:00:00Z,2026-08-01T00:00:00Z,444455556666,Usage,2026-07-17T00:00:00Z,2026-07-17T01:00:00Z,AWSDataTransfer,AWS Data Transfer,DataTransfer-Out-Bytes,RunInstances,us-east-1,awsdatatransfer-res-2,29.12,3.9481,3.0936
,2026-07-01T00:00:00Z,2026-08-01T00:00:00Z,111122223333,Usage,2026-07-17T00:00:00Z,2026-07-17T01:00:00Z,AmazonEC2,Amazon Elastic Compute Cloud,EBS:VolumeUsage.gp3,RunInstances,us-east-1,amazonec2-res-13,66.38,3.3183,4.5652
,2026-07-01T00:00:00Z,2026-08-01T00:00:00Z,111122223333,Usage,2026-07-17T00:00:00Z,2026-07-17T01:00:00Z,AmazonRDS,Amazon Relational Database Service,InstanceUsage:db.t3.medium,RunInstances,us-west-2,amazonrds-res-21,39.27,4.8992,2.5476
,2026-07-01T00:00:00Z,2026-08-01T00:00:00Z,444455556666,Usage,2026-07-17T00:00:00Z,2026-07-17T01:00:00Z,AmazonCloudFront,Amazon CloudFront,DataTransfer-Out-Bytes,RunInstances,us-west-2,amazoncloudfront-res-20,53.62,0.9402,2.5082
,2026-07-01T00:00:00Z,2026-08-01T00:00:00Z,111122223333,Usage,2026-07-17T00:00:00Z,2026-07-17T01:00:00Z,AWSDataTransfer,AWS Data Transfer,DataTransfer-Out-Bytes,RunInstances,us-east-1,awsdatatransfer-res-17,31.19,2.4548,3.7245
,2026-07-01T00:00:00Z,2026-08-01T00:00:00Z,444455556666,Usage,2026-07-17T00:00:00Z,2026-07-17T01:00:00Z,AmazonEC2,Amazon Elastic Compute Cloud,DataTransfer-Out-Bytes,RunInstances,us-west-2,amazonec2-res-21,30.93,4.98,4.8932
,2026-07-01T00:00:00Z,2026-08-01T00:00:00Z,444455556666,Usage,2026-07-17T00:00:00Z,2026-07-17T01:00:00Z,AmazonRDS,Amazon Relational Database Service,InstanceUsage:db.t3.medium,RunInstances,us-west-2,amazonrds-res-1,94.47,4.7461,1.1357
,2026-07-01T00:00:00Z,2026-08-01T00:00:00Z,111122223333,Usage,2026-07-17T00:00:00Z,2026-07-17T01:00:00Z,AmazonRDS,Amazon Relational Database Service,InstanceUsage:db.t3.medium,RunInstances,us-east-1,amazonrds-res-24,38.84,4.8034,3.0661
,2026-07-01T00:00:00Z,2026-08-01T00:00:00Z,444455556666,Usage,2026-07-17T00:00:00Z,2026-07-17T01:00:00Z,AmazonCloudFront,Amazon CloudFront,DataTransfer-Out-Bytes,RunInstances,us-east-1,amazoncloudfront-res-19,16.12,4.853,4.5496
,2026-07-01T00:00:00Z,2026-08-01T00:00:00Z,111122223333,Tax,2026-07-17T00:00:00Z,2026-07-17T01:00:00Z,AmazonEC2,Amazon Elastic Compute Cloud,,,,,0.0,3.96,0.0
,2026-07-01T00:00:00Z,2026-08-01T00:00:00Z,444455556666,Credit,2026-07-17T00:00:00Z,2026-07-17T01:00:00Z,AmazonEC2,Amazon Elastic Compute Cloud,,,,,0.0,-1.86,0.0
,2026-07-01T00:00:00Z,2026-08-01T00:00:00Z,111122223333,Usage,2026-07-18T00:00:00Z,2026-07-18T01:00:00Z,AmazonS3,Amazon Simple Storage Service,TimedStorage-ByteHrs,RunInstances,us-east-1,amazons3-res-10,69.16,4.4942,4.5487
,2026-07-01T00:00:00Z,2026-08-01T00:00:00Z,111122223333,Usage,2026-07-18T00:00:00Z,2026-07-18T01:00:00Z,AWSDataTransfer,AWS Data Transfer,DataTransfer-Out-Bytes,RunInstances,us-west-2,awsdatatransfer-res-3,56.18,4.7435,0.6008
,2026-07-01T00:00:00Z,2026-08-01T00:00:00Z,111122223333,Usage,2026-07-18T00:00:00Z,2026-07-18T01:00:00Z,AmazonRDS,Amazon Relational Database Service,InstanceUsage:db.t3.medium,RunInstances,us-west-2,amazonrds-res-14,96.16,1.5237,3.7306
,2026-07-01T00:00:00Z,2026-08-01T00:00:00Z,111122223333,Usage,2026-07-18T00:00:00Z,2026-07-18T01:00:00Z,AmazonCloudFront,Amazon CloudFront,DataTransfer-Out-Bytes,RunInstances,us-east-1,amazoncloudfront-res-4,14.02,0.1407,4.9299
,2026-07-01T00:00:00Z,2026-08-01T00:00:00Z,111122223333,Usage,2026-07-18T00:00:00Z,2026-07-18T01:00:00Z,AmazonVPC,Amazon Virtual Private Cloud,NatGateway-Bytes,RunInstances,eu-west-1,amazonvpc-res-8,23.86,0.1402,0.4066
,2026-07-01T00:00:00Z,2026-08-01T00:00:00Z,444455556666,Usage,2026-07-18T00:00:00Z,2026-07-18T01:00:00Z,AWSDataTransfer,AWS Data Transfer,DataTransfer-Out-Bytes,RunInstances,eu-west-1,awsdatatransfer-res-21,38.02,4.2621,2.4623
,2026-07-01T00:00:00Z,2026-08-01T00:00:00Z,111122223333,Usage,2026-07-18T00:00:00Z,2026-07-18T01:00:00Z,AmazonS3,Amazon Simple Storage Service,TimedStorage-ByteHrs,RunInstances,us-east-1,amazons3-res-2,41.45,4.8444,4.6279
,2026-07-01T00:00:00Z,2026-08-01T00:00:00Z,111122223333,Usage,2026-07-18T00:00:00Z,2026-07-18T01:00:00Z,AWSDataTransfer,AWS Data Transfer,DataTransfer-Out-Bytes,RunInstances,us-east-1,awsdatatransfer-res-3,18.53,4.7739,2.202
,2026-07-01T00:00:00Z,2026-08-01T00:00:00Z,444455556666,Usage,2026-07-18T00:00:00Z,2026-07-18T01:00:00Z,AmazonVPC,Amazon Virtual Private Cloud,NatGateway-Bytes,RunInstances,us-west-2,amazonvpc-res-8,43.33,3.8833,3.0436
,2026-07-01T00:00:00Z,2026-08-01T00:00:00Z,444455556666,Usage,2026-07-18T00:00:00Z,2026-07-18T01:00:00Z,AWSDataTransfer,AWS Data Transfer,DataTransfer-Regional-Bytes,RunInstances,eu-west-1,awsdatatransfer-res-24,57.62,2.6854,3.2106
,2026-07-01T00:00:00Z,2026-08-01T00:00:00Z,111122223333,Usage,2026-07-18T00:00:00Z,2026-07-18T01:00:00Z,AmazonCloudFront,Amazon CloudFront,DataTransfer-Out-Bytes,RunInstances,us-west-2,amazoncloudfront-res-15,82.87,0.2217,4.9792
,2026-07-01T00:00:00Z,2026-08-01T00:00:00Z,111122223333,Usage,2026-07-18T00:00:00Z,2026-07-18T01:00:00Z,AmazonVPC,Amazon Virtual Private Cloud,NatGateway-Bytes,RunInstances,eu-west-1,amazonvpc-res-13,52.1,3.1569,0.256
,2026-07-01T00:00:00Z,2026-08-01T00:00:00Z,444455556666,Usage,2026-07-18T00:00:00Z,2026-07-18T01:00:00Z,AmazonRDS,Amazon Relational Database Service,InstanceUsage:db.t3.medium,RunInstances,us-west-2,amazonrds-res-25,82.93,2.3121,2.1181
,2026-07-01T00:00:00Z,2026-08-01T00:00:00Z,111122223333,Usage,2026-07-18T00:00:00Z,2026-07-18T01:00:00Z,AmazonVPC,Amazon Virtual Private Cloud,NatGateway-Hours,RunInstances,us-west-2,amazonvpc-res-21,45.72,3.616,0.5747
,2026-07-01T00:00:00Z,2026-08-01T00:00:00Z,444455556666,Usage,2026-07-18T00:00:00Z,2026-07-18T01:00:00Z,AmazonVPC,Amazon Virtual Private Cloud,NatGateway-Hours,RunInstances,us-west-2,amazonvpc-res-11,45.64,0.9026,2.9557
,2026-07-01T00:00:00Z,2026-08-01T00:00:00Z,444455556666,Usage,2026-07-18T00:00:00Z,2026-07-18T01:00:00Z,AmazonCloudFront,Amazon CloudFront,DataTransfer-Out-Bytes,RunInstances,us-east-1,amazoncloudfront-res-9,33.08,3.2464,3.5602
,2026-07-01T00:00:00Z,2026-08-01T00:00:00Z,111122223333,Usage,2026-07-18T00:00:00Z,2026-07-18T01:00:00Z,AmazonS3,Amazon Simple Storage Service,TimedStorage-ByteHrs,RunInstances,us-east-1,amazons3-res-23,45.49,1.8211,2.6238
,2026-07-01T00:00:00Z,2026-08-01T00:00:00Z,444455556666,Usage,2026-07-18T00:00:00Z,2026-07-18T01:00:00Z,AWSDataTransfer,AWS Data Transfer,DataTransfer-Out-Bytes,RunInstances,eu-west-1,awsdatatransfer-res-13,5.35,0.8627,1.6826
,2026-07-01T00:00:00Z,2026-08-01T00:00:00Z,111122223333,Usage,2026-07-18T00:00:00Z,2026-07-18T01:00:00Z,AmazonCloudFront,Amazon CloudFront,DataTransfer-Out-Bytes,RunInstances,us-east-1,amazoncloudfront-res-6,77.15,0.266,1.5472
,2026-07-01T00:00:00Z,2026-08-01T00:00:00Z,444455556666,Usage,2026-07-18T00:00:00Z,2026-07-18T01:00:00Z,AmazonCloudFront,Amazon CloudFront,DataTransfer-Out-Bytes,RunInstances,eu-west-1,amazoncloudfront-res-6,12.64,0.6665,1.0222
,2026-07-01T00:00:00Z,2026-08-01T00:00:00Z,111122223333,Usage,2026-07-18T00:00:00Z,2026-07-18T01:00:00Z,AmazonVPC,Amazon Virtual Private Cloud,NatGateway-Bytes,RunInstances,us-west-2,amazonvpc-res-16,85.69,2.7221,0.0387
,2026-07-01T00:00:00Z,2026-08-01T00:00:00Z,111122223333,Usage,2026-07-18T00:00:00Z,2026-07-18T01:00:00Z,AWSDataTransfer,AWS Data Transfer,DataTransfer-Out-Bytes,RunInstances,eu-west-1,awsdatatransfer-res-22,48.1,2.0567,0.4062
,2026-07-01T00:00:00Z,2026-08-01T00:00:00Z,111122223333,Usage,2026-07-18T00:00:00Z,2026-07-18T01:00:00Z,AmazonVPC,Amazon Virtual Private Cloud,NatGateway-Hours,RunInstances,eu-west-1,amazonvpc-res-9,62.36,2.7922,4.128
,2026-07-01T00:00:00Z,2026-08-01T00:00:00Z,111122223333,Usage,2026-07-18T00:00:00Z,2026-07-18T01:00:00Z,AmazonEC2,Amazon Elastic Compute Cloud,BoxUsage:m5.large,RunInstances,us-east-1,amazonec2-res-21,35.55,0.7354,0.1718
,2026-07-01T00:00:00Z,2026-08-01T00:00:00Z,444455556666,Usage,2026-07-18T00:00:00Z,2026-07-18T01:00:00Z,AmazonVPC,Amazon Virtual Private Cloud,NatGateway-Bytes,RunInstances,us-east-1,amazonvpc-res-2,11.78,4.9687,0.8151
,2026-07-01T00:00:00Z,2026-08-01T00:00:00Z,444455556666,Usage,2026-07-18T00:00:00Z,2026-07-18T01:00:00Z,AmazonRDS,Amazon Relational Database Service,InstanceUsage:db.t3.medium,RunInstances,eu-west-1,amazonrds-res-19,36.66,0.1888,3.8449
,2026-07-01T00:00:00Z,2026-08-01T00:00:00Z,444455556666,Usage,2026-07-18T00:00:00Z,2026-07-18T01:00:00Z,AmazonRDS,Amazon Relational Database Service,InstanceUsage:db.t3.medium,RunInstances,us-east-1,amazonrds-res-25,43.31,2.7569,1.4712
,2026-07-01T00:00:00Z,2026-08-01T00:00:00Z,444455556666,Usage,2026-07-18T00:00:00Z,2026-07-18T01:00:00Z,AmazonS3,Amazon Simple Storage Service,TimedStorage-ByteHrs,RunInstances,us-west-2,amazons3-res-17,41.96,1.0571,1.0532
,2026-07-01T00:00:00Z,2026-08-01T00:00:00Z,111122223333,Usage,2026-07-18T00:00:00Z,2026-07-18T01:00:00Z,AmazonEC2,Amazon Elastic Compute Cloud,BoxUsage:t3.micro,RunInstances,us-west-2,amazonec2-res-24,69.18,4.6701,4.9315
,2026-07-01T00:00:00Z,2026-08-01T00:00:00Z,444455556666,Usage,2026-07-18T00:00:00Z,2026-07-18T01:00:00Z,AmazonRDS,Amazon Relational Database Service,InstanceUsage:db.t3.medium,RunInstances,us-west-2,amazonrds-res-17,57.94,3.12,4.6363
,2026-07-01T00:00:00Z,2026-08-01T00:00:00Z,444455556666,Usage,2026-07-18T00:00:00Z,2026-07-18T01:00:00Z,AmazonVPC,Amazon Virtual Private Cloud,NatGateway-Bytes,RunInstances,us-west-2,amazonvpc-res-6,88.48,1.1713,1.4595
,2026-07-01T00:00:00Z,2026-08-01T00:00:00Z,111122223333,Usage,2026-07-18T00:00:00Z,2026-07-18T01:00:00Z,AmazonS3,Amazon Simple Storage Service,TimedStorage-ByteHrs,RunInstances,us-east-1,amazons3-res-15,62.92,0.5984,4.2419
,2026-07-01T00:00:00Z,2026-08-01T00:00:00Z,444455556666,Usage,2026-07-18T00:00:00Z,2026-07-18T01:00:00Z,AmazonVPC,Amazon Virtual Private Cloud,NatGateway-Bytes,RunInstances,us-east-1,amazonvpc-res-11,35.62,4.0322,1.0696
,2026-07-01T00:00:00Z,2026-08-01T00:00:00Z,444455556666,Usage,2026-07-18T00:00:00Z,2026-07-18T01:00:00Z,AmazonCloudFront,Amazon CloudFront,DataTransfer-Out-Bytes,RunInstances,us-west-2,amazoncloudfront-res-3,31.47,2.5384,1.6264
,2026-07-01T00:00:00Z,2026-08-01T00:00:00Z,444455556666,Usage,2026-07-18T00:00:00Z,2026-07-18T01:00:00Z,AmazonEC2,Amazon Elastic Compute Cloud,BoxUsage:t3.micro,RunInstances,us-west-2,amazonec2-res-13,72.72,3.0838,0.1553
,2026-07-01T00:00:00Z,2026-08-01T00:00:00Z,444455556666,Usage,2026-07-18T00:00:00Z,2026-07-18T01:00:00Z,AmazonS3,Amazon Simple Storage Service,TimedStorage-ByteHrs,RunInstances,us-west-2,amazons3-res-22,48.43,2.3778,0.1874
,2026-07-01T00:00:00Z,2026-08-01T00:00:00Z,111122223333,Usage,2026-07-18T00:00:00Z,2026-07-18T01:00:00Z,AmazonS3,Amazon Simple Storage Service,Requests-Tier1,RunInstances,eu-west-1,amazons3-res-15,89.31,2.6895,1.6822
,2026-07-01T00:00:00Z,2026-08-01T00:00:00Z,444455556666,Usage,2026-07-18T00:00:00Z,2026-07-18T01:00:00Z,AWSDataTransfer,AWS Data Transfer,DataTransfer-Out-Bytes,RunInstances,eu-west-1,awsdatatransfer-res-24,68.14,2.7803,0.1034
,2026-07-01T00:00:00Z,2026-08-01T00:00:00Z,444455556666,Usage,2026-07-18T00:00:00Z,2026-07-18T01:00:00Z,AmazonVPC,Amazon Virtual Private Cloud,NatGateway-Bytes,RunInstances,us-east-1,amazonvpc-res-5,28.77,0.1656,4.9183
,2026-07-01T00:00:00Z,2026-08-01T00:00:00Z,444455556666,Usage,2026-07-18T00:00:00Z,2026-07-18T01:00:00Z,AmazonCloudFront,Amazon CloudFront,DataTransfer-Out-Bytes,RunInstances,us-east-1,amazoncloudfront-res-20,12.57,3.9139,1.5483
,2026-07-01T00:00:00Z,2026-08-01T00:00:00Z,111122223333,Tax,2026-07-18T00:00:00Z,2026-07-18T01:00:00Z,AmazonEC2,Amazon Elastic Compute Cloud,,,,,0.0,8.72,0.0
,2026-07-01T00:00:00Z,2026-08-01T00:00:00Z,444455556666,Credit,2026-07-18T00:00:00Z,2026-07-18T01:00:00Z,AmazonEC2,Amazon Elastic Compute Cloud,,,,,0.0,-2.27,0.0
,2026-07-01T00:00:00Z,2026-08-01T00:00:00Z,111122223333,Usage,2026-07-19T00:00:00Z,2026-07-19T01:00:00Z,AmazonRDS,Amazon Relational Database Service,InstanceUsage:db.t3.medium,RunInstances,us-west-2,amazonrds-res-8,37.79,4.149,1.5201
,2026-07-01T00:00:00Z,2026-08-01T00:00:00Z,111122223333,Usage,2026-07-19T00:00:00Z,2026-07-19T01:00:00Z,AmazonVPC,Amazon Virtual Private Cloud,NatGateway-Bytes,RunInstances,us-east-1,amazonvpc-res-12,78.71,3.8912,4.5676
,2026-07-01T00:00:00Z,2026-08-01T00:00:00Z,444455556666,Usage,2026-07-19T00:00:00Z,2026-07-19T01:00:00Z,AWSDataTransfer,AWS Data Transfer,DataTransfer-Out-Bytes,RunInstances,eu-west-1,awsdatatransfer-res-5,19.83,4.6189,3.6649
,2026-07-01T00:00:00Z,2026-08-01T00:00:00Z,444455556666,Usage,2026-07-19T00:00:00Z,2026-07-19T01:00:00Z,AmazonVPC,Amazon Virtual Private Cloud,NatGateway-Bytes,RunInstances,us-east-1,amazonvpc-res-25,87.31,4.1125,4.6907
,2026-07-01T00:00:00Z,2026-08-01T00:00:00Z,111122223333,Usage,2026-07-19T00:00:00Z,2026-07-19T01:00:00Z,AmazonCloudFront,Amazon CloudFront,DataTransfer-Out-Bytes,RunInstances,eu-west-1,amazoncloudfront-res-2,46.48,3.5713,2.6165
,2026-07-01T00:00:00Z,2026-08-01T00:00:00Z,111122223333,Usage,2026-07-19T00:00:00Z,2026-07-19T01:00:00Z,AmazonEC2,Amazon Elastic Compute Cloud,DataTransfer-Out-Bytes,RunInstances,eu-west-1,amazonec2-res-20,87.32,1.6731,4.447
,2026-07-01T00:00:00Z,2026-08-01T00:00:00Z,111122223333,Usage,2026-07-19T00:00:00Z,2026-07-19T01:00:00Z,AmazonEC2,Amazon Elastic Compute Cloud,DataTransfer-Out-Bytes,RunInstances,eu-west-1,amazonec2-res-25,31.9,4.4618,1.6112
,2026-07-01T00:00:00Z,2026-08-01T00:00:00Z,444455556666,Usage,2026-07-19T00:00:00Z,2026-07-19T01:00:00Z,AmazonS3,Amazon Simple Storage Service,Requests-Tier1,RunInstances,eu-west-1,amazons3-res-11,77.51,3.3589,1.3705
,2026-07-01T00:00:00Z,2026-08-01T00:00:00Z,111122223333,Usage,2026-07-19T00:00:00Z,2026-07-19T01:00:00Z,AmazonS3,Amazon Simple Storage Service,Requests-Tier1,RunInstances,us-east-1,amazons3-res-20,56.4,0.5209,2.7172
,2026-07-01T00:00:00Z,2026-08-01T00:00:00Z,444455556666,Usage,2026-07-19T00:00:00Z,2026-07-19T01:00:00Z,AmazonVPC,Amazon Virtual Private Cloud,NatGateway-Bytes,RunInstances,us-east-1,amazonvpc-res-23,80.6,2.8747,0.8647
,2026-07-01T00:00:00Z,2026-08-01T00:00:00Z,444455556666,Usage,2026-07-19T00:00:00Z,2026-07-19T01:00:00Z,AmazonRDS,Amazon Relational Database Service,InstanceUsage:db.t3.medium,RunInstances,us-east-1,amazonrds-res-5,3.87,4.5174,0.2618
,2026-07-01T00:00:00Z,2026-08-01T00:00:00Z,111122223333,Usage,2026-07-19T00:00:00Z,2026-07-19T01:00:00Z,AWSDataTransfer,AWS Data Transfer,DataTransfer-Out-Bytes,RunInstances,us-west-2,awsdatatransfer-res-13,18.72,2.9846,2.9679
,2026-07-01T00:00:00Z,2026-08-01T00:00:00Z,444455556666,Usage,2026-07-19T00:00:00Z,2026-07-19T01:00:00Z,AmazonCloudFront,Amazon CloudFront,DataTransfer-Out-Bytes,RunInstances,us-west-2,amazoncloudfront-res-11,81.93,3.5674,3.3576
,2026-07-01T00:00:00Z,2026-08-01T00:00:00Z,444455556666,Usage,2026-07-19T00:00:00Z,2026-07-19T01:00:00Z,AmazonVPC,Amazon Virtual Private Cloud,NatGateway-Hours,RunInstances,eu-west-1,amazonvpc-res-5,10.2,4.0137,3.496
,2026-07-01T00:00:00Z,2026-08-01T00:00:00Z,444455556666,Usage,2026-07-19T00:00:00Z,2026-07-19T01:00:00Z,AmazonEC2,Amazon Elastic Compute Cloud,EBS:VolumeUsage.gp3,RunInstances,eu-west-1,amazonec2-res-21,71.31,2.3323,1.1662
,2026-07-01T00:00:00Z,2026-08-01T00:00:00Z,444455556666,Usage,2026-07-19T00:00:00Z,2026-07-19T01:00:00Z,AmazonS3,Amazon Simple Storage Service,TimedStorage-ByteHrs,RunInstances,us-west-2,amazons3-res-13,19.15,4.5871,1.6583
,2026-07-01T00:00:00Z,2026-08-01T00:00:00Z,444455556666,Usage,2026-07-19T00:00:00Z,2026-07-19T01:00:00Z,AmazonRDS,Amazon Relational Database Service,InstanceUsage:db.t3.medium,RunInstances,us-east-1,amazonrds-res-3,48.06,1.7637,2.3116
,2026-07-01T00:00:00Z,2026-08-01T00:00:00Z,444455556666,Usage,2026-07-19T00:00:00Z,2026-07-19T01:00:00Z,AmazonS3,Amazon Simple Storage Service,Requests-Tier1,RunInstances,eu-west-1,amazons3-res-19,13.61,0.5236,4.0896
,2026-07-01T00:00:00Z,2026-08-01T00:00:00Z,111122223333,Usage,2026-07-19T00:00:00Z,2026-07-19T01:00:00Z,AmazonEC2,Amazon Elastic Compute Cloud,DataTransfer-Out-Bytes,RunInstances,us-west-2,amazonec2-res-18,46.64,2.9568,1.2005
,2026-07-01T00:00:00Z,2026-08-01T00:00:00Z,444455556666,Usage,2026-07-19T00:00:00Z,2026-07-19T01:00:00Z,AmazonS3,Amazon Simple Storage Service,TimedStorage-ByteHrs,RunInstances,us-west-2,amazons3-res-3,34.73,4.0714,2.9589
,2026-07-01T00:00:00Z,2026-08-01T00:00:00Z,111122223333,Usage,2026-07-19T00:00:00Z,2026-07-19T01:00:00Z,AWSDataTransfer,AWS Data Transfer,DataTransfer-Regional-Bytes,RunInstances,us-east-1,awsdatatransfer-res-22,67.29,3.6994,3.5624
,2026-07-01T00:00:00Z,2026-08-01T00:00:00Z,444455556666,Usage,2026-07-19T00:00:00Z,2026-07-19T01:00:00Z,AWSDataTransfer,AWS Data Transfer,DataTransfer-Out-Bytes,RunInstances,us-west-2,awsdatatransfer-res-18,10.67,2.2316,1.5471
,2026-07-01T00:00:00Z,2026-08-01T00:00:00Z,111122223333,Usage,2026-07-19T00:00:00Z,2026-07-19T01:00:00Z,AWSDataTransfer,AWS Data Transfer,DataTransfer-Out-Bytes,RunInstances,eu-west-1,awsdatatransfer-res-20,77.36,1.9008,2.4765
,2026-07-01T00:00:00Z,2026-08-01T00:00:00Z,111122223333,Usage,2026-07-19T00:00:00Z,2026-07-19T01:00:00Z,AmazonCloudFront,Amazon CloudFront,DataTransfer-Out-Bytes,RunInstances,us-east-1,amazoncloudfront-res-5,88.84,4.5172,3.1843
,2026-07-01T00:00:00Z,2026-08-01T00:00:00Z,111122223333,Usage,2026-07-19T00:00:00Z,2026-07-19T01:00:00Z,AmazonEC2,Amazon Elastic Compute Cloud,BoxUsage:m5.large,RunInstances,us-west-2,amazonec2-res-18,29.86,3.0817,2.2413
,2026-07-01T00:00:00Z,2026-08-01T00:00:00Z,444455556666,Usage,2026-07-19T00:00:00Z,2026-07-19T01:00:00Z,AmazonS3,Amazon Simple Storage Service,Requests-Tier1,RunInstances,eu-west-1,amazons3-res-22,31.15,4.7172,2.1793
,2026-07-01T00:00:00Z,2026-08-01T00:00:00Z,111122223333,Usage,2026-07-19T00:00:00Z,2026-07-19T01:00:00Z,AmazonRDS,Amazon Relational Database Service,InstanceUsage:db.t3.medium,RunInstances,eu-west-1,amazonrds-res-17,41.02,0.6465,1.478
,2026-07-01T00:00:00Z,2026-08-01T00:00:00Z,111122223333,Usage,2026-07-19T00:00:00Z,2026-07-19T01:00:00Z,AmazonRDS,Amazon Relational Database Service,InstanceUsage:db.t3.medium,RunInstances,eu-west-1,amazonrds-res-18,82.25,1.8026,4.3076
,2026-07-01T00:00:00Z,2026-08-01T00:00:00Z,444455556666,Usage,2026-07-19T00:00:00Z,2026-07-19T01:00:00Z,AmazonEC2,Amazon Elastic Compute Cloud,BoxUsage:m5.large,RunInstances,eu-west-1,amazonec2-res-19,40.03,1.5975,1.9201
,2026-07-01T00:00:00Z,2026-08-01T00:00:00Z,111122223333,Usage,2026-07-19T00:00:00Z,2026-07-19T01:00:00Z,AWSDataTransfer,AWS Data Transfer,DataTransfer-Regional-Bytes,RunInstances,eu-west-1,awsdatatransfer-res-6,48.01,0.9493,1.9291
,2026-07-01T00:00:00Z,2026-08-01T00:00:00Z,111122223333,Usage,2026-07-19T00:00:00Z,2026-07-19T01:00:00Z,AmazonRDS,Amazon Relational Database Service,InstanceUsage:db.t3.medium,RunInstances,us-west-2,amazonrds-res-22,13.43,0.0679,3.2455
,2026-07-01T00:00:00Z,2026-08-01T00:00:00Z,444455556666,Usage,2026-07-19T00:00:00Z,2026-07-19T01:00:00Z,AmazonS3,Amazon Simple Storage Service,Requests-Tier1,RunInstances,us-east-1,amazons3-res-3,14.58,4.0316,4.3022
,2026-07-01T00:00:00Z,2026-08-01T00:00:00Z,111122223333,Usage,2026-07-19T00:00:00Z,2026-07-19T01:00:00Z,AmazonCloudFront,Amazon CloudFront,DataTransfer-Out-Bytes,RunInstances,us-west-2,amazoncloudfront-res-17,42.99,4.1022,1.9297
,2026-07-01T00:00:00Z,2026-08-01T00:00:00Z,444455556666,Usage,2026-07-19T00:00:00Z,2026-07-19T01:00:00Z,AmazonS3,Amazon Simple Storage Service,TimedStorage-ByteHrs,RunInstances,eu-west-1,amazons3-res-1,58.22,4.2356,1.1914
,2026-07-01T00:00:00Z,2026-08-01T00:00:00Z,444455556666,Usage,2026-07-19T00:00:00Z,2026-07-19T01:00:00Z,AmazonVPC,Amazon Virtual Private Cloud,NatGateway-Bytes,RunInstances,eu-west-1,amazonvpc-res-19,37.33,4.8914,2.8451
,2026-07-01T00:00:00Z,2026-08-01T00:00:00Z,111122223333,Usage,2026-07-19T00:00:00Z,2026-07-19T01:00:00Z,AmazonCloudFront,Amazon CloudFront,DataTransfer-Out-Bytes,RunInstances,eu-west-1,amazoncloudfront-res-16,96.21,0.4095,3.6536
,2026-07-01T00:00:00Z,2026-08-01T00:00:00Z,444455556666,Usage,2026-07-19T00:00:00Z,2026-07-19T01:00:00Z,AmazonVPC,Amazon Virtual Private Cloud,NatGateway-Bytes,RunInstances,eu-west-1,amazonvpc-res-3,52.81,3.0543,1.2337
,2026-07-01T00:00:00Z,2026-08-01T00:00:00Z,444455556666,Usage,2026-07-19T00:00:00Z,2026-07-19T01:00:00Z,AmazonCloudFront,Amazon CloudFront,DataTransfer-Out-Bytes,RunInstances,eu-west-1,amazoncloudfront-res-2,90.45,2.6798,0.0638
,2026-07-01T00:00:00Z,2026-08-01T00:00:00Z,444455556666,Usage,2026-07-19T00:00:00Z,2026-07-19T01:00:00Z,AWSDataTransfer,AWS Data Transfer,DataTransfer-Regional-Bytes,RunInstances,us-west-2,awsdatatransfer-res-12,96.1,3.9931,1.4532
,2026-07-01T00:00:00Z,2026-08-01T00:00:00Z,444455556666,Usage,2026-07-19T00:00:00Z,2026-07-19T01:00:00Z,AmazonEC2,Amazon Elastic Compute Cloud,DataTransfer-Out-Bytes,RunInstances,us-east-1,amazonec2-res-21,47.84,0.8537,0.2676
,2026-07-01T00:00:00Z,2026-08-01T00:00:00Z,111122223333,Tax,2026-07-19T00:00:00Z,2026-07-19T01:00:00Z,AmazonEC2,Amazon Elastic Compute Cloud,,,,,0.0,9.91,0.0
,2026-07-01T00:00:00Z,2026-08-01T00:00:00Z,444455556666,Credit,2026-07-19T00:00:00Z,2026-07-19T01:00:00Z,AmazonEC2,Amazon Elastic Compute Cloud,,,,,0.0,-2.52,0.0
,2026-07-01T00:00:00Z,2026-08-01T00:00:00Z,444455556666,Usage,2026-07-20T00:00:00Z,2026-07-20T01:00:00Z,AmazonVPC,Amazon Virtual Private Cloud,NatGateway-Hours,RunInstances,us-west-2,amazonvpc-res-3,13.56,0.3935,3.921
,2026-07-01T00:00:00Z,2026-08-01T00:00:00Z,444455556666,Usage,2026-07-20T00:00:00Z,2026-07-20T01:00:00Z,AmazonRDS,Amazon Relational Database Service,InstanceUsage:db.t3.medium,RunInstances,us-west-2,amazonrds-res-9,2.41,0.5666,0.8813
,2026-07-01T00:00:00Z,2026-08-01T00:00:00Z,444455556666,Usage,2026-07-20T00:00:00Z,2026-07-20T01:00:00Z,AmazonVPC,Amazon Virtual Private Cloud,NatGateway-Hours,RunInstances,us-west-2,amazonvpc-res-6,26.86,3.5069,2.4297
,2026-07-01T00:00:00Z,2026-08-01T00:00:00Z,444455556666,Usage,2026-07-20T00:00:00Z,2026-07-20T01:00:00Z,AmazonVPC,Amazon Virtual Private Cloud,NatGateway-Hours,RunInstances,us-east-1,amazonvpc-res-5,59.96,4.1104,4.1897
,2026-07-01T00:00:00Z,2026-08-01T00:00:00Z,111122223333,Usage,2026-07-20T00:00:00Z,2026-07-20T01:00:00Z,AWSDataTransfer,AWS Data Transfer,DataTransfer-Regional-Bytes,RunInstances,eu-west-1,awsdatatransfer-res-15,72.87,0.8447,2.893
,2026-07-01T00:00:00Z,2026-08-01T00:00:00Z,444455556666,Usage,2026-07-20T00:00:00Z,2026-07-20T01:00:00Z,AmazonRDS,Amazon Relational Database Service,InstanceUsage:db.t3.medium,RunInstances,us-east-1,amazonrds-res-2,17.59,1.9997,1.5138
,2026-07-01T00:00:00Z,2026-08-01T00:00:00Z,444455556666,Usage,2026-07-20T00:00:00Z,2026-07-20T01:00:00Z,AmazonCloudFront,Amazon CloudFront,DataTransfer-Out-Bytes,RunInstances,eu-west-1,amazoncloudfront-res-23,39.62,1.3205,2.6569
,2026-07-01T00:00:00Z,2026-08-01T00:00:00Z,444455556666,Usage,2026-07-20T00:00:00Z,2026-07-20T01:00:00Z,AWSDataTransfer,AWS Data Transfer,DataTransfer-Out-Bytes,RunInstances,us-west-2,awsdatatransfer-res-13,68.17,4.8092,3.4176
,2026-07-01T00:00:00Z,2026-08-01T00:00:00Z,444455556666,Usage,2026-07-20T00:00:00Z,2026-07-20T01:00:00Z,AmazonEC2,Amazon Elastic Compute Cloud,BoxUsage:t3.micro,RunInstances,us-west-2,amazonec2-res-20,91.89,4.2932,1.6815
,2026-07-01T00:00:00Z,2026-08-01T00:00:00Z,444455556666,Usage,2026-07-20T00:00:00Z,2026-07-20T01:00:00Z,AmazonRDS,Amazon Relational Database Service,InstanceUsage:db.t3.medium,RunInstances,eu-west-1,amazonrds-res-19,39.72,3.868,3.748
,2026-07-01T00:00:00Z,2026-08-01T00:00:00Z,444455556666,Usage,2026-07-20T00:00:00Z,2026-07-20T01:00:00Z,AmazonCloudFront,Amazon CloudFront,DataTransfer-Out-Bytes,RunInstances,eu-west-1,amazoncloudfront-res-23,99.33,1.5732,0.0628
,2026-07-01T00:00:00Z,2026-08-01T00:00:00Z,111122223333,Usage,2026-07-20T00:00:00Z,2026-07-20T01:00:00Z,AmazonEC2,Amazon Elastic Compute Cloud,BoxUsage:t3.micro,RunInstances,us-west-2,amazonec2-res-4,53.0,3.4306,1.7641
,2026-07-01T00:00:00Z,2026-08-01T00:00:00Z,444455556666,Usage,2026-07-20T00:00:00Z,2026-07-20T01:00:00Z,AmazonCloudFront,Amazon CloudFront,DataTransfer-Out-Bytes,RunInstances,us-east-1,amazoncloudfront-res-2,3.35,0.4688,4.6931
,2026-07-01T00:00:00Z,2026-08-01T00:00:00Z,111122223333,Usage,2026-07-20T00:00:00Z,2026-07-20T01:00:00Z,AmazonCloudFront,Amazon CloudFront,DataTransfer-Out-Bytes,RunInstances,eu-west-1,amazoncloudfront-res-4,9.55,3.0274,1.886
,2026-07-01T00:00:00Z,2026-08-01T00:00:00Z,111122223333,Usage,2026-07-20T00:00:00Z,2026-07-20T01:00:00Z,AmazonCloudFront,Amazon CloudFront,DataTransfer-Out-Bytes,RunInstances,eu-west-1,amazoncloudfront-res-6,26.08,2.3401,4.6815
,2026-07-01T00:00:00Z,2026-08-01T00:00:00Z,444455556666,Usage,2026-07-20T00:00:00Z,2026-07-20T01:00:00Z,AmazonCloudFront,Amazon CloudFront,DataTransfer-Out-Bytes,RunInstances,us-west-2,amazoncloudfront-res-23,90.44,3.8517,1.6238
,2026-07-01T00:00:00Z,2026-08-01T00:00:00Z,444455556666,Usage,2026-07-20T00:00:00Z,2026-07-20T01:00:00Z,AmazonS3,Amazon Simple Storage Service,TimedStorage-ByteHrs,RunInstances,us-east-1,amazons3-res-13,39.47,4.9798,1.2986
,2026-07-01T00:00:00Z,2026-08-01T00:00:00Z,444455556666,Usage,2026-07-20T00:00:00Z,2026-07-20T01:00:00Z,AmazonRDS,Amazon Relational Database Service,InstanceUsage:db.t3.medium,RunInstances,us-east-1,amazonrds-res-16,97.96,1.0113,1.9692
,2026-07-01T00:00:00Z,2026-08-01T00:00:00Z,111122223333,Usage,2026-07-20T00:00:00Z,2026-07-20T01:00:00Z,AmazonCloudFront,Amazon CloudFront,DataTransfer-Out-Bytes,RunInstances,us-east-1,amazoncloudfront-res-18,77.1,1.0997,3.2203
,2026-07-01T00:00:00Z,2026-08-01T00:00:00Z,111122223333,Usage,2026-07-20T00:00:00Z,2026-07-20T01:00:00Z,AWSDataTransfer,AWS Data Transfer,DataTransfer-Regional-Bytes,RunInstances,us-east-1,awsdatatransfer-res-3,7.97,3.6405,3.8884
,2026-07-01T00:00:00Z,2026-08-01T00:00:00Z,111122223333,Usage,2026-07-20T00:00:00Z,2026-07-20T01:00:00Z,AmazonEC2,Amazon Elastic Compute Cloud,EBS:VolumeUsage.gp3,RunInstances,eu-west-1,amazonec2-res-21,1.09,0.1988,1.9585
,2026-07-01T00:00:00Z,2026-08-01T00:00:00Z,444455556666,Usage,2026-07-20T00:00:00Z,2026-07-20T01:00:00Z,AmazonS3,Amazon Simple Storage Service,Requests-Tier1,RunInstances,eu-west-1,amazons3-res-1,52.02,4.7002,2.4585
,2026-07-01T00:00:00Z,2026-08-01T00:00:00Z,111122223333,Usage,2026-07-20T00:00:00Z,2026-07-20T01:00:00Z,AWSDataTransfer,AWS Data Transfer,DataTransfer-Regional-Bytes,RunInstances,eu-west-1,awsdatatransfer-res-8,1.33,4.7712,4.0917
,2026-07-01T00:00:00Z,2026-08-01T00:00:00Z,444455556666,Usage,2026-07-20T00:00:00Z,2026-07-20T01:00:00Z,AWSDataTransfer,AWS Data Transfer,DataTransfer-Out-Bytes,RunInstances,us-west-2,awsdatatransfer-res-22,30.98,0.2854,4.9851
,2026-07-01T00:00:00Z,2026-08-01T00:00:00Z,444455556666,Usage,2026-07-20T00:00:00Z,2026-07-20T01:00:00Z,AmazonCloudFront,Amazon CloudFront,DataTransfer-Out-Bytes,RunInstances,eu-west-1,amazoncloudfront-res-11,8.97,2.3036,3.8349
,2026-07-01T00:00:00Z,2026-08-01T00:00:00Z,111122223333,Usage,2026-07-20T00:00:00Z,2026-07-20T01:00:00Z,AmazonCloudFront,Amazon CloudFront,DataTransfer-Out-Bytes,RunInstances,eu-west-1,amazoncloudfront-res-2,96.78,3.3071,1.5014
,2026-07-01T00:00:00Z,2026-08-01T00:00:00Z,444455556666,Usage,2026-07-20T00:00:00Z,2026-07-20T01:00:00Z,AWSDataTransfer,AWS Data Transfer,DataTransfer-Out-Bytes,RunInstances,us-west-2,awsdatatransfer-res-3,88.64,2.1955,0.9554
,2026-07-01T00:00:00Z,2026-08-01T00:00:00Z,111122223333,Usage,2026-07-20T00:00:00Z,2026-07-20T01:00:00Z,AmazonEC2,Amazon Elastic Compute Cloud,BoxUsage:m5.large,RunInstances,eu-west-1,amazonec2-res-19,24.61,1.9499,3.9658
,2026-07-01T00:00:00Z,2026-08-01T00:00:00Z,444455556666,Usage,2026-07-20T00:00:00Z,2026-07-20T01:00:00Z,AmazonCloudFront,Amazon CloudFront,DataTransfer-Out-Bytes,RunInstances,eu-west-1,amazoncloudfront-res-15,96.69,0.0919,1.703
,2026-07-01T00:00:00Z,2026-08-01T00:00:00Z,444455556666,Usage,2026-07-20T00:00:00Z,2026-07-20T01:00:00Z,AmazonRDS,Amazon Relational Database Service,InstanceUsage:db.t3.medium,RunInstances,us-east-1,amazonrds-res-7,80.9,3.3399,2.2973
,2026-07-01T00:00:00Z,2026-08-01T00:00:00Z,111122223333,Usage,2026-07-20T00:00:00Z,2026-07-20T01:00:00Z,AmazonCloudFront,Amazon CloudFront,DataTransfer-Out-Bytes,RunInstances,us-east-1,amazoncloudfront-res-2,73.81,2.4496,0.1051
,2026-07-01T00:00:00Z,2026-08-01T00:00:00Z,111122223333,Usage,2026-07-20T00:00:00Z,2026-07-20T01:00:00Z,AmazonVPC,Amazon Virtual Private Cloud,NatGateway-Hours,RunInstances,eu-west-1,amazonvpc-res-21,13.92,0.8695,0.2593
,2026-07-01T00:00:00Z,2026-08-01T00:00:00Z,444455556666,Usage,2026-07-20T00:00:00Z,2026-07-20T01:00:00Z,AmazonRDS,Amazon Relational Database Service,InstanceUsage:db.t3.medium,RunInstances,eu-west-1,amazonrds-res-6,83.7,0.3291,4.0892
,2026-07-01T00:00:00Z,2026-08-01T00:00:00Z,111122223333,Usage,2026-07-20T00:00:00Z,2026-07-20T01:00:00Z,AmazonEC2,Amazon Elastic Compute Cloud,EBS:VolumeUsage.gp3,RunInstances,us-east-1,amazonec2-res-7,43.19,4.0595,4.9111
,2026-07-01T00:00:00Z,2026-08-01T00:00:00Z,444455556666,Usage,2026-07-20T00:00:00Z,2026-07-20T01:00:00Z,AmazonCloudFront,Amazon CloudFront,DataTransfer-Out-Bytes,RunInstances,us-east-1,amazoncloudfront-res-22,58.02,0.6953,4.1838
,2026-07-01T00:00:00Z,2026-08-01T00:00:00Z,111122223333,Usage,2026-07-20T00:00:00Z,2026-07-20T01:00:00Z,AmazonS3,Amazon Simple Storage Service,TimedStorage-ByteHrs,RunInstances,us-west-2,amazons3-res-3,12.95,0.7148,2.0816
,2026-07-01T00:00:00Z,2026-08-01T00:00:00Z,111122223333,Usage,2026-07-20T00:00:00Z,2026-07-20T01:00:00Z,AmazonCloudFront,Amazon CloudFront,DataTransfer-Out-Bytes,RunInstances,us-west-2,amazoncloudfront-res-8,92.64,0.2131,0.5088
,2026-07-01T00:00:00Z,2026-08-01T00:00:00Z,111122223333,Usage,2026-07-20T00:00:00Z,2026-07-20T01:00:00Z,AmazonCloudFront,Amazon CloudFront,DataTransfer-Out-Bytes,RunInstances,us-east-1,amazoncloudfront-res-16,8.99,0.046,4.6314
,2026-07-01T00:00:00Z,2026-08-01T00:00:00Z,444455556666,Usage,2026-07-20T00:00:00Z,2026-07-20T01:00:00Z,AmazonCloudFront,Amazon CloudFront,DataTransfer-Out-Bytes,RunInstances,eu-west-1,amazoncloudfront-res-25,48.13,0.6432,0.724
,2026-07-01T00:00:00Z,2026-08-01T00:00:00Z,444455556666,Usage,2026-07-20T00:00:00Z,2026-07-20T01:00:00Z,AmazonRDS,Amazon Relational Database Service,InstanceUsage:db.t3.medium,RunInstances,us-east-1,amazonrds-res-6,61.44,0.1977,0.9082
,2026-07-01T00:00:00Z,2026-08-01T00:00:00Z,111122223333,Tax,2026-07-20T00:00:00Z,2026-07-20T01:00:00Z,AmazonEC2,Amazon Elastic Compute Cloud,,,,,0.0,5.5,0.0
,2026-07-01T00:00:00Z,2026-08-01T00:00:00Z,444455556666,Credit,2026-07-20T00:00:00Z,2026-07-20T01:00:00Z,AmazonEC2,Amazon Elastic Compute Cloud,,,,,0.0,-2.88,0.0
,2026-07-01T00:00:00Z,2026-08-01T00:00:00Z,444455556666,Usage,2026-07-21T00:00:00Z,2026-07-21T01:00:00Z,AmazonCloudFront,Amazon CloudFront,DataTransfer-Out-Bytes,RunInstances,us-west-2,amazoncloudfront-res-1,56.21,0.9676,4.9332
,2026-07-01T00:00:00Z,2026-08-01T00:00:00Z,111122223333,Usage,2026-07-21T00:00:00Z,2026-07-21T01:00:00Z,AmazonEC2,Amazon Elastic Compute Cloud,DataTransfer-Out-Bytes,RunInstances,us-west-2,amazonec2-res-25,63.02,1.0485,0.2748
,2026-07-01T00:00:00Z,2026-08-01T00:00:00Z,444455556666,Usage,2026-07-21T00:00:00Z,2026-07-21T01:00:00Z,AmazonEC2,Amazon Elastic Compute Cloud,BoxUsage:m5.large,RunInstances,us-west-2,amazonec2-res-6,16.82,4.6141,0.2796
,2026-07-01T00:00:00Z,2026-08-01T00:00:00Z,111122223333,Usage,2026-07-21T00:00:00Z,2026-07-21T01:00:00Z,AmazonRDS,Amazon Relational Database Service,InstanceUsage:db.t3.medium,RunInstances,us-west-2,amazonrds-res-9,34.1,4.0277,3.7945
,2026-07-01T00:00:00Z,2026-08-01T00:00:00Z,111122223333,Usage,2026-07-21T00:00:00Z,2026-07-21T01:00:00Z,AmazonEC2,Amazon Elastic Compute Cloud,BoxUsage:t3.micro,RunInstances,eu-west-1,amazonec2-res-6,16.65,0.155,2.5794
,2026-07-01T00:00:00Z,2026-08-01T00:00:00Z,444455556666,Usage,2026-07-21T00:00:00Z,2026-07-21T01:00:00Z,AmazonEC2,Amazon Elastic Compute Cloud,BoxUsage:m5.large,RunInstances,eu-west-1,amazonec2-res-19,33.27,1.0018,3.3875
,2026-07-01T00:00:00Z,2026-08-01T00:00:00Z,111122223333,Usage,2026-07-21T00:00:00Z,2026-07-21T01:00:00Z,AmazonRDS,Amazon Relational Database Service,InstanceUsage:db.t3.medium,RunInstances,us-west-2,amazonrds-res-8,10.71,3.6914,4.3507
,2026-07-01T00:00:00Z,2026-08-01T00:00:00Z,111122223333,Usage,2026-07-21T00:00:00Z,2026-07-21T01:00:00Z,AWSDataTransfer,AWS Data Transfer,DataTransfer-Out-Bytes,RunInstances,us-west-2,awsdatatransfer-res-19,48.96,4.4535,0.7333
,2026-07-01T00:00:00Z,2026-08-01T00:00:00Z,111122223333,Usage,2026-07-21T00:00:00Z,2026-07-21T01:00:00Z,AmazonVPC,Amazon Virtual Private Cloud,NatGateway-Bytes,RunInstances,us-west-2,amazonvpc-res-12,14.5,3.6019,3.1638
,2026-07-01T00:00:00Z,2026-08-01T00:00:00Z,444455556666,Usage,2026-07-21T00:00:00Z,2026-07-21T01:00:00Z,AmazonRDS,Amazon Relational Database Service,InstanceUsage:db.t3.medium,RunInstances,us-east-1,amazonrds-res-2,69.53,0.3077,0.6911
,2026-07-01T00:00:00Z,2026-08-01T00:00:00Z,444455556666,Usage,2026-07-21T00:00:00Z,2026-07-21T01:00:00Z,AWSDataTransfer,AWS Data Transfer,DataTransfer-Regional-Bytes,RunInstances,us-east-1,awsdatatransfer-res-25,35.01,4.4332,3.0221
,2026-07-01T00:00:00Z,2026-08-01T00:00:00Z,111122223333,Usage,2026-07-21T00:00:00Z,2026-07-21T01:00:00Z,AmazonCloudFront,Amazon CloudFront,DataTransfer-Out-Bytes,RunInstances,us-east-1,amazoncloudfront-res-14,85.84,2.4512,4.9784
,2026-07-01T00:00:00Z,2026-08-01T00:00:00Z,444455556666,Usage,2026-07-21T00:00:00Z,2026-07-21T01:00:00Z,AmazonVPC,Amazon Virtual Private Cloud,NatGateway-Bytes,RunInstances,us-west-2,amazonvpc-res-1,73.27,3.6835,1.2408
,2026-07-01T00:00:00Z,2026-08-01T00:00:00Z,111122223333,Usage,2026-07-21T00:00:00Z,2026-07-21T01:00:00Z,AmazonRDS,Amazon Relational Database Service,InstanceUsage:db.t3.medium,RunInstances,eu-west-1,amazonrds-res-5,91.46,4.4923,2.0947
,2026-07-01T00:00:00Z,2026-08-01T00:00:00Z,444455556666,Usage,2026-07-21T00:00:00Z,2026-07-21T01:00:00Z,AmazonEC2,Amazon Elastic Compute Cloud,BoxUsage:t3.micro,RunInstances,eu-west-1,amazonec2-res-25,50.92,2.1342,1.9777
,2026-07-01T00:00:00Z,2026-08-01T00:00:00Z,444455556666,Usage,2026-07-21T00:00:00Z,2026-07-21T01:00:00Z,AmazonCloudFront,Amazon CloudFront,DataTransfer-Out-Bytes,RunInstances,us-west-2,amazoncloudfront-res-8,9.23,3.7679,3.4689
,2026-07-01T00:00:00Z,2026-08-01T00:00:00Z,111122223333,Usage,2026-07-21T00:00:00Z,2026-07-21T01:00:00Z,AWSDataTransfer,AWS Data Transfer,DataTransfer-Out-Bytes,RunInstances,us-west-2,awsdatatransfer-res-10,24.67,4.9948,0.0895
,2026-07-01T00:00:00Z,2026-08-01T00:00:00Z,111122223333,Usage,2026-07-21T00:00:00Z,2026-07-21T01:00:00Z,AmazonCloudFront,Amazon CloudFront,DataTransfer-Out-Bytes,RunInstances,eu-west-1,amazoncloudfront-res-15,85.93,3.739,0.1318
,2026-07-01T00:00:00Z,2026-08-01T00:00:00Z,111122223333,Usage,2026-07-21T00:00:00Z,2026-07-21T01:00:00Z,AWSDataTransfer,AWS Data Transfer,DataTransfer-Regional-Bytes,RunInstances,eu-west-1,awsdatatransfer-res-13,19.31,4.359,3.1378
,2026-07-01T00:00:00Z,2026-08-01T00:00:00Z,111122223333,Usage,2026-07-21T00:00:00Z,2026-07-21T01:00:00Z,AmazonCloudFront,Amazon CloudFront,DataTransfer-Out-Bytes,RunInstances,us-west-2,amazoncloudfront-res-23,33.96,0.1732,2.1353
,2026-07-01T00:00:00Z,2026-08-01T00:00:00Z,111122223333,Usage,2026-07-21T00:00:00Z,2026-07-21T01:00:00Z,AmazonRDS,Amazon Relational Database Service,InstanceUsage:db.t3.medium,RunInstances,eu-west-1,amazonrds-res-11,73.84,0.2835,4.7272
,2026-07-01T00:00:00Z,2026-08-01T00:00:00Z,111122223333,Usage,2026-07-21T00:00:00Z,2026-07-21T01:00:00Z,AmazonCloudFront,Amazon CloudFront,DataTransfer-Out-Bytes,RunInstances,us-east-1,amazoncloudfront-res-13,37.19,3.0995,1.8342
,2026-07-01T00:00:00Z,2026-08-01T00:00:00Z,111122223333,Usage,2026-07-21T00:00:00Z,2026-07-21T01:00:00Z,AmazonS3,Amazon Simple Storage Service,TimedStorage-ByteHrs,RunInstances,us-east-1,amazons3-res-11,24.62,0.5767,2.3977
,2026-07-01T00:00:00Z,2026-08-01T00:00:00Z,111122223333,Usage,2026-07-21T00:00:00Z,2026-07-21T01:00:00Z,AmazonVPC,Amazon Virtual Private Cloud,NatGateway-Hours,RunInstances,us-west-2,amazonvpc-res-12,89.9,2.5228,2.1204
,2026-07-01T00:00:00Z,2026-08-01T00:00:00Z,444455556666,Usage,2026-07-21T00:00:00Z,2026-07-21T01:00:00Z,AmazonEC2,Amazon Elastic Compute Cloud,BoxUsage:t3.micro,RunInstances,us-west-2,amazonec2-res-15,49.14,2.6381,0.6223
,2026-07-01T00:00:00Z,2026-08-01T00:00:00Z,444455556666,Usage,2026-07-21T00:00:00Z,2026-07-21T01:00:00Z,AmazonCloudFront,Amazon CloudFront,DataTransfer-Out-Bytes,RunInstances,eu-west-1,amazoncloudfront-res-12,80.19,4.7274,4.0459
,2026-07-01T00:00:00Z,2026-08-01T00:00:00Z,444455556666,Usage,2026-07-21T00:00:00Z,2026-07-21T01:00:00Z,AmazonEC2,Amazon Elastic Compute Cloud,BoxUsage:m5.large,RunInstances,us-east-1,amazonec2-res-3,39.68,0.9023,4.7917
,2026-07-01T00:00:00Z,2026-08-01T00:00:00Z,111122223333,Usage,2026-07-21T00:00:00Z,2026-07-21T01:00:00Z,AmazonEC2,Amazon Elastic Compute Cloud,BoxUsage:t3.micro,RunInstances,us-west-2,amazonec2-res-4,70.01,2.4867,4.3762
,2026-07-01T00:00:00Z,2026-08-01T00:00:00Z,444455556666,Usage,2026-07-21T00:00:00Z,2026-07-21T01:00:00Z,AmazonVPC,Amazon Virtual Private Cloud,NatGateway-Hours,RunInstances,us-west-2,amazonvpc-res-22,54.6,0.6688,1.74
,2026-07-01T00:00:00Z,2026-08-01T00:00:00Z,444455556666,Usage,2026-07-21T00:00:00Z,2026-07-21T01:00:00Z,AWSDataTransfer,AWS Data Transfer,DataTransfer-Out-Bytes,RunInstances,us-east-1,awsdatatransfer-res-3,3.18,4.0119,4.1764
,2026-07-01T00:00:00Z,2026-08-01T00:00:00Z,444455556666,Usage,2026-07-21T00:00:00Z,2026-07-21T01:00:00Z,AmazonVPC,Amazon Virtual Private Cloud,NatGateway-Bytes,RunInstances,eu-west-1,amazonvpc-res-11,65.92,3.9363,2.4359
,2026-07-01T00:00:00Z,2026-08-01T00:00:00Z,444455556666,Usage,2026-07-21T00:00:00Z,2026-07-21T01:00:00Z,AmazonCloudFront,Amazon CloudFront,DataTransfer-Out-Bytes,RunInstances,us-west-2,amazoncloudfront-res-19,14.06,3.9488,0.867
,2026-07-01T00:00:00Z,2026-08-01T00:00:00Z,444455556666,Usage,2026-07-21T00:00:00Z,2026-07-21T01:00:00Z,AmazonRDS,Amazon Relational Database Service,InstanceUsage:db.t3.medium,RunInstances,us-west-2,amazonrds-res-10,77.21,0.2461,1.7721
,2026-07-01T00:00:00Z,2026-08-01T00:00:00Z,111122223333,Usage,2026-07-21T00:00:00Z,2026-07-21T01:00:00Z,AWSDataTransfer,AWS Data Transfer,DataTransfer-Out-Bytes,RunInstances,eu-west-1,awsdatatransfer-res-18,29.24,4.8663,4.1983
,2026-07-01T00:00:00Z,2026-08-01T00:00:00Z,111122223333,Usage,2026-07-21T00:00:00Z,2026-07-21T01:00:00Z,AmazonCloudFront,Amazon CloudFront,DataTransfer-Out-Bytes,RunInstances,us-east-1,amazoncloudfront-res-4,5.07,1.59,0.6411
,2026-07-01T00:00:00Z,2026-08-01T00:00:00Z,111122223333,Usage,2026-07-21T00:00:00Z,2026-07-21T01:00:00Z,AmazonRDS,Amazon Relational Database Service,InstanceUsage:db.t3.medium,RunInstances,us-east-1,amazonrds-res-18,71.01,3.3311,4.8903
,2026-07-01T00:00:00Z,2026-08-01T00:00:00Z,444455556666,Usage,2026-07-21T00:00:00Z,2026-07-21T01:00:00Z,AmazonS3,Amazon Simple Storage Service,Requests-Tier1,RunInstances,eu-west-1,amazons3-res-6,53.83,0.6162,0.1344
,2026-07-01T00:00:00Z,2026-08-01T00:00:00Z,444455556666,Usage,2026-07-21T00:00:00Z,2026-07-21T01:00:00Z,AWSDataTransfer,AWS Data Transfer,DataTransfer-Out-Bytes,RunInstances,us-west-2,awsdatatransfer-res-5,1.43,3.6951,4.8782
,2026-07-01T00:00:00Z,2026-08-01T00:00:00Z,444455556666,Usage,2026-07-21T00:00:00Z,2026-07-21T01:00:00Z,AmazonRDS,Amazon Relational Database Service,InstanceUsage:db.t3.medium,RunInstances,us-west-2,amazonrds-res-25,98.09,2.8729,0.7439
,2026-07-01T00:00:00Z,2026-08-01T00:00:00Z,444455556666,Usage,2026-07-21T00:00:00Z,2026-07-21T01:00:00Z,AmazonVPC,Amazon Virtual Private Cloud,NatGateway-Bytes,RunInstances,eu-west-1,amazonvpc-res-4,73.43,4.5019,0.7057
,2026-07-01T00:00:00Z,2026-08-01T00:00:00Z,111122223333,Tax,2026-07-21T00:00:00Z,2026-07-21T01:00:00Z,AmazonEC2,Amazon Elastic Compute Cloud,,,,,0.0,5.96,0.0
,2026-07-01T00:00:00Z,2026-08-01T00:00:00Z,444455556666,Credit,2026-07-21T00:00:00Z,2026-07-21T01:00:00Z,AmazonEC2,Amazon Elastic Compute Cloud,,,,,0.0,-1.27,0.0
,2026-07-01T00:00:00Z,2026-08-01T00:00:00Z,444455556666,Usage,2026-07-22T00:00:00Z,2026-07-22T01:00:00Z,AWSDataTransfer,AWS Data Transfer,DataTransfer-Out-Bytes,RunInstances,us-west-2,awsdatatransfer-res-3,33.31,3.0447,0.9838
,2026-07-01T00:00:00Z,2026-08-01T00:00:00Z,444455556666,Usage,2026-07-22T00:00:00Z,2026-07-22T01:00:00Z,AmazonVPC,Amazon Virtual Private Cloud,NatGateway-Hours,RunInstances,us-east-1,amazonvpc-res-1,9.28,4.2488,3.3885
,2026-07-01T00:00:00Z,2026-08-01T00:00:00Z,111122223333,Usage,2026-07-22T00:00:00Z,2026-07-22T01:00:00Z,AmazonEC2,Amazon Elastic Compute Cloud,EBS:VolumeUsage.gp3,RunInstances,us-west-2,amazonec2-res-11,60.71,2.5627,0.2897
,2026-07-01T00:00:00Z,2026-08-01T00:00:00Z,444455556666,Usage,2026-07-22T00:00:00Z,2026-07-22T01:00:00Z,AmazonCloudFront,Amazon CloudFront,DataTransfer-Out-Bytes,RunInstances,us-east-1,amazoncloudfront-res-23,85.53,1.8545,1.8704
,2026-07-01T00:00:00Z,2026-08-01T00:00:00Z,444455556666,Usage,2026-07-22T00:00:00Z,2026-07-22T01:00:00Z,AmazonRDS,Amazon Relational Database Service,InstanceUsage:db.t3.medium,RunInstances,us-west-2,amazonrds-res-15,87.56,0.4471,3.642
,2026-07-01T00:00:00Z,2026-08-01T00:00:00Z,444455556666,Usage,2026-07-22T00:00:00Z,2026-07-22T01:00:00Z,AWSDataTransfer,AWS Data Transfer,DataTransfer-Regional-Bytes,RunInstances,us-west-2,awsdatatransfer-res-6,80.76,4.8521,2.1249
,2026-07-01T00:00:00Z,2026-08-01T00:00:00Z,111122223333,Usage,2026-07-22T00:00:00Z,2026-07-22T01:00:00Z,AWSDataTransfer,AWS Data Transfer,DataTransfer-Out-Bytes,RunInstances,us-east-1,awsdatatransfer-res-7,31.02,4.942,2.6313
,2026-07-01T00:00:00Z,2026-08-01T00:00:00Z,444455556666,Usage,2026-07-22T00:00:00Z,2026-07-22T01:00:00Z,AmazonRDS,Amazon Relational Database Service,InstanceUsage:db.t3.medium,RunInstances,us-east-1,amazonrds-res-1,41.54,4.5729,2.0784
,2026-07-01T00:00:00Z,2026-08-01T00:00:00Z,111122223333,Usage,2026-07-22T00:00:00Z,2026-07-22T01:00:00Z,AmazonVPC,Amazon Virtual Private Cloud,NatGateway-Bytes,RunInstances,us-east-1,amazonvpc-res-6,83.4,1.4544,2.458
,2026-07-01T00:00:00Z,2026-08-01T00:00:00Z,444455556666,Usage,2026-07-22T00:00:00Z,2026-07-22T01:00:00Z,AmazonRDS,Amazon Relational Database Service,InstanceUsage:db.t3.medium,RunInstances,eu-west-1,amazonrds-res-24,46.88,0.1439,0.0222
,2026-07-01T00:00:00Z,2026-08-01T00:00:00Z,444455556666,Usage,2026-07-22T00:00:00Z,2026-07-22T01:00:00Z,AmazonRDS,Amazon Relational Database Service,InstanceUsage:db.t3.medium,RunInstances,us-east-1,amazonrds-res-21,66.93,1.4456,0.9051
,2026-07-01T00:00:00Z,2026-08-01T00:00:00Z,111122223333,Usage,2026-07-22T00:00:00Z,2026-07-22T01:00:00Z,AmazonCloudFront,Amazon CloudFront,DataTransfer-Out-Bytes,RunInstances,us-east-1,amazoncloudfront-res-25,28.44,4.9717,0.343
,2026-07-01T00:00:00Z,2026-08-01T00:00:00Z,444455556666,Usage,2026-07-22T00:00:00Z,2026-07-22T01:00:00Z,AmazonCloudFront,Amazon CloudFront,DataTransfer-Out-Bytes,RunInstances,eu-west-1,amazoncloudfront-res-14,86.97,3.1437,2.3854
,2026-07-01T00:00:00Z,2026-08-01T00:00:00Z,444455556666,Usage,2026-07-22T00:00:00Z,2026-07-22T01:00:00Z,AmazonCloudFront,Amazon CloudFront,DataTransfer-Out-Bytes,RunInstances,eu-west-1,amazoncloudfront-res-24,57.95,4.2279,0.8226
,2026-07-01T00:00:00Z,2026-08-01T00:00:00Z,444455556666,Usage,2026-07-22T00:00:00Z,2026-07-22T01:00:00Z,AmazonEC2,Amazon Elastic Compute Cloud,BoxUsage:m5.large,RunInstances,us-west-2,amazonec2-res-23,14.41,0.8249,1.3706
,2026-07-01T00:00:00Z,2026-08-01T00:00:00Z,111122223333,Usage,2026-07-22T00:00:00Z,2026-07-22T01:00:00Z,AWSDataTransfer,AWS Data Transfer,DataTransfer-Regional-Bytes,RunInstances,us-west-2,awsdatatransfer-res-10,53.43,4.6822,2.5742
,2026-07-01T00:00:00Z,2026-08-01T00:00:00Z,111122223333,Usage,2026-07-22T00:00:00Z,2026-07-22T01:00:00Z,AmazonCloudFront,Amazon CloudFront,DataTransfer-Out-Bytes,RunInstances,eu-west-1,amazoncloudfront-res-25,17.55,1.6198,1.5879
,2026-07-01T00:00:00Z,2026-08-01T00:00:00Z,444455556666,Usage,2026-07-22T00:00:00Z,2026-07-22T01:00:00Z,AmazonCloudFront,Amazon CloudFront,DataTransfer-Out-Bytes,RunInstances,eu-west-1,amazoncloudfront-res-23,69.15,0.4882,2.9044
,2026-07-01T00:00:00Z,2026-08-01T00:00:00Z,111122223333,Usage,2026-07-22T00:00:00Z,2026-07-22T01:00:00Z,AmazonS3,Amazon Simple Storage Service,TimedStorage-ByteHrs,RunInstances,eu-west-1,amazons3-res-10,37.93,2.4296,1.7082
,2026-07-01T00:00:00Z,2026-08-01T00:00:00Z,111122223333,Usage,2026-07-22T00:00:00Z,2026-07-22T01:00:00Z,AmazonS3,Amazon Simple Storage Service,TimedStorage-ByteHrs,RunInstances,us-east-1,amazons3-res-17,22.89,0.9502,4.4863
,2026-07-01T00:00:00Z,2026-08-01T00:00:00Z,444455556666,Usage,2026-07-22T00:00:00Z,2026-07-22T01:00:00Z,AmazonVPC,Amazon Virtual Private Cloud,NatGateway-Hours,RunInstances,us-west-2,amazonvpc-res-3,12.54,0.6648,0.0967
,2026-07-01T00:00:00Z,2026-08-01T00:00:00Z,444455556666,Usage,2026-07-22T00:00:00Z,2026-07-22T01:00:00Z,AmazonRDS,Amazon Relational Database Service,InstanceUsage:db.t3.medium,RunInstances,us-east-1,amazonrds-res-15,89.08,2.9923,3.8203
,2026-07-01T00:00:00Z,2026-08-01T00:00:00Z,444455556666,Usage,2026-07-22T00:00:00Z,2026-07-22T01:00:00Z,AmazonRDS,Amazon Relational Database Service,InstanceUsage:db.t3.medium,RunInstances,us-east-1,amazonrds-res-24,81.64,1.1196,4.2855
,2026-07-01T00:00:00Z,2026-08-01T00:00:00Z,444455556666,Usage,2026-07-22T00:00:00Z,2026-07-22T01:00:00Z,AmazonS3,Amazon Simple Storage Service,TimedStorage-ByteHrs,RunInstances,us-east-1,amazons3-res-7,13.89,0.4022,3.4572
,2026-07-01T00:00:00Z,2026-08-01T00:00:00Z,111122223333,Usage,2026-07-22T00:00:00Z,2026-07-22T01:00:00Z,AmazonEC2,Amazon Elastic Compute Cloud,BoxUsage:t3.micro,RunInstances,us-west-2,amazonec2-res-25,43.69,0.9898,0.1736
,2026-07-01T00:00:00Z,2026-08-01T00:00:00Z,444455556666,Usage,2026-07-22T00:00:00Z,2026-07-22T01:00:00Z,AmazonCloudFront,Amazon CloudFront,DataTransfer-Out-Bytes,RunInstances,us-east-1,amazoncloudfront-res-9,5.28,1.5152,0.0613
,2026-07-01T00:00:00Z,2026-08-01T00:00:00Z,111122223333,Usage,2026-07-22T00:00:00Z,2026-07-22T01:00:00Z,AmazonEC2,Amazon Elastic Compute Cloud,BoxUsage:t3.micro,RunInstances,eu-west-1,amazonec2-res-7,19.29,1.7642,0.463
,2026-07-01T00:00:00Z,2026-08-01T00:00:00Z,444455556666,Usage,2026-07-22T00:00:00Z,2026-07-22T01:00:00Z,AmazonCloudFront,Amazon CloudFront,DataTransfer-Out-Bytes,RunInstances,us-west-2,amazoncloudfront-res-6,85.66,3.9062,3.0687
,2026-07-01T00:00:00Z,2026-08-01T00:00:00Z,111122223333,Usage,2026-07-22T00:00:00Z,2026-07-22T01:00:00Z,AmazonVPC,Amazon Virtual Private Cloud,NatGateway-Hours,RunInstances,eu-west-1,amazonvpc-res-25,2.38,1.0928,0.9658
,2026-07-01T00:00:00Z,2026-08-01T00:00:00Z,111122223333,Usage,2026-07-22T00:00:00Z,2026-07-22T01:00:00Z,AmazonRDS,Amazon Relational Database Service,InstanceUsage:db.t3.medium,RunInstances,eu-west-1,amazonrds-res-4,92.5,4.6032,4.258
,2026-07-01T00:00:00Z,2026-08-01T00:00:00Z,111122223333,Usage,2026-07-22T00:00:00Z,2026-07-22T01:00:00Z,AWSDataTransfer,AWS Data Transfer,DataTransfer-Regional-Bytes,RunInstances,us-west-2,awsdatatransfer-res-22,95.82,0.9124,1.7806
,2026-07-01T00:00:00Z,2026-08-01T00:00:00Z,111122223333,Usage,2026-07-22T00:00:00Z,2026-07-22T01:00:00Z,AWSDataTransfer,AWS Data Transfer,DataTransfer-Regional-Bytes,RunInstances,eu-west-1,awsdatatransfer-res-8,41.35,3.8094,1.5783
,2026-07-01T00:00:00Z,2026-08-01T00:00:00Z,111122223333,Usage,2026-07-22T00:00:00Z,2026-07-22T01:00:00Z,AWSDataTransfer,AWS Data Transfer,DataTransfer-Out-Bytes,RunInstances,us-west-2,awsdatatransfer-res-25,36.76,1.4485,3.6135
,2026-07-01T00:00:00Z,2026-08-01T00:00:00Z,444455556666,Usage,2026-07-22T00:00:00Z,2026-07-22T01:00:00Z,AmazonEC2,Amazon Elastic Compute Cloud,DataTransfer-Out-Bytes,RunInstances,us-east-1,amazonec2-res-13,29.08,3.0059,1.5669
,2026-07-01T00:00:00Z,2026-08-01T00:00:00Z,444455556666,Usage,2026-07-22T00:00:00Z,2026-07-22T01:00:00Z,AWSDataTransfer,AWS Data Transfer,DataTransfer-Out-Bytes,RunInstances,us-west-2,awsdatatransfer-res-14,19.69,0.3573,4.2069
,2026-07-01T00:00:00Z,2026-08-01T00:00:00Z,111122223333,Usage,2026-07-22T00:00:00Z,2026-07-22T01:00:00Z,AWSDataTransfer,AWS Data Transfer,DataTransfer-Regional-Bytes,RunInstances,us-east-1,awsdatatransfer-res-22,49.67,0.5348,2.1959
,2026-07-01T00:00:00Z,2026-08-01T00:00:00Z,111122223333,Usage,2026-07-22T00:00:00Z,2026-07-22T01:00:00Z,AmazonCloudFront,Amazon CloudFront,DataTransfer-Out-Bytes,RunInstances,us-east-1,amazoncloudfront-res-13,40.66,2.9569,0.5176
,2026-07-01T00:00:00Z,2026-08-01T00:00:00Z,444455556666,Usage,2026-07-22T00:00:00Z,2026-07-22T01:00:00Z,AmazonS3,Amazon Simple Storage Service,TimedStorage-ByteHrs,RunInstances,us-east-1,amazons3-res-11,20.83,4.2217,2.0274
,2026-07-01T00:00:00Z,2026-08-01T00:00:00Z,444455556666,Usage,2026-07-22T00:00:00Z,2026-07-22T01:00:00Z,AmazonS3,Amazon Simple Storage Service,Requests-Tier1,RunInstances,us-west-2,amazons3-res-25,71.64,2.9138,1.3721
,2026-07-01T00:00:00Z,2026-08-01T00:00:00Z,444455556666,Usage,2026-07-22T00:00:00Z,2026-07-22T01:00:00Z,AmazonCloudFront,Amazon CloudFront,DataTransfer-Out-Bytes,RunInstances,us-west-2,amazoncloudfront-res-22,60.71,2.0282,2.4278
,2026-07-01T00:00:00Z,2026-08-01T00:00:00Z,111122223333,Tax,2026-07-22T00:00:00Z,2026-07-22T01:00:00Z,AmazonEC2,Amazon Elastic Compute Cloud,,,,,0.0,3.51,0.0
,2026-07-01T00:00:00Z,2026-08-01T00:00:00Z,444455556666,Credit,2026-07-22T00:00:00Z,2026-07-22T01:00:00Z,AmazonEC2,Amazon Elastic Compute Cloud,,,,,0.0,-2.42,0.0
,2026-07-01T00:00:00Z,2026-08-01T00:00:00Z,444455556666,Usage,2026-07-23T00:00:00Z,2026-07-23T01:00:00Z,AmazonEC2,Amazon Elastic Compute Cloud,BoxUsage:t3.micro,RunInstances,us-west-2,amazonec2-res-16,23.85,4.7126,0.1583
,2026-07-01T00:00:00Z,2026-08-01T00:00:00Z,111122223333,Usage,2026-07-23T00:00:00Z,2026-07-23T01:00:00Z,AmazonCloudFront,Amazon CloudFront,DataTransfer-Out-Bytes,RunInstances,us-west-2,amazoncloudfront-res-22,3.65,0.9037,3.0269
,2026-07-01T00:00:00Z,2026-08-01T00:00:00Z,444455556666,Usage,2026-07-23T00:00:00Z,2026-07-23T01:00:00Z,AmazonRDS,Amazon Relational Database Service,InstanceUsage:db.t3.medium,RunInstances,eu-west-1,amazonrds-res-20,10.54,0.3918,3.7605
,2026-07-01T00:00:00Z,2026-08-01T00:00:00Z,111122223333,Usage,2026-07-23T00:00:00Z,2026-07-23T01:00:00Z,AWSDataTransfer,AWS Data Transfer,DataTransfer-Regional-Bytes,RunInstances,us-west-2,awsdatatransfer-res-22,50.29,2.5289,2.7168
,2026-07-01T00:00:00Z,2026-08-01T00:00:00Z,111122223333,Usage,2026-07-23T00:00:00Z,2026-07-23T01:00:00Z,AmazonVPC,Amazon Virtual Private Cloud,NatGateway-Hours,RunInstances,us-west-2,amazonvpc-res-4,38.98,1.5797,1.8879
,2026-07-01T00:00:00Z,2026-08-01T00:00:00Z,111122223333,Usage,2026-07-23T00:00:00Z,2026-07-23T01:00:00Z,AWSDataTransfer,AWS Data Transfer,DataTransfer-Out-Bytes,RunInstances,us-east-1,awsdatatransfer-res-18,66.28,3.8991,4.4247
,2026-07-01T00:00:00Z,2026-08-01T00:00:00Z,444455556666,Usage,2026-07-23T00:00:00Z,2026-07-23T01:00:00Z,AmazonS3,Amazon Simple Storage Service,Requests-Tier1,RunInstances,us-east-1,amazons3-res-10,71.86,2.4424,0.5558
,2026-07-01T00:00:00Z,2026-08-01T00:00:00Z,444455556666,Usage,2026-07-23T00:00:00Z,2026-07-23T01:00:00Z,AmazonCloudFront,Amazon CloudFront,DataTransfer-Out-Bytes,RunInstances,us-west-2,amazoncloudfront-res-18,85.58,2.5384,1.963
,2026-07-01T00:00:00Z,2026-08-01T00:00:00Z,444455556666,Usage,2026-07-23T00:00:00Z,2026-07-23T01:00:00Z,AWSDataTransfer,AWS Data Transfer,DataTransfer-Regional-Bytes,RunInstances,us-west-2,awsdatatransfer-res-11,7.08,2.9564,0.6497
,2026-07-01T00:00:00Z,2026-08-01T00:00:00Z,111122223333,Usage,2026-07-23T00:00:00Z,2026-07-23T01:00:00Z,AmazonRDS,Amazon Relational Database Service,InstanceUsage:db.t3.medium,RunInstances,eu-west-1,amazonrds-res-11,38.68,2.1465,4.9598
,2026-07-01T00:00:00Z,2026-08-01T00:00:00Z,111122223333,Usage,2026-07-23T00:00:00Z,2026-07-23T01:00:00Z,AWSDataTransfer,AWS Data Transfer,DataTransfer-Regional-Bytes,RunInstances,eu-west-1,awsdatatransfer-res-8,25.51,3.2439,2.9667
,2026-07-01T00:00:00Z,2026-08-01T00:00:00Z,444455556666,Usage,2026-07-23T00:00:00Z,2026-07-23T01:00:00Z,AmazonCloudFront,Amazon CloudFront,DataTransfer-Out-Bytes,RunInstances,us-east-1,amazoncloudfront-res-11,17.81,2.6967,0.1965
,2026-07-01T00:00:00Z,2026-08-01T00:00:00Z,444455556666,Usage,2026-07-23T00:00:00Z,2026-07-23T01:00:00Z,AmazonCloudFront,Amazon CloudFront,DataTransfer-Out-Bytes,RunInstances,us-west-2,amazoncloudfront-res-1,69.9,2.9441,4.929
,2026-07-01T00:00:00Z,2026-08-01T00:00:00Z,444455556666,Usage,2026-07-23T00:00:00Z,2026-07-23T01:00:00Z,AWSDataTransfer,AWS Data Transfer,DataTransfer-Regional-Bytes,RunInstances,eu-west-1,awsdatatransfer-res-4,81.02,0.5093,3.3788
,2026-07-01T00:00:00Z,2026-08-01T00:00:00Z,444455556666,Usage,2026-07-23T00:00:00Z,2026-07-23T01:00:00Z,AmazonRDS,Amazon Relational Database Service,InstanceUsage:db.t3.medium,RunInstances,us-east-1,amazonrds-res-20,30.65,4.8474,1.0168
,2026-07-01T00:00:00Z,2026-08-01T00:00:00Z,111122223333,Usage,2026-07-23T00:00:00Z,2026-07-23T01:00:00Z,AmazonCloudFront,Amazon CloudFront,DataTransfer-Out-Bytes,RunInstances,us-west-2,amazoncloudfront-res-9,5.71,4.9812,2.0161
,2026-07-01T00:00:00Z,2026-08-01T00:00:00Z,111122223333,Usage,2026-07-23T00:00:00Z,2026-07-23T01:00:00Z,AmazonS3,Amazon Simple Storage Service,TimedStorage-ByteHrs,RunInstances,eu-west-1,amazons3-res-11,28.06,2.8365,2.66
,2026-07-01T00:00:00Z,2026-08-01T00:00:00Z,444455556666,Usage,2026-07-23T00:00:00Z,2026-07-23T01:00:00Z,AWSDataTransfer,AWS Data Transfer,DataTransfer-Out-Bytes,RunInstances,us-east-1,awsdatatransfer-res-21,82.55,2.5282,1.5065
,2026-07-01T00:00:00Z,2026-08-01T00:00:00Z,111122223333,Usage,2026-07-23T00:00:00Z,2026-07-23T01:00:00Z,AmazonCloudFront,Amazon CloudFront,DataTransfer-Out-Bytes,RunInstances,us-west-2,amazoncloudfront-res-13,25.88,2.5817,3.3611
,2026-07-01T00:00:00Z,2026-08-01T00:00:00Z,111122223333,Usage,2026-07-23T00:00:00Z,2026-07-23T01:00:00Z,AmazonVPC,Amazon Virtual Private Cloud,NatGateway-Hours,RunInstances,eu-west-1,amazonvpc-res-23,52.11,0.9408,2.501
,2026-07-01T00:00:00Z,2026-08-01T00:00:00Z,444455556666,Usage,2026-07-23T00:00:00Z,2026-07-23T01:00:00Z,AmazonCloudFront,Amazon CloudFront,DataTransfer-Out-Bytes,RunInstances,eu-west-1,amazoncloudfront-res-18,81.08,4.2653,4.5351
,2026-07-01T00:00:00Z,2026-08-01T00:00:00Z,111122223333,Usage,2026-07-23T00:00:00Z,2026-07-23T01:00:00Z,AmazonVPC,Amazon Virtual Private Cloud,NatGateway-Hours,RunInstances,us-west-2,amazonvpc-res-15,15.63,0.7609,3.4297
,2026-07-01T00:00:00Z,2026-08-01T00:00:00Z,444455556666,Usage,2026-07-23T00:00:00Z,2026-07-23T01:00:00Z,AmazonRDS,Amazon Relational Database Service,InstanceUsage:db.t3.medium,RunInstances,us-west-2,amazonrds-res-3,63.76,4.2314,1.342
,2026-07-01T00:00:00Z,2026-08-01T00:00:00Z,444455556666,Usage,2026-07-23T00:00:00Z,2026-07-23T01:00:00Z,AmazonRDS,Amazon Relational Database Service,InstanceUsage:db.t3.medium,RunInstances,eu-west-1,amazonrds-res-20,24.38,1.2,0.7583
,2026-07-01T00:00:00Z,2026-08-01T00:00:00Z,444455556666,Usage,2026-07-23T00:00:00Z,2026-07-23T01:00:00Z,AmazonEC2,Amazon Elastic Compute Cloud,BoxUsage:m5.large,RunInstances,us-west-2,amazonec2-res-16,56.42,2.1863,3.2381
,2026-07-01T00:00:00Z,2026-08-01T00:00:00Z,111122223333,Usage,2026-07-23T00:00:00Z,2026-07-23T01:00:00Z,AmazonEC2,Amazon Elastic Compute Cloud,BoxUsage:m5.large,RunInstances,us-west-2,amazonec2-res-5,3.89,3.9505,1.3961
,2026-07-01T00:00:00Z,2026-08-01T00:00:00Z,111122223333,Usage,2026-07-23T00:00:00Z,2026-07-23T01:00:00Z,AmazonVPC,Amazon Virtual Private Cloud,NatGateway-Hours,RunInstances,eu-west-1,amazonvpc-res-16,78.44,0.2861,4.4836
,2026-07-01T00:00:00Z,2026-08-01T00:00:00Z,111122223333,Usage,2026-07-23T00:00:00Z,2026-07-23T01:00:00Z,AmazonRDS,Amazon Relational Database Service,InstanceUsage:db.t3.medium,RunInstances,us-west-2,amazonrds-res-12,67.5,4.4297,1.9905
,2026-07-01T00:00:00Z,2026-08-01T00:00:00Z,111122223333,Usage,2026-07-23T00:00:00Z,2026-07-23T01:00:00Z,AmazonCloudFront,Amazon CloudFront,DataTransfer-Out-Bytes,RunInstances,us-east-1,amazoncloudfront-res-19,73.71,4.6653,2.6146
,2026-07-01T00:00:00Z,2026-08-01T00:00:00Z,444455556666,Usage,2026-07-23T00:00:00Z,2026-07-23T01:00:00Z,AmazonVPC,Amazon Virtual Private Cloud,NatGateway-Bytes,RunInstances,us-east-1,amazonvpc-res-8,60.38,3.8682,1.5739
,2026-07-01T00:00:00Z,2026-08-01T00:00:00Z,111122223333,Usage,2026-07-23T00:00:00Z,2026-07-23T01:00:00Z,AmazonVPC,Amazon Virtual Private Cloud,NatGateway-Bytes,RunInstances,us-west-2,amazonvpc-res-7,15.28,0.884,4.8499
,2026-07-01T00:00:00Z,2026-08-01T00:00:00Z,444455556666,Usage,2026-07-23T00:00:00Z,2026-07-23T01:00:00Z,AWSDataTransfer,AWS Data Transfer,DataTransfer-Regional-Bytes,RunInstances,eu-west-1,awsdatatransfer-res-2,49.55,1.8798,4.7441
,2026-07-01T00:00:00Z,2026-08-01T00:00:00Z,444455556666,Usage,2026-07-23T00:00:00Z,2026-07-23T01:00:00Z,AmazonRDS,Amazon Relational Database Service,InstanceUsage:db.t3.medium,RunInstances,eu-west-1,amazonrds-res-8,96.37,4.3984,4.6855
,2026-07-01T00:00:00Z,2026-08-01T00:00:00Z,444455556666,Usage,2026-07-23T00:00:00Z,2026-07-23T01:00:00Z,AmazonRDS,Amazon Relational Database Service,InstanceUsage:db.t3.medium,RunInstances,us-west-2,amazonrds-res-1,64.89,4.5271,0.1837
,2026-07-01T00:00:00Z,2026-08-01T00:00:00Z,111122223333,Usage,2026-07-23T00:00:00Z,2026-07-23T01:00:00Z,AmazonCloudFront,Amazon CloudFront,DataTransfer-Out-Bytes,RunInstances,us-west-2,amazoncloudfront-res-18,39.08,3.1984,3.5061
,2026-07-01T00:00:00Z,2026-08-01T00:00:00Z,111122223333,Usage,2026-07-23T00:00:00Z,2026-07-23T01:00:00Z,AmazonCloudFront,Amazon CloudFront,DataTransfer-Out-Bytes,RunInstances,us-west-2,amazoncloudfront-res-13,1.78,4.8041,4.6383
,2026-07-01T00:00:00Z,2026-08-01T00:00:00Z,111122223333,Usage,2026-07-23T00:00:00Z,2026-07-23T01:00:00Z,AmazonRDS,Amazon Relational Database Service,InstanceUsage:db.t3.medium,RunInstances,us-east-1,amazonrds-res-10,21.83,4.4523,4.5803
,2026-07-01T00:00:00Z,2026-08-01T00:00:00Z,444455556666,Usage,2026-07-23T00:00:00Z,2026-07-23T01:00:00Z,AmazonCloudFront,Amazon CloudFront,DataTransfer-Out-Bytes,RunInstances,us-east-1,amazoncloudfront-res-9,86.78,4.1178,4.7031
,2026-07-01T00:00:00Z,2026-08-01T00:00:00Z,444455556666,Usage,2026-07-23T00:00:00Z,2026-07-23T01:00:00Z,AWSDataTransfer,AWS Data Transfer,DataTransfer-Regional-Bytes,RunInstances,eu-west-1,awsdatatransfer-res-14,87.8,4.103,4.1238
,2026-07-01T00:00:00Z,2026-08-01T00:00:00Z,111122223333,Usage,2026-07-23T00:00:00Z,2026-07-23T01:00:00Z,AmazonCloudFront,Amazon CloudFront,DataTransfer-Out-Bytes,RunInstances,us-west-2,amazoncloudfront-res-14,60.61,4.069,3.6915
,2026-07-01T00:00:00Z,2026-08-01T00:00:00Z,111122223333,Tax,2026-07-23T00:00:00Z,2026-07-23T01:00:00Z,AmazonEC2,Amazon Elastic Compute Cloud,,,,,0.0,5.08,0.0
,2026-07-01T00:00:00Z,2026-08-01T00:00:00Z,444455556666,Credit,2026-07-23T00:00:00Z,2026-07-23T01:00:00Z,AmazonEC2,Amazon Elastic Compute Cloud,,,,,0.0,-0.57,0.0
,2026-07-01T00:00:00Z,2026-08-01T00:00:00Z,444455556666,Usage,2026-07-24T00:00:00Z,2026-07-24T01:00:00Z,AmazonEC2,Amazon Elastic Compute Cloud,BoxUsage:m5.large,RunInstances,eu-west-1,amazonec2-res-5,1.3,1.0084,1.5347
,2026-07-01T00:00:00Z,2026-08-01T00:00:00Z,111122223333,Usage,2026-07-24T00:00:00Z,2026-07-24T01:00:00Z,AmazonVPC,Amazon Virtual Private Cloud,NatGateway-Hours,RunInstances,us-east-1,amazonvpc-res-8,52.12,4.8486,4.1548
,2026-07-01T00:00:00Z,2026-08-01T00:00:00Z,444455556666,Usage,2026-07-24T00:00:00Z,2026-07-24T01:00:00Z,AmazonS3,Amazon Simple Storage Service,Requests-Tier1,RunInstances,us-west-2,amazons3-res-16,87.48,0.6762,0.8757
,2026-07-01T00:00:00Z,2026-08-01T00:00:00Z,444455556666,Usage,2026-07-24T00:00:00Z,2026-07-24T01:00:00Z,AmazonVPC,Amazon Virtual Private Cloud,NatGateway-Bytes,RunInstances,us-east-1,amazonvpc-res-3,42.04,0.9176,4.3832
,2026-07-01T00:00:00Z,2026-08-01T00:00:00Z,111122223333,Usage,2026-07-24T00:00:00Z,2026-07-24T01:00:00Z,AmazonVPC,Amazon Virtual Private Cloud,NatGateway-Hours,RunInstances,us-east-1,amazonvpc-res-18,65.06,3.1369,4.5352
,2026-07-01T00:00:00Z,2026-08-01T00:00:00Z,444455556666,Usage,2026-07-24T00:00:00Z,2026-07-24T01:00:00Z,AWSDataTransfer,AWS Data Transfer,DataTransfer-Out-Bytes,RunInstances,eu-west-1,awsdatatransfer-res-6,5.93,3.0938,3.006
,2026-07-01T00:00:00Z,2026-08-01T00:00:00Z,444455556666,Usage,2026-07-24T00:00:00Z,2026-07-24T01:00:00Z,AmazonS3,Amazon Simple Storage Service,TimedStorage-ByteHrs,RunInstances,us-east-1,amazons3-res-19,12.62,3.5957,2.1814
,2026-07-01T00:00:00Z,2026-08-01T00:00:00Z,111122223333,Usage,2026-07-24T00:00:00Z,2026-07-24T01:00:00Z,AWSDataTransfer,AWS Data Transfer,DataTransfer-Regional-Bytes,RunInstances,us-east-1,awsdatatransfer-res-23,21.11,4.7308,4.0689
,2026-07-01T00:00:00Z,2026-08-01T00:00:00Z,444455556666,Usage,2026-07-24T00:00:00Z,2026-07-24T01:00:00Z,AmazonRDS,Amazon Relational Database Service,InstanceUsage:db.t3.medium,RunInstances,us-west-2,amazonrds-res-5,43.7,1.041,1.0857
,2026-07-01T00:00:00Z,2026-08-01T00:00:00Z,444455556666,Usage,2026-07-24T00:00:00Z,2026-07-24T01:00:00Z,AmazonRDS,Amazon Relational Database Service,InstanceUsage:db.t3.medium,RunInstances,us-east-1,amazonrds-res-14,79.45,0.1536,4.8809
,2026-07-01T00:00:00Z,2026-08-01T00:00:00Z,111122223333,Usage,2026-07-24T00:00:00Z,2026-07-24T01:00:00Z,AmazonS3,Amazon Simple Storage Service,Requests-Tier1,RunInstances,us-west-2,amazons3-res-19,68.74,2.2962,0.0615
,2026-07-01T00:00:00Z,2026-08-01T00:00:00Z,444455556666,Usage,2026-07-24T00:00:00Z,2026-07-24T01:00:00Z,AmazonS3,Amazon Simple Storage Service,Requests-Tier1,RunInstances,eu-west-1,amazons3-res-7,71.62,3.5452,3.6832
,2026-07-01T00:00:00Z,2026-08-01T00:00:00Z,111122223333,Usage,2026-07-24T00:00:00Z,2026-07-24T01:00:00Z,AmazonRDS,Amazon Relational Database Service,InstanceUsage:db.t3.medium,RunInstances,eu-west-1,amazonrds-res-2,6.16,4.656,2.36
,2026-07-01T00:00:00Z,2026-08-01T00:00:00Z,111122223333,Usage,2026-07-24T00:00:00Z,2026-07-24T01:00:00Z,AmazonRDS,Amazon Relational Database Service,InstanceUsage:db.t3.medium,RunInstances,us-west-2,amazonrds-res-17,62.35,1.5195,1.9795
,2026-07-01T00:00:00Z,2026-08-01T00:00:00Z,111122223333,Usage,2026-07-24T00:00:00Z,2026-07-24T01:00:00Z,AmazonRDS,Amazon Relational Database Service,InstanceUsage:db.t3.medium,RunInstances,eu-west-1,amazonrds-res-6,26.77,2.5237,4.6523
,2026-07-01T00:00:00Z,2026-08-01T00:00:00Z,111122223333,Usage,2026-07-24T00:00:00Z,2026-07-24T01:00:00Z,AWSDataTransfer,AWS Data Transfer,DataTransfer-Out-Bytes,RunInstances,us-west-2,awsdatatransfer-res-23,53.51,0.7176,0.593
,2026-07-01T00:00:00Z,2026-08-01T00:00:00Z,444455556666,Usage,2026-07-24T00:00:00Z,2026-07-24T01:00:00Z,AmazonEC2,Amazon Elastic Compute Cloud,BoxUsage:m5.large,RunInstances,us-west-2,amazonec2-res-24,36.7,2.1561,4.5149
,2026-07-01T00:00:00Z,2026-08-01T00:00:00Z,444455556666,Usage,2026-07-24T00:00:00Z,2026-07-24T01:00:00Z,AmazonRDS,Amazon Relational Database Service,InstanceUsage:db.t3.medium,RunInstances,us-west-2,amazonrds-res-6,32.24,4.9729,3.8207
,2026-07-01T00:00:00Z,2026-08-01T00:00:00Z,111122223333,Usage,2026-07-24T00:00:00Z,2026-07-24T01:00:00Z,AmazonS3,Amazon Simple Storage Service,Requests-Tier1,RunInstances,us-east-1,amazons3-res-5,6.4,0.9239,2.3565
,2026-07-01T00:00:00Z,2026-08-01T00:00:00Z,444455556666,Usage,2026-07-24T00:00:00Z,2026-07-24T01:00:00Z,AmazonS3,Amazon Simple Storage Service,Requests-Tier1,RunInstances,us-east-1,amazons3-res-16,5.04,1.789,3.5481
,2026-07-01T00:00:00Z,2026-08-01T00:00:00Z,444455556666,Usage,2026-07-24T00:00:00Z,2026-07-24T01:00:00Z,AWSDataTransfer,AWS Data Transfer,DataTransfer-Regional-Bytes,RunInstances,us-east-1,awsdatatransfer-res-24,86.82,0.627,0.477
,2026-07-01T00:00:00Z,2026-08-01T00:00:00Z,111122223333,Usage,2026-07-24T00:00:00Z,2026-07-24T01:00:00Z,AmazonRDS,Amazon Relational Database Service,InstanceUsage:db.t3.medium,RunInstances,eu-west-1,amazonrds-res-17,82.43,2.8206,3.3191
,2026-07-01T00:00:00Z,2026-08-01T00:00:00Z,111122223333,Usage,2026-07-24T00:00:00Z,2026-07-24T01:00:00Z,AmazonS3,Amazon Simple Storage Service,TimedStorage-ByteHrs,RunInstances,us-west-2,amazons3-res-3,25.37,2.4956,0.4806
,2026-07-01T00:00:00Z,2026-08-01T00:00:00Z,444455556666,Usage,2026-07-24T00:00:00Z,2026-07-24T01:00:00Z,AmazonRDS,Amazon Relational Database Service,InstanceUsage:db.t3.medium,RunInstances,eu-west-1,amazonrds-res-22,13.08,1.8741,4.6465
,2026-07-01T00:00:00Z,2026-08-01T00:00:00Z,111122223333,Usage,2026-07-24T00:00:00Z,2026-07-24T01:00:00Z,AmazonEC2,Amazon Elastic Compute Cloud,DataTransfer-Out-Bytes,RunInstances,us-east-1,amazonec2-res-3,46.56,3.5415,2.4045
,2026-07-01T00:00:00Z,2026-08-01T00:00:00Z,111122223333,Usage,2026-07-24T00:00:00Z,2026-07-24T01:00:00Z,AmazonCloudFront,Amazon CloudFront,DataTransfer-Out-Bytes,RunInstances,us-west-2,amazoncloudfront-res-2,65.96,4.755,1.6313
,2026-07-01T00:00:00Z,2026-08-01T00:00:00Z,111122223333,Usage,2026-07-24T00:00:00Z,2026-07-24T01:00:00Z,AmazonCloudFront,Amazon CloudFront,DataTransfer-Out-Bytes,RunInstances,us-east-1,amazoncloudfront-res-21,29.01,3.9928,3.7216
,2026-07-01T00:00:00Z,2026-08-01T00:00:00Z,111122223333,Usage,2026-07-24T00:00:00Z,2026-07-24T01:00:00Z,AmazonVPC,Amazon Virtual Private Cloud,NatGateway-Bytes,RunInstances,us-west-2,amazonvpc-res-9,18.62,4.8256,4.3289
,2026-07-01T00:00:00Z,2026-08-01T00:00:00Z,111122223333,Usage,2026-07-24T00:00:00Z,2026-07-24T01:00:00Z,AmazonEC2,Amazon Elastic Compute Cloud,BoxUsage:t3.micro,RunInstances,us-east-1,amazonec2-res-13,78.17,1.4318,3.7653
,2026-07-01T00:00:00Z,2026-08-01T00:00:00Z,111122223333,Usage,2026-07-24T00:00:00Z,2026-07-24T01:00:00Z,AmazonCloudFront,Amazon CloudFront,DataTransfer-Out-Bytes,RunInstances,us-west-2,amazoncloudfront-res-16,80.31,3.6821,4.6093
,2026-07-01T00:00:00Z,2026-08-01T00:00:00Z,444455556666,Usage,2026-07-24T00:00:00Z,2026-07-24T01:00:00Z,AmazonCloudFront,Amazon CloudFront,DataTransfer-Out-Bytes,RunInstances,eu-west-1,amazoncloudfront-res-4,83.37,2.5681,2.4532
,2026-07-01T00:00:00Z,2026-08-01T00:00:00Z,444455556666,Usage,2026-07-24T00:00:00Z,2026-07-24T01:00:00Z,AWSDataTransfer,AWS Data Transfer,DataTransfer-Regional-Bytes,RunInstances,eu-west-1,awsdatatransfer-res-20,42.88,3.7849,4.0569
,2026-07-01T00:00:00Z,2026-08-01T00:00:00Z,444455556666,Usage,2026-07-24T00:00:00Z,2026-07-24T01:00:00Z,AmazonVPC,Amazon Virtual Private Cloud,NatGateway-Hours,RunInstances,eu-west-1,amazonvpc-res-14,10.2,2.5716,4.8666
,2026-07-01T00:00:00Z,2026-08-01T00:00:00Z,111122223333,Usage,2026-07-24T00:00:00Z,2026-07-24T01:00:00Z,AmazonCloudFront,Amazon CloudFront,DataTransfer-Out-Bytes,RunInstances,us-west-2,amazoncloudfront-res-17,63.33,2.6281,1.4606
,2026-07-01T00:00:00Z,2026-08-01T00:00:00Z,444455556666,Usage,2026-07-24T00:00:00Z,2026-07-24T01:00:00Z,AWSDataTransfer,AWS Data Transfer,DataTransfer-Out-Bytes,RunInstances,us-west-2,awsdatatransfer-res-5,98.43,3.4247,1.509
,2026-07-01T00:00:00Z,2026-08-01T00:00:00Z,444455556666,Usage,2026-07-24T00:00:00Z,2026-07-24T01:00:00Z,AmazonS3,Amazon Simple Storage Service,Requests-Tier1,RunInstances,eu-west-1,amazons3-res-2,55.55,4.5873,2.5719
,2026-07-01T00:00:00Z,2026-08-01T00:00:00Z,444455556666,Usage,2026-07-24T00:00:00Z,2026-07-24T01:00:00Z,AmazonVPC,Amazon Virtual Private Cloud,NatGateway-Bytes,RunInstances,us-east-1,amazonvpc-res-15,66.42,2.8467,1.2744
,2026-07-01T00:00:00Z,2026-08-01T00:00:00Z,111122223333,Usage,2026-07-24T00:00:00Z,2026-07-24T01:00:00Z,AmazonRDS,Amazon Relational Database Service,InstanceUsage:db.t3.medium,RunInstances,us-east-1,amazonrds-res-24,66.5,0.906,0.9192
,2026-07-01T00:00:00Z,2026-08-01T00:00:00Z,111122223333,Usage,2026-07-24T00:00:00Z,2026-07-24T01:00:00Z,AWSDataTransfer,AWS Data Transfer,DataTransfer-Out-Bytes,RunInstances,us-west-2,awsdatatransfer-res-23,30.47,2.9402,2.2804
,2026-07-01T00:00:00Z,2026-08-01T00:00:00Z,444455556666,Usage,2026-07-24T00:00:00Z,2026-07-24T01:00:00Z,AmazonCloudFront,Amazon CloudFront,DataTransfer-Out-Bytes,RunInstances,us-west-2,amazoncloudfront-res-6,21.9,0.4003,4.9111
,2026-07-01T00:00:00Z,2026-08-01T00:00:00Z,111122223333,Tax,2026-07-24T00:00:00Z,2026-07-24T01:00:00Z,AmazonEC2,Amazon Elastic Compute Cloud,,,,,0.0,3.33,0.0
,2026-07-01T00:00:00Z,2026-08-01T00:00:00Z,444455556666,Credit,2026-07-24T00:00:00Z,2026-07-24T01:00:00Z,AmazonEC2,Amazon Elastic Compute Cloud,,,,,0.0,-2.18,0.0
,2026-07-01T00:00:00Z,2026-08-01T00:00:00Z,111122223333,Usage,2026-07-25T00:00:00Z,2026-07-25T01:00:00Z,AWSDataTransfer,AWS Data Transfer,DataTransfer-Out-Bytes,RunInstances,us-west-2,awsdatatransfer-res-4,2.32,3.2824,2.3062
,2026-07-01T00:00:00Z,2026-08-01T00:00:00Z,444455556666,Usage,2026-07-25T00:00:00Z,2026-07-25T01:00:00Z,AWSDataTransfer,AWS Data Transfer,DataTransfer-Regional-Bytes,RunInstances,eu-west-1,awsdatatransfer-res-20,36.71,3.3723,3.4546
,2026-07-01T00:00:00Z,2026-08-01T00:00:00Z,111122223333,Usage,2026-07-25T00:00:00Z,2026-07-25T01:00:00Z,AWSDataTransfer,AWS Data Transfer,DataTransfer-Regional-Bytes,RunInstances,us-east-1,awsdatatransfer-res-5,2.37,0.5684,0.0893
,2026-07-01T00:00:00Z,2026-08-01T00:00:00Z,111122223333,Usage,2026-07-25T00:00:00Z,2026-07-25T01:00:00Z,AmazonS3,Amazon Simple Storage Service,TimedStorage-ByteHrs,RunInstances,us-west-2,amazons3-res-21,15.37,1.2165,4.212
,2026-07-01T00:00:00Z,2026-08-01T00:00:00Z,111122223333,Usage,2026-07-25T00:00:00Z,2026-07-25T01:00:00Z,AmazonVPC,Amazon Virtual Private Cloud,NatGateway-Hours,RunInstances,us-west-2,amazonvpc-res-25,46.88,2.3752,0.1189
,2026-07-01T00:00:00Z,2026-08-01T00:00:00Z,444455556666,Usage,2026-07-25T00:00:00Z,2026-07-25T01:00:00Z,AmazonS3,Amazon Simple Storage Service,TimedStorage-ByteHrs,RunInstances,us-west-2,amazons3-res-16,2.94,2.2531,1.2207
,2026-07-01T00:00:00Z,2026-08-01T00:00:00Z,111122223333,Usage,2026-07-25T00:00:00Z,2026-07-25T01:00:00Z,AmazonRDS,Amazon Relational Database Service,InstanceUsage:db.t3.medium,RunInstances,us-west-2,amazonrds-res-1,11.16,4.2397,2.1646
,2026-07-01T00:00:00Z,2026-08-01T00:00:00Z,444455556666,Usage,2026-07-25T00:00:00Z,2026-07-25T01:00:00Z,AWSDataTransfer,AWS Data Transfer,DataTransfer-Regional-Bytes,RunInstances,us-east-1,awsdatatransfer-res-16,40.57,2.5716,3.6258
,2026-07-01T00:00:00Z,2026-08-01T00:00:00Z,111122223333,Usage,2026-07-25T00:00:00Z,2026-07-25T01:00:00Z,AmazonCloudFront,Amazon CloudFront,DataTransfer-Out-Bytes,RunInstances,eu-west-1,amazoncloudfront-res-2,53.3,2.1158,1.5861
,2026-07-01T00:00:00Z,2026-08-01T00:00:00Z,444455556666,Usage,2026-07-25T00:00:00Z,2026-07-25T01:00:00Z,AmazonEC2,Amazon Elastic Compute Cloud,DataTransfer-Out-Bytes,RunInstances,us-west-2,amazonec2-res-4,49.98,4.6954,1.7404
,2026-07-01T00:00:00Z,2026-08-01T00:00:00Z,111122223333,Usage,2026-07-25T00:00:00Z,2026-07-25T01:00:00Z,AmazonCloudFront,Amazon CloudFront,DataTransfer-Out-Bytes,RunInstances,us-east-1,amazoncloudfront-res-10,72.89,2.3515,2.1962
,2026-07-01T00:00:00Z,2026-08-01T00:00:00Z,444455556666,Usage,2026-07-25T00:00:00Z,2026-07-25T01:00:00Z,AmazonVPC,Amazon Virtual Private Cloud,NatGateway-Hours,RunInstances,eu-west-1,amazonvpc-res-23,66.04,0.6645,1.474
,2026-07-01T00:00:00Z,2026-08-01T00:00:00Z,444455556666,Usage,2026-07-25T00:00:00Z,2026-07-25T01:00:00Z,AmazonCloudFront,Amazon CloudFront,DataTransfer-Out-Bytes,RunInstances,eu-west-1,amazoncloudfront-res-21,73.72,3.9819,4.0008
,2026-07-01T00:00:00Z,2026-08-01T00:00:00Z,444455556666,Usage,2026-07-25T00:00:00Z,2026-07-25T01:00:00Z,AmazonS3,Amazon Simple Storage Service,TimedStorage-ByteHrs,RunInstances,eu-west-1,amazons3-res-24,9.53,2.4196,0.8747
,2026-07-01T00:00:00Z,2026-08-01T00:00:00Z,111122223333,Usage,2026-07-25T00:00:00Z,2026-07-25T01:00:00Z,AmazonS3,Amazon Simple Storage Service,Requests-Tier1,RunInstances,us-west-2,amazons3-res-16,31.06,1.0551,0.2448
,2026-07-01T00:00:00Z,2026-08-01T00:00:00Z,444455556666,Usage,2026-07-25T00:00:00Z,2026-07-25T01:00:00Z,AmazonEC2,Amazon Elastic Compute Cloud,DataTransfer-Out-Bytes,RunInstances,us-west-2,amazonec2-res-22,16.7,4.1415,4.4733
,2026-07-01T00:00:00Z,2026-08-01T00:00:00Z,444455556666,Usage,2026-07-25T00:00:00Z,2026-07-25T01:00:00Z,AmazonEC2,Amazon Elastic Compute Cloud,BoxUsage:t3.micro,RunInstances,us-west-2,amazonec2-res-4,62.14,0.6122,1.1282
,2026-07-01T00:00:00Z,2026-08-01T00:00:00Z,444455556666,Usage,2026-07-25T00:00:00Z,2026-07-25T01:00:00Z,AmazonRDS,Amazon Relational Database Service,InstanceUsage:db.t3.medium,RunInstances,us-east-1,amazonrds-res-25,87.89,1.3448,0.7644
,2026-07-01T00:00:00Z,2026-08-01T00:00:00Z,111122223333,Usage,2026-07-25T00:00:00Z,2026-07-25T01:00:00Z,AmazonCloudFront,Amazon CloudFront,DataTransfer-Out-Bytes,RunInstances,us-west-2,amazoncloudfront-res-15,96.3,3.7813,4.8736
,2026-07-01T00:00:00Z,2026-08-01T00:00:00Z,111122223333,Usage,2026-07-25T00:00:00Z,2026-07-25T01:00:00Z,AmazonVPC,Amazon Virtual Private Cloud,NatGateway-Hours,RunInstances,eu-west-1,amazonvpc-res-4,17.54,0.5991,1.0349
,2026-07-01T00:00:00Z,2026-08-01T00:00:00Z,444455556666,Usage,2026-07-25T00:00:00Z,2026-07-25T01:00:00Z,AmazonRDS,Amazon Relational Database Service,InstanceUsage:db.t3.medium,RunInstances,eu-west-1,amazonrds-res-15,76.43,2.497,4.3538
,2026-07-01T00:00:00Z,2026-08-01T00:00:00Z,444455556666,Usage,2026-07-25T00:00:00Z,2026-07-25T01:00:00Z,AmazonS3,Amazon Simple Storage Service,Requests-Tier1,RunInstances,us-east-1,amazons3-res-4,85.01,2.2012,2.0846
,2026-07-01T00:00:00Z,2026-08-01T00:00:00Z,444455556666,Usage,2026-07-25T00:00:00Z,2026-07-25T01:00:00Z,AmazonEC2,Amazon Elastic Compute Cloud,BoxUsage:m5.large,RunInstances,us-west-2,amazonec2-res-10,51.0,0.4353,1.8685
,2026-07-01T00:00:00Z,2026-08-01T00:00:00Z,111122223333,Usage,2026-07-25T00:00:00Z,2026-07-25T01:00:00Z,AWSDataTransfer,AWS Data Transfer,DataTransfer-Regional-Bytes,RunInstances,us-east-1,awsdatatransfer-res-25,75.6,2.1144,1.1486
,2026-07-01T00:00:00Z,2026-08-01T00:00:00Z,444455556666,Usage,2026-07-25T00:00:00Z,2026-07-25T01:00:00Z,AWSDataTransfer,AWS Data Transfer,DataTransfer-Regional-Bytes,RunInstances,us-west-2,awsdatatransfer-res-17,79.67,1.8153,0.1585
,2026-07-01T00:00:00Z,2026-08-01T00:00:00Z,111122223333,Usage,2026-07-25T00:00:00Z,2026-07-25T01:00:00Z,AmazonS3,Amazon Simple Storage Service,TimedStorage-ByteHrs,RunInstances,us-east-1,amazons3-res-11,32.17,4.9099,0.83
,2026-07-01T00:00:00Z,2026-08-01T00:00:00Z,111122223333,Usage,2026-07-25T00:00:00Z,2026-07-25T01:00:00Z,AmazonEC2,Amazon Elastic Compute Cloud,EBS:VolumeUsage.gp3,RunInstances,eu-west-1,amazonec2-res-21,15.94,2.877,4.8889
,2026-07-01T00:00:00Z,2026-08-01T00:00:00Z,444455556666,Usage,2026-07-25T00:00:00Z,2026-07-25T01:00:00Z,AmazonCloudFront,Amazon CloudFront,DataTransfer-Out-Bytes,RunInstances,us-west-2,amazoncloudfront-res-22,70.38,4.369,3.6105
,2026-07-01T00:00:00Z,2026-08-01T00:00:00Z,111122223333,Usage,2026-07-25T00:00:00Z,2026-07-25T01:00:00Z,AmazonRDS,Amazon Relational Database Service,InstanceUsage:db.t3.medium,RunInstances,us-west-2,amazonrds-res-17,61.43,0.7428,2.0257
,2026-07-01T00:00:00Z,2026-08-01T00:00:00Z,444455556666,Usage,2026-07-25T00:00:00Z,2026-07-25T01:00:00Z,AmazonCloudFront,Amazon CloudFront,DataTransfer-Out-Bytes,RunInstances,eu-west-1,amazoncloudfront-res-12,88.88,3.91,2.0285
,2026-07-01T00:00:00Z,2026-08-01T00:00:00Z,111122223333,Usage,2026-07-25T00:00:00Z,2026-07-25T01:00:00Z,AmazonS3,Amazon Simple Storage Service,Requests-Tier1,RunInstances,us-east-1,amazons3-res-18,34.11,3.6282,3.7029
,2026-07-01T00:00:00Z,2026-08-01T00:00:00Z,111122223333,Usage,2026-07-25T00:00:00Z,2026-07-25T01:00:00Z,AmazonS3,Amazon Simple Storage Service,Requests-Tier1,RunInstances,us-east-1,amazons3-res-17,55.63,2.6115,3.7877
,2026-07-01T00:00:00Z,2026-08-01T00:00:00Z,111122223333,Usage,2026-07-25T00:00:00Z,2026-07-25T01:00:00Z,AmazonS3,Amazon Simple Storage Service,TimedStorage-ByteHrs,RunInstances,eu-west-1,amazons3-res-19,26.61,4.1628,1.5267
,2026-07-01T00:00:00Z,2026-08-01T00:00:00Z,111122223333,Usage,2026-07-25T00:00:00Z,2026-07-25T01:00:00Z,AWSDataTransfer,AWS Data Transfer,DataTransfer-Out-Bytes,RunInstances,us-west-2,awsdatatransfer-res-9,63.07,1.7788,0.2482
,2026-07-01T00:00:00Z,2026-08-01T00:00:00Z,444455556666,Usage,2026-07-25T00:00:00Z,2026-07-25T01:00:00Z,AmazonCloudFront,Amazon CloudFront,DataTransfer-Out-Bytes,RunInstances,us-west-2,amazoncloudfront-res-19,73.95,2.2712,4.9149
,2026-07-01T00:00:00Z,2026-08-01T00:00:00Z,444455556666,Usage,2026-07-25T00:00:00Z,2026-07-25T01:00:00Z,AmazonCloudFront,Amazon CloudFront,DataTransfer-Out-Bytes,RunInstances,us-west-2,amazoncloudfront-res-10,67.03,4.0772,2.8681
,2026-07-01T00:00:00Z,2026-08-01T00:00:00Z,111122223333,Usage,2026-07-25T00:00:00Z,2026-07-25T01:00:00Z,AmazonS3,Amazon Simple Storage Service,Requests-Tier1,RunInstances,us-east-1,amazons3-res-11,52.13,0.9709,3.895
,2026-07-01T00:00:00Z,2026-08-01T00:00:00Z,111122223333,Usage,2026-07-25T00:00:00Z,2026-07-25T01:00:00Z,AWSDataTransfer,AWS Data Transfer,DataTransfer-Out-Bytes,RunInstances,eu-west-1,awsdatatransfer-res-14,83.02,0.4189,0.3203
,2026-07-01T00:00:00Z,2026-08-01T00:00:00Z,111122223333,Usage,2026-07-25T00:00:00Z,2026-07-25T01:00:00Z,AmazonS3,Amazon Simple Storage Service,Requests-Tier1,RunInstances,us-west-2,amazons3-res-3,37.56,2.636,2.9453
,2026-07-01T00:00:00Z,2026-08-01T00:00:00Z,444455556666,Usage,2026-07-25T00:00:00Z,2026-07-25T01:00:00Z,AmazonVPC,Amazon Virtual Private Cloud,NatGateway-Bytes,RunInstances,eu-west-1,amazonvpc-res-16,64.01,4.9826,3.4482
,2026-07-01T00:00:00Z,2026-08-01T00:00:00Z,111122223333,Tax,2026-07-25T00:00:00Z,2026-07-25T01:00:00Z,AmazonEC2,Amazon Elastic Compute Cloud,,,,,0.0,9.53,0.0
,2026-07-01T00:00:00Z,2026-08-01T00:00:00Z,444455556666,Credit,2026-07-25T00:00:00Z,2026-07-25T01:00:00Z,AmazonEC2,Amazon Elastic Compute Cloud,,,,,0.0,-2.33,0.0
,2026-07-01T00:00:00Z,2026-08-01T00:00:00Z,111122223333,Usage,2026-07-26T00:00:00Z,2026-07-26T01:00:00Z,AWSDataTransfer,AWS Data Transfer,DataTransfer-Out-Bytes,RunInstances,eu-west-1,awsdatatransfer-res-5,48.99,2.294,4.8405
,2026-07-01T00:00:00Z,2026-08-01T00:00:00Z,111122223333,Usage,2026-07-26T00:00:00Z,2026-07-26T01:00:00Z,AmazonVPC,Amazon Virtual Private Cloud,NatGateway-Hours,RunInstances,us-west-2,amazonvpc-res-16,4.23,0.7926,2.7995
,2026-07-01T00:00:00Z,2026-08-01T00:00:00Z,111122223333,Usage,2026-07-26T00:00:00Z,2026-07-26T01:00:00Z,AmazonEC2,Amazon Elastic Compute Cloud,EBS:VolumeUsage.gp3,RunInstances,us-east-1,amazonec2-res-12,57.6,0.211,0.775
,2026-07-01T00:00:00Z,2026-08-01T00:00:00Z,444455556666,Usage,2026-07-26T00:00:00Z,2026-07-26T01:00:00Z,AmazonRDS,Amazon Relational Database Service,InstanceUsage:db.t3.medium,RunInstances,us-west-2,amazonrds-res-10,49.11,3.9581,0.7193
,2026-07-01T00:00:00Z,2026-08-01T00:00:00Z,111122223333,Usage,2026-07-26T00:00:00Z,2026-07-26T01:00:00Z,AmazonVPC,Amazon Virtual Private Cloud,NatGateway-Bytes,RunInstances,us-west-2,amazonvpc-res-10,22.34,4.0974,2.4491
,2026-07-01T00:00:00Z,2026-08-01T00:00:00Z,111122223333,Usage,2026-07-26T00:00:00Z,2026-07-26T01:00:00Z,AmazonEC2,Amazon Elastic Compute Cloud,DataTransfer-Out-Bytes,RunInstances,us-east-1,amazonec2-res-14,48.64,1.5554,2.2673
,2026-07-01T00:00:00Z,2026-08-01T00:00:00Z,444455556666,Usage,2026-07-26T00:00:00Z,2026-07-26T01:00:00Z,AmazonRDS,Amazon Relational Database Service,InstanceUsage:db.t3.medium,RunInstances,eu-west-1,amazonrds-res-20,14.15,0.7012,3.1859
,2026-07-01T00:00:00Z,2026-08-01T00:00:00Z,111122223333,Usage,2026-07-26T00:00:00Z,2026-07-26T01:00:00Z,AWSDataTransfer,AWS Data Transfer,DataTransfer-Regional-Bytes,RunInstances,eu-west-1,awsdatatransfer-res-11,9.84,3.1276,3.1217
,2026-07-01T00:00:00Z,2026-08-01T00:00:00Z,444455556666,Usage,2026-07-26T00:00:00Z,2026-07-26T01:00:00Z,AWSDataTransfer,AWS Data Transfer,DataTransfer-Out-Bytes,RunInstances,us-west-2,awsdatatransfer-res-18,5.54,3.3555,2.2211
,2026-07-01T00:00:00Z,2026-08-01T00:00:00Z,111122223333,Usage,2026-07-26T00:00:00Z,2026-07-26T01:00:00Z,AmazonRDS,Amazon Relational Database Service,InstanceUsage:db.t3.medium,RunInstances,eu-west-1,amazonrds-res-1,57.63,3.9828,3.5399
,2026-07-01T00:00:00Z,2026-08-01T00:00:00Z,111122223333,Usage,2026-07-26T00:00:00Z,2026-07-26T01:00:00Z,AmazonVPC,Amazon Virtual Private Cloud,NatGateway-Hours,RunInstances,us-east-1,amazonvpc-res-20,54.64,3.7905,4.7869
,2026-07-01T00:00:00Z,2026-08-01T00:00:00Z,444455556666,Usage,2026-07-26T00:00:00Z,2026-07-26T01:00:00Z,AmazonVPC,Amazon Virtual Private Cloud,NatGateway-Hours,RunInstances,eu-west-1,amazonvpc-res-1,12.91,4.6815,0.9069
,2026-07-01T00:00:00Z,2026-08-01T00:00:00Z,111122223333,Usage,2026-07-26T00:00:00Z,2026-07-26T01:00:00Z,AmazonEC2,Amazon Elastic Compute Cloud,DataTransfer-Out-Bytes,RunInstances,us-east-1,amazonec2-res-23,84.05,2.902,0.4324
,2026-07-01T00:00:00Z,2026-08-01T00:00:00Z,444455556666,Usage,2026-07-26T00:00:00Z,2026-07-26T01:00:00Z,AmazonVPC,Amazon Virtual Private Cloud,NatGateway-Bytes,RunInstances,eu-west-1,amazonvpc-res-2,49.66,4.6699,1.7064
,2026-07-01T00:00:00Z,2026-08-01T00:00:00Z,111122223333,Usage,2026-07-26T00:00:00Z,2026-07-26T01:00:00Z,AmazonS3,Amazon Simple Storage Service,Requests-Tier1,RunInstances,eu-west-1,amazons3-res-11,38.82,0.4642,4.8991
,2026-07-01T00:00:00Z,2026-08-01T00:00:00Z,444455556666,Usage,2026-07-26T00:00:00Z,2026-07-26T01:00:00Z,AmazonVPC,Amazon Virtual Private Cloud,NatGateway-Hours,RunInstances,us-east-1,amazonvpc-res-6,26.3,0.4572,1.5409
,2026-07-01T00:00:00Z,2026-08-01T00:00:00Z,111122223333,Usage,2026-07-26T00:00:00Z,2026-07-26T01:00:00Z,AWSDataTransfer,AWS Data Transfer,DataTransfer-Out-Bytes,RunInstances,eu-west-1,awsdatatransfer-res-11,18.96,3.5694,1.4971
,2026-07-01T00:00:00Z,2026-08-01T00:00:00Z,111122223333,Usage,2026-07-26T00:00:00Z,2026-07-26T01:00:00Z,AmazonEC2,Amazon Elastic Compute Cloud,DataTransfer-Out-Bytes,RunInstances,us-west-2,amazonec2-res-11,26.54,4.7085,4.4985
,2026-07-01T00:00:00Z,2026-08-01T00:00:00Z,111122223333,Usage,2026-07-26T00:00:00Z,2026-07-26T01:00:00Z,AmazonEC2,Amazon Elastic Compute Cloud,BoxUsage:m5.large,RunInstances,eu-west-1,amazonec2-res-19,24.41,2.548,2.5271
,2026-07-01T00:00:00Z,2026-08-01T00:00:00Z,111122223333,Usage,2026-07-26T00:00:00Z,2026-07-26T01:00:00Z,AmazonEC2,Amazon Elastic Compute Cloud,DataTransfer-Out-Bytes,RunInstances,us-west-2,amazonec2-res-15,55.76,0.3366,0.1542
,2026-07-01T00:00:00Z,2026-08-01T00:00:00Z,111122223333,Usage,2026-07-26T00:00:00Z,2026-07-26T01:00:00Z,AmazonCloudFront,Amazon CloudFront,DataTransfer-Out-Bytes,RunInstances,us-west-2,amazoncloudfront-res-18,96.38,3.3787,1.2391
,2026-07-01T00:00:00Z,2026-08-01T00:00:00Z,444455556666,Usage,2026-07-26T00:00:00Z,2026-07-26T01:00:00Z,AmazonVPC,Amazon Virtual Private Cloud,NatGateway-Hours,RunInstances,eu-west-1,amazonvpc-res-14,45.15,4.2329,2.5072
,2026-07-01T00:00:00Z,2026-08-01T00:00:00Z,111122223333,Usage,2026-07-26T00:00:00Z,2026-07-26T01:00:00Z,AmazonS3,Amazon Simple Storage Service,Requests-Tier1,RunInstances,us-east-1,amazons3-res-18,95.31,4.8071,2.7802
,2026-07-01T00:00:00Z,2026-08-01T00:00:00Z,444455556666,Usage,2026-07-26T00:00:00Z,2026-07-26T01:00:00Z,AmazonEC2,Amazon Elastic Compute Cloud,BoxUsage:t3.micro,RunInstances,eu-west-1,amazonec2-res-10,65.65,0.8452,0.3103
,2026-07-01T00:00:00Z,2026-08-01T00:00:00Z,444455556666,Usage,2026-07-26T00:00:00Z,2026-07-26T01:00:00Z,AWSDataTransfer,AWS Data Transfer,DataTransfer-Regional-Bytes,RunInstances,eu-west-1,awsdatatransfer-res-13,99.92,4.2138,1.0716
,2026-07-01T00:00:00Z,2026-08-01T00:00:00Z,111122223333,Usage,2026-07-26T00:00:00Z,2026-07-26T01:00:00Z,AmazonVPC,Amazon Virtual Private Cloud,NatGateway-Bytes,RunInstances,us-east-1,amazonvpc-res-24,53.87,0.359,0.4577
,2026-07-01T00:00:00Z,2026-08-01T00:00:00Z,111122223333,Usage,2026-07-26T00:00:00Z,2026-07-26T01:00:00Z,AmazonCloudFront,Amazon CloudFront,DataTransfer-Out-Bytes,RunInstances,eu-west-1,amazoncloudfront-res-18,99.88,4.3926,1.0621
,2026-07-01T00:00:00Z,2026-08-01T00:00:00Z,444455556666,Usage,2026-07-26T00:00:00Z,2026-07-26T01:00:00Z,AmazonVPC,Amazon Virtual Private Cloud,NatGateway-Bytes,RunInstances,eu-west-1,amazonvpc-res-9,97.98,3.5417,1.3723
,2026-07-01T00:00:00Z,2026-08-01T00:00:00Z,444455556666,Usage,2026-07-26T00:00:00Z,2026-07-26T01:00:00Z,AmazonCloudFront,Amazon CloudFront,DataTransfer-Out-Bytes,RunInstances,us-east-1,amazoncloudfront-res-15,95.94,1.649,4.571
,2026-07-01T00:00:00Z,2026-08-01T00:00:00Z,444455556666,Usage,2026-07-26T00:00:00Z,2026-07-26T01:00:00Z,AmazonS3,Amazon Simple Storage Service,TimedStorage-ByteHrs,RunInstances,us-east-1,amazons3-res-1,67.6,2.0717,4.4774
,2026-07-01T00:00:00Z,2026-08-01T00:00:00Z,444455556666,Usage,2026-07-26T00:00:00Z,2026-07-26T01:00:00Z,AmazonCloudFront,Amazon CloudFront,DataTransfer-Out-Bytes,RunInstances,eu-west-1,amazoncloudfront-res-3,78.94,3.249,0.3968
,2026-07-01T00:00:00Z,2026-08-01T00:00:00Z,111122223333,Usage,2026-07-26T00:00:00Z,2026-07-26T01:00:00Z,AmazonEC2,Amazon Elastic Compute Cloud,EBS:VolumeUsage.gp3,RunInstances,us-west-2,amazonec2-res-13,82.92,1.7962,0.8942
,2026-07-01T00:00:00Z,2026-08-01T00:00:00Z,111122223333,Usage,2026-07-26T00:00:00Z,2026-07-26T01:00:00Z,AmazonCloudFront,Amazon CloudFront,DataTransfer-Out-Bytes,RunInstances,us-west-2,amazoncloudfront-res-12,93.69,2.2284,1.1154
,2026-07-01T00:00:00Z,2026-08-01T00:00:00Z,444455556666,Usage,2026-07-26T00:00:00Z,2026-07-26T01:00:00Z,AmazonEC2,Amazon Elastic Compute Cloud,DataTransfer-Out-Bytes,RunInstances,us-east-1,amazonec2-res-3,81.81,3.1299,4.044
,2026-07-01T00:00:00Z,2026-08-01T00:00:00Z,444455556666,Usage,2026-07-26T00:00:00Z,2026-07-26T01:00:00Z,AmazonS3,Amazon Simple Storage Service,TimedStorage-ByteHrs,RunInstances,us-west-2,amazons3-res-2,28.79,4.5235,3.5378
,2026-07-01T00:00:00Z,2026-08-01T00:00:00Z,111122223333,Usage,2026-07-26T00:00:00Z,2026-07-26T01:00:00Z,AmazonS3,Amazon Simple Storage Service,TimedStorage-ByteHrs,RunInstances,eu-west-1,amazons3-res-13,11.98,1.394,2.5066
,2026-07-01T00:00:00Z,2026-08-01T00:00:00Z,111122223333,Usage,2026-07-26T00:00:00Z,2026-07-26T01:00:00Z,AmazonS3,Amazon Simple Storage Service,TimedStorage-ByteHrs,RunInstances,us-east-1,amazons3-res-19,13.7,0.3346,1.3055
,2026-07-01T00:00:00Z,2026-08-01T00:00:00Z,444455556666,Usage,2026-07-26T00:00:00Z,2026-07-26T01:00:00Z,AmazonVPC,Amazon Virtual Private Cloud,NatGateway-Hours,RunInstances,us-east-1,amazonvpc-res-22,3.29,4.8494,3.3919
,2026-07-01T00:00:00Z,2026-08-01T00:00:00Z,444455556666,Usage,2026-07-26T00:00:00Z,2026-07-26T01:00:00Z,AmazonVPC,Amazon Virtual Private Cloud,NatGateway-Bytes,RunInstances,us-east-1,amazonvpc-res-14,64.46,4.7159,0.2688
,2026-07-01T00:00:00Z,2026-08-01T00:00:00Z,444455556666,Usage,2026-07-26T00:00:00Z,2026-07-26T01:00:00Z,AmazonRDS,Amazon Relational Database Service,InstanceUsage:db.t3.medium,RunInstances,us-west-2,amazonrds-res-4,68.34,2.3383,1.8137
,2026-07-01T00:00:00Z,2026-08-01T00:00:00Z,111122223333,Tax,2026-07-26T00:00:00Z,2026-07-26T01:00:00Z,AmazonEC2,Amazon Elastic Compute Cloud,,,,,0.0,7.83,0.0
,2026-07-01T00:00:00Z,2026-08-01T00:00:00Z,444455556666,Credit,2026-07-26T00:00:00Z,2026-07-26T01:00:00Z,AmazonEC2,Amazon Elastic Compute Cloud,,,,,0.0,-2.71,0.0
,2026-07-01T00:00:00Z,2026-08-01T00:00:00Z,444455556666,Usage,2026-07-27T00:00:00Z,2026-07-27T01:00:00Z,AmazonS3,Amazon Simple Storage Service,TimedStorage-ByteHrs,RunInstances,us-west-2,amazons3-res-18,45.44,0.0357,0.9811
,2026-07-01T00:00:00Z,2026-08-01T00:00:00Z,111122223333,Usage,2026-07-27T00:00:00Z,2026-07-27T01:00:00Z,AmazonEC2,Amazon Elastic Compute Cloud,BoxUsage:t3.micro,RunInstances,eu-west-1,amazonec2-res-14,95.82,4.5858,0.9924
,2026-07-01T00:00:00Z,2026-08-01T00:00:00Z,111122223333,Usage,2026-07-27T00:00:00Z,2026-07-27T01:00:00Z,AmazonRDS,Amazon Relational Database Service,InstanceUsage:db.t3.medium,RunInstances,eu-west-1,amazonrds-res-21,10.58,2.405,4.0422
,2026-07-01T00:00:00Z,2026-08-01T00:00:00Z,444455556666,Usage,2026-07-27T00:00:00Z,2026-07-27T01:00:00Z,AmazonVPC,Amazon Virtual Private Cloud,NatGateway-Bytes,RunInstances,us-east-1,amazonvpc-res-4,47.88,4.7944,4.1643
,2026-07-01T00:00:00Z,2026-08-01T00:00:00Z,111122223333,Usage,2026-07-27T00:00:00Z,2026-07-27T01:00:00Z,AmazonRDS,Amazon Relational Database Service,InstanceUsage:db.t3.medium,RunInstances,eu-west-1,amazonrds-res-20,44.41,0.4874,2.2378
,2026-07-01T00:00:00Z,2026-08-01T00:00:00Z,111122223333,Usage,2026-07-27T00:00:00Z,2026-07-27T01:00:00Z,AmazonEC2,Amazon Elastic Compute Cloud,BoxUsage:t3.micro,RunInstances,us-east-1,amazonec2-res-13,32.01,4.24,0.3345
,2026-07-01T00:00:00Z,2026-08-01T00:00:00Z,444455556666,Usage,2026-07-27T00:00:00Z,2026-07-27T01:00:00Z,AmazonS3,Amazon Simple Storage Service,TimedStorage-ByteHrs,RunInstances,us-east-1,amazons3-res-10,61.46,2.1649,0.5181
,2026-07-01T00:00:00Z,2026-08-01T00:00:00Z,444455556666,Usage,2026-07-27T00:00:00Z,2026-07-27T01:00:00Z,AmazonEC2,Amazon Elastic Compute Cloud,BoxUsage:t3.micro,RunInstances,us-west-2,amazonec2-res-13,10.49,3.7623,1.1732
,2026-07-01T00:00:00Z,2026-08-01T00:00:00Z,444455556666,Usage,2026-07-27T00:00:00Z,2026-07-27T01:00:00Z,AmazonVPC,Amazon Virtual Private Cloud,NatGateway-Hours,RunInstances,us-west-2,amazonvpc-res-15,79.72,4.4009,3.1
,2026-07-01T00:00:00Z,2026-08-01T00:00:00Z,444455556666,Usage,2026-07-27T00:00:00Z,2026-07-27T01:00:00Z,AmazonRDS,Amazon Relational Database Service,InstanceUsage:db.t3.medium,RunInstances,eu-west-1,amazonrds-res-11,59.19,0.549,0.0713
,2026-07-01T00:00:00Z,2026-08-01T00:00:00Z,111122223333,Usage,2026-07-27T00:00:00Z,2026-07-27T01:00:00Z,AmazonCloudFront,Amazon CloudFront,DataTransfer-Out-Bytes,RunInstances,eu-west-1,amazoncloudfront-res-5,64.1,1.2889,2.1108
,2026-07-01T00:00:00Z,2026-08-01T00:00:00Z,111122223333,Usage,2026-07-27T00:00:00Z,2026-07-27T01:00:00Z,AmazonCloudFront,Amazon CloudFront,DataTransfer-Out-Bytes,RunInstances,us-east-1,amazoncloudfront-res-5,79.91,0.3119,1.5652
,2026-07-01T00:00:00Z,2026-08-01T00:00:00Z,444455556666,Usage,2026-07-27T00:00:00Z,2026-07-27T01:00:00Z,AWSDataTransfer,AWS Data Transfer,DataTransfer-Regional-Bytes,RunInstances,eu-west-1,awsdatatransfer-res-18,77.77,0.7456,1.5503
,2026-07-01T00:00:00Z,2026-08-01T00:00:00Z,444455556666,Usage,2026-07-27T00:00:00Z,2026-07-27T01:00:00Z,AmazonRDS,Amazon Relational Database Service,InstanceUsage:db.t3.medium,RunInstances,us-east-1,amazonrds-res-17,59.06,3.3947,0.296
,2026-07-01T00:00:00Z,2026-08-01T00:00:00Z,444455556666,Usage,2026-07-27T00:00:00Z,2026-07-27T01:00:00Z,AmazonVPC,Amazon Virtual Private Cloud,NatGateway-Hours,RunInstances,us-west-2,amazonvpc-res-7,97.67,3.2064,1.0143
,2026-07-01T00:00:00Z,2026-08-01T00:00:00Z,111122223333,Usage,2026-07-27T00:00:00Z,2026-07-27T01:00:00Z,AmazonEC2,Amazon Elastic Compute Cloud,DataTransfer-Out-Bytes,RunInstances,eu-west-1,amazonec2-res-16,69.78,4.9098,3.0028
,2026-07-01T00:00:00Z,2026-08-01T00:00:00Z,444455556666,Usage,2026-07-27T00:00:00Z,2026-07-27T01:00:00Z,AmazonRDS,Amazon Relational Database Service,InstanceUsage:db.t3.medium,RunInstances,us-west-2,amazonrds-res-11,17.07,2.277,3.9481
,2026-07-01T00:00:00Z,2026-08-01T00:00:00Z,111122223333,Usage,2026-07-27T00:00:00Z,2026-07-27T01:00:00Z,AmazonEC2,Amazon Elastic Compute Cloud,EBS:VolumeUsage.gp3,RunInstances,us-east-1,amazonec2-res-21,23.08,1.1591,3.1234
,2026-07-01T00:00:00Z,2026-08-01T00:00:00Z,444455556666,Usage,2026-07-27T00:00:00Z,2026-07-27T01:00:00Z,AmazonS3,Amazon Simple Storage Service,Requests-Tier1,RunInstances,eu-west-1,amazons3-res-13,21.33,0.9294,4.9495
,2026-07-01T00:00:00Z,2026-08-01T00:00:00Z,111122223333,Usage,2026-07-27T00:00:00Z,2026-07-27T01:00:00Z,AmazonRDS,Amazon Relational Database Service,InstanceUsage:db.t3.medium,RunInstances,us-west-2,amazonrds-res-1,55.91,0.7206,2.2076
,2026-07-01T00:00:00Z,2026-08-01T00:00:00Z,111122223333,Usage,2026-07-27T00:00:00Z,2026-07-27T01:00:00Z,AmazonCloudFront,Amazon CloudFront,DataTransfer-Out-Bytes,RunInstances,us-east-1,amazoncloudfront-res-7,20.58,0.879,4.4281
,2026-07-01T00:00:00Z,2026-08-01T00:00:00Z,444455556666,Usage,2026-07-27T00:00:00Z,2026-07-27T01:00:00Z,AmazonCloudFront,Amazon CloudFront,DataTransfer-Out-Bytes,RunInstances,eu-west-1,amazoncloudfront-res-8,18.68,0.1172,4.216
,2026-07-01T00:00:00Z,2026-08-01T00:00:00Z,111122223333,Usage,2026-07-27T00:00:00Z,2026-07-27T01:00:00Z,AmazonEC2,Amazon Elastic Compute Cloud,BoxUsage:t3.micro,RunInstances,us-west-2,amazonec2-res-21,78.95,0.5637,4.6812
,2026-07-01T00:00:00Z,2026-08-01T00:00:00Z,111122223333,Usage,2026-07-27T00:00:00Z,2026-07-27T01:00:00Z,AmazonRDS,Amazon Relational Database Service,InstanceUsage:db.t3.medium,RunInstances,us-west-2,amazonrds-res-12,66.43,4.7064,4.8857
,2026-07-01T00:00:00Z,2026-08-01T00:00:00Z,111122223333,Usage,2026-07-27T00:00:00Z,2026-07-27T01:00:00Z,AmazonVPC,Amazon Virtual Private Cloud,NatGateway-Bytes,RunInstances,us-east-1,amazonvpc-res-5,88.39,0.6627,0.9563
,2026-07-01T00:00:00Z,2026-08-01T00:00:00Z,444455556666,Usage,2026-07-27T00:00:00Z,2026-07-27T01:00:00Z,AmazonVPC,Amazon Virtual Private Cloud,NatGateway-Bytes,RunInstances,us-west-2,amazonvpc-res-20,43.52,3.1844,4.6059
,2026-07-01T00:00:00Z,2026-08-01T00:00:00Z,444455556666,Usage,2026-07-27T00:00:00Z,2026-07-27T01:00:00Z,AmazonVPC,Amazon Virtual Private Cloud,NatGateway-Hours,RunInstances,us-east-1,amazonvpc-res-11,25.47,3.151,1.4076
,2026-07-01T00:00:00Z,2026-08-01T00:00:00Z,111122223333,Usage,2026-07-27T00:00:00Z,2026-07-27T01:00:00Z,AmazonS3,Amazon Simple Storage Service,Requests-Tier1,RunInstances,eu-west-1,amazons3-res-3,78.68,3.9571,3.0783
,2026-07-01T00:00:00Z,2026-08-01T00:00:00Z,444455556666,Usage,2026-07-27T00:00:00Z,2026-07-27T01:00:00Z,AmazonS3,Amazon Simple Storage Service,Requests-Tier1,RunInstances,us-west-2,amazons3-res-17,46.96,1.6159,1.8757
,2026-07-01T00:00:00Z,2026-08-01T00:00:00Z,444455556666,Usage,2026-07-27T00:00:00Z,2026-07-27T01:00:00Z,AmazonCloudFront,Amazon CloudFront,DataTransfer-Out-Bytes,RunInstances,us-west-2,amazoncloudfront-res-9,58.54,3.1941,3.9552
,2026-07-01T00:00:00Z,2026-08-01T00:00:00Z,111122223333,Usage,2026-07-27T00:00:00Z,2026-07-27T01:00:00Z,AmazonCloudFront,Amazon CloudFront,DataTransfer-Out-Bytes,RunInstances,us-east-1,amazoncloudfront-res-7,45.76,1.1796,1.1008
,2026-07-01T00:00:00Z,2026-08-01T00:00:00Z,111122223333,Usage,2026-07-27T00:00:00Z,2026-07-27T01:00:00Z,AWSDataTransfer,AWS Data Transfer,DataTransfer-Regional-Bytes,RunInstances,us-west-2,awsdatatransfer-res-9,55.5,0.6803,0.4293
,2026-07-01T00:00:00Z,2026-08-01T00:00:00Z,111122223333,Usage,2026-07-27T00:00:00Z,2026-07-27T01:00:00Z,AWSDataTransfer,AWS Data Transfer,DataTransfer-Regional-Bytes,RunInstances,eu-west-1,awsdatatransfer-res-2,47.06,3.1094,2.1363
,2026-07-01T00:00:00Z,2026-08-01T00:00:00Z,444455556666,Usage,2026-07-27T00:00:00Z,2026-07-27T01:00:00Z,AWSDataTransfer,AWS Data Transfer,DataTransfer-Regional-Bytes,RunInstances,us-west-2,awsdatatransfer-res-16,32.39,1.918,0.906
,2026-07-01T00:00:00Z,2026-08-01T00:00:00Z,111122223333,Usage,2026-07-27T00:00:00Z,2026-07-27T01:00:00Z,AmazonS3,Amazon Simple Storage Service,Requests-Tier1,RunInstances,us-west-2,amazons3-res-3,30.16,2.5138,2.7378
,2026-07-01T00:00:00Z,2026-08-01T00:00:00Z,111122223333,Usage,2026-07-27T00:00:00Z,2026-07-27T01:00:00Z,AmazonEC2,Amazon Elastic Compute Cloud,DataTransfer-Out-Bytes,RunInstances,us-east-1,amazonec2-res-4,8.06,0.201,1.0095
,2026-07-01T00:00:00Z,2026-08-01T00:00:00Z,444455556666,Usage,2026-07-27T00:00:00Z,2026-07-27T01:00:00Z,AmazonS3,Amazon Simple Storage Service,Requests-Tier1,RunInstances,us-west-2,amazons3-res-24,81.74,3.4209,1.3796
,2026-07-01T00:00:00Z,2026-08-01T00:00:00Z,444455556666,Usage,2026-07-27T00:00:00Z,2026-07-27T01:00:00Z,AmazonCloudFront,Amazon CloudFront,DataTransfer-Out-Bytes,RunInstances,us-east-1,amazoncloudfront-res-25,30.65,4.1133,3.9178
,2026-07-01T00:00:00Z,2026-08-01T00:00:00Z,111122223333,Usage,2026-07-27T00:00:00Z,2026-07-27T01:00:00Z,AWSDataTransfer,AWS Data Transfer,DataTransfer-Regional-Bytes,RunInstances,us-west-2,awsdatatransfer-res-21,51.75,3.8082,0.7549
,2026-07-01T00:00:00Z,2026-08-01T00:00:00Z,111122223333,Usage,2026-07-27T00:00:00Z,2026-07-27T01:00:00Z,AWSDataTransfer,AWS Data Transfer,DataTransfer-Out-Bytes,RunInstances,eu-west-1,awsdatatransfer-res-24,21.78,1.1763,2.9391
,2026-07-01T00:00:00Z,2026-08-01T00:00:00Z,111122223333,Tax,2026-07-27T00:00:00Z,2026-07-27T01:00:00Z,AmazonEC2,Amazon Elastic Compute Cloud,,,,,0.0,5.97,0.0
,2026-07-01T00:00:00Z,2026-08-01T00:00:00Z,444455556666,Credit,2026-07-27T00:00:00Z,2026-07-27T01:00:00Z,AmazonEC2,Amazon Elastic Compute Cloud,,,,,0.0,-1.67,0.0
,2026-07-01T00:00:00Z,2026-08-01T00:00:00Z,111122223333,Usage,2026-07-28T00:00:00Z,2026-07-28T01:00:00Z,AWSDataTransfer,AWS Data Transfer,DataTransfer-Regional-Bytes,RunInstances,us-west-2,awsdatatransfer-res-7,43.45,4.7102,2.0943
,2026-07-01T00:00:00Z,2026-08-01T00:00:00Z,111122223333,Usage,2026-07-28T00:00:00Z,2026-07-28T01:00:00Z,AWSDataTransfer,AWS Data Transfer,DataTransfer-Regional-Bytes,RunInstances,us-west-2,awsdatatransfer-res-5,58.17,0.6504,4.7173
,2026-07-01T00:00:00Z,2026-08-01T00:00:00Z,444455556666,Usage,2026-07-28T00:00:00Z,2026-07-28T01:00:00Z,AmazonEC2,Amazon Elastic Compute Cloud,EBS:VolumeUsage.gp3,RunInstances,us-west-2,amazonec2-res-8,42.5,3.432,2.0228
,2026-07-01T00:00:00Z,2026-08-01T00:00:00Z,444455556666,Usage,2026-07-28T00:00:00Z,2026-07-28T01:00:00Z,AmazonCloudFront,Amazon CloudFront,DataTransfer-Out-Bytes,RunInstances,eu-west-1,amazoncloudfront-res-1,57.19,0.1707,0.7043
,2026-07-01T00:00:00Z,2026-08-01T00:00:00Z,444455556666,Usage,2026-07-28T00:00:00Z,2026-07-28T01:00:00Z,AmazonRDS,Amazon Relational Database Service,InstanceUsage:db.t3.medium,RunInstances,us-east-1,amazonrds-res-13,7.31,1.9383,2.3791
,2026-07-01T00:00:00Z,2026-08-01T00:00:00Z,444455556666,Usage,2026-07-28T00:00:00Z,2026-07-28T01:00:00Z,AmazonRDS,Amazon Relational Database Service,InstanceUsage:db.t3.medium,RunInstances,us-east-1,amazonrds-res-6,11.33,2.769,0.17
,2026-07-01T00:00:00Z,2026-08-01T00:00:00Z,111122223333,Usage,2026-07-28T00:00:00Z,2026-07-28T01:00:00Z,AmazonCloudFront,Amazon CloudFront,DataTransfer-Out-Bytes,RunInstances,us-east-1,amazoncloudfront-res-7,7.88,4.8153,1.4262
,2026-07-01T00:00:00Z,2026-08-01T00:00:00Z,111122223333,Usage,2026-07-28T00:00:00Z,2026-07-28T01:00:00Z,AmazonS3,Amazon Simple Storage Service,Requests-Tier1,RunInstances,us-west-2,amazons3-res-2,37.5,0.0651,1.6406
,2026-07-01T00:00:00Z,2026-08-01T00:00:00Z,111122223333,Usage,2026-07-28T00:00:00Z,2026-07-28T01:00:00Z,AWSDataTransfer,AWS Data Transfer,DataTransfer-Regional-Bytes,RunInstances,us-east-1,awsdatatransfer-res-5,54.11,2.3965,0.3531
,2026-07-01T00:00:00Z,2026-08-01T00:00:00Z,111122223333,Usage,2026-07-28T00:00:00Z,2026-07-28T01:00:00Z,AmazonS3,Amazon Simple Storage Service,TimedStorage-ByteHrs,RunInstances,us-west-2,amazons3-res-14,81.97,3.3273,0.8023
,2026-07-01T00:00:00Z,2026-08-01T00:00:00Z,111122223333,Usage,2026-07-28T00:00:00Z,2026-07-28T01:00:00Z,AmazonVPC,Amazon Virtual Private Cloud,NatGateway-Bytes,RunInstances,eu-west-1,amazonvpc-res-23,68.8,1.3845,0.0471
,2026-07-01T00:00:00Z,2026-08-01T00:00:00Z,111122223333,Usage,2026-07-28T00:00:00Z,2026-07-28T01:00:00Z,AmazonS3,Amazon Simple Storage Service,Requests-Tier1,RunInstances,us-west-2,amazons3-res-20,80.95,2.634,4.5524
,2026-07-01T00:00:00Z,2026-08-01T00:00:00Z,444455556666,Usage,2026-07-28T00:00:00Z,2026-07-28T01:00:00Z,AWSDataTransfer,AWS Data Transfer,DataTransfer-Regional-Bytes,RunInstances,eu-west-1,awsdatatransfer-res-2,73.99,1.4467,4.4062
,2026-07-01T00:00:00Z,2026-08-01T00:00:00Z,444455556666,Usage,2026-07-28T00:00:00Z,2026-07-28T01:00:00Z,AWSDataTransfer,AWS Data Transfer,DataTransfer-Regional-Bytes,RunInstances,us-west-2,awsdatatransfer-res-20,82.52,4.2507,2.0811
,2026-07-01T00:00:00Z,2026-08-01T00:00:00Z,444455556666,Usage,2026-07-28T00:00:00Z,2026-07-28T01:00:00Z,AmazonS3,Amazon Simple Storage Service,Requests-Tier1,RunInstances,us-west-2,amazons3-res-22,19.16,2.8474,1.9738
,2026-07-01T00:00:00Z,2026-08-01T00:00:00Z,111122223333,Usage,2026-07-28T00:00:00Z,2026-07-28T01:00:00Z,AmazonEC2,Amazon Elastic Compute Cloud,BoxUsage:m5.large,RunInstances,us-west-2,amazonec2-res-21,54.24,3.3366,0.3431
,2026-07-01T00:00:00Z,2026-08-01T00:00:00Z,444455556666,Usage,2026-07-28T00:00:00Z,2026-07-28T01:00:00Z,AmazonCloudFront,Amazon CloudFront,DataTransfer-Out-Bytes,RunInstances,us-west-2,amazoncloudfront-res-25,55.73,4.9766,0.3919
,2026-07-01T00:00:00Z,2026-08-01T00:00:00Z,444455556666,Usage,2026-07-28T00:00:00Z,2026-07-28T01:00:00Z,AmazonEC2,Amazon Elastic Compute Cloud,DataTransfer-Out-Bytes,RunInstances,us-west-2,amazonec2-res-6,26.02,2.5353,2.3162
,2026-07-01T00:00:00Z,2026-08-01T00:00:00Z,444455556666,Usage,2026-07-28T00:00:00Z,2026-07-28T01:00:00Z,AmazonEC2,Amazon Elastic Compute Cloud,EBS:VolumeUsage.gp3,RunInstances,us-west-2,amazonec2-res-24,40.53,0.9801,0.1985
,2026-07-01T00:00:00Z,2026-08-01T00:00:00Z,111122223333,Usage,2026-07-28T00:00:00Z,2026-07-28T01:00:00Z,AmazonRDS,Amazon Relational Database Service,InstanceUsage:db.t3.medium,RunInstances,us-west-2,amazonrds-res-22,75.12,2.4289,0.3505
,2026-07-01T00:00:00Z,2026-08-01T00:00:00Z,444455556666,Usage,2026-07-28T00:00:00Z,2026-07-28T01:00:00Z,AmazonVPC,Amazon Virtual Private Cloud,NatGateway-Hours,RunInstances,us-east-1,amazonvpc-res-16,82.22,4.2094,0.8612
,2026-07-01T00:00:00Z,2026-08-01T00:00:00Z,111122223333,Usage,2026-07-28T00:00:00Z,2026-07-28T01:00:00Z,AmazonEC2,Amazon Elastic Compute Cloud,BoxUsage:t3.micro,RunInstances,us-west-2,amazonec2-res-4,53.93,1.9603,0.3972
,2026-07-01T00:00:00Z,2026-08-01T00:00:00Z,111122223333,Usage,2026-07-28T00:00:00Z,2026-07-28T01:00:00Z,AmazonEC2,Amazon Elastic Compute Cloud,DataTransfer-Out-Bytes,RunInstances,us-west-2,amazonec2-res-12,18.62,3.5749,4.4645
,2026-07-01T00:00:00Z,2026-08-01T00:00:00Z,444455556666,Usage,2026-07-28T00:00:00Z,2026-07-28T01:00:00Z,AmazonVPC,Amazon Virtual Private Cloud,NatGateway-Hours,RunInstances,eu-west-1,amazonvpc-res-2,83.81,4.0594,3.2087
,2026-07-01T00:00:00Z,2026-08-01T00:00:00Z,444455556666,Usage,2026-07-28T00:00:00Z,2026-07-28T01:00:00Z,AmazonCloudFront,Amazon CloudFront,DataTransfer-Out-Bytes,RunInstances,eu-west-1,amazoncloudfront-res-10,44.95,2.995,0.2528
,2026-07-01T00:00:00Z,2026-08-01T00:00:00Z,111122223333,Usage,2026-07-28T00:00:00Z,2026-07-28T01:00:00Z,AWSDataTransfer,AWS Data Transfer,DataTransfer-Out-Bytes,RunInstances,us-west-2,awsdatatransfer-res-8,20.8,0.09,0.1494
,2026-07-01T00:00:00Z,2026-08-01T00:00:00Z,111122223333,Usage,2026-07-28T00:00:00Z,2026-07-28T01:00:00Z,AmazonEC2,Amazon Elastic Compute Cloud,DataTransfer-Out-Bytes,RunInstances,eu-west-1,amazonec2-res-22,7.25,4.7941,0.492
,2026-07-01T00:00:00Z,2026-08-01T00:00:00Z,111122223333,Usage,2026-07-28T00:00:00Z,2026-07-28T01:00:00Z,AmazonCloudFront,Amazon CloudFront,DataTransfer-Out-Bytes,RunInstances,us-east-1,amazoncloudfront-res-14,51.74,4.08,1.6202
,2026-07-01T00:00:00Z,2026-08-01T00:00:00Z,111122223333,Usage,2026-07-28T00:00:00Z,2026-07-28T01:00:00Z,AmazonCloudFront,Amazon CloudFront,DataTransfer-Out-Bytes,RunInstances,eu-west-1,amazoncloudfront-res-13,93.95,0.6128,1.0768
,2026-07-01T00:00:00Z,2026-08-01T00:00:00Z,111122223333,Usage,2026-07-28T00:00:00Z,2026-07-28T01:00:00Z,AmazonRDS,Amazon Relational Database Service,InstanceUsage:db.t3.medium,RunInstances,us-east-1,amazonrds-res-13,65.75,0.0698,1.0717
,2026-07-01T00:00:00Z,2026-08-01T00:00:00Z,444455556666,Usage,2026-07-28T00:00:00Z,2026-07-28T01:00:00Z,AmazonS3,Amazon Simple Storage Service,TimedStorage-ByteHrs,RunInstances,eu-west-1,amazons3-res-20,37.53,0.346,1.1006
,2026-07-01T00:00:00Z,2026-08-01T00:00:00Z,111122223333,Usage,2026-07-28T00:00:00Z,2026-07-28T01:00:00Z,AmazonRDS,Amazon Relational Database Service,InstanceUsage:db.t3.medium,RunInstances,eu-west-1,amazonrds-res-18,79.33,4.6119,2.8503
,2026-07-01T00:00:00Z,2026-08-01T00:00:00Z,444455556666,Usage,2026-07-28T00:00:00Z,2026-07-28T01:00:00Z,AmazonRDS,Amazon Relational Database Service,InstanceUsage:db.t3.medium,RunInstances,eu-west-1,amazonrds-res-23,39.47,4.6235,3.8593
,2026-07-01T00:00:00Z,2026-08-01T00:00:00Z,111122223333,Usage,2026-07-28T00:00:00Z,2026-07-28T01:00:00Z,AmazonS3,Amazon Simple Storage Service,Requests-Tier1,RunInstances,eu-west-1,amazons3-res-25,88.51,1.5967,4.2593
,2026-07-01T00:00:00Z,2026-08-01T00:00:00Z,444455556666,Usage,2026-07-28T00:00:00Z,2026-07-28T01:00:00Z,AWSDataTransfer,AWS Data Transfer,DataTransfer-Out-Bytes,RunInstances,us-east-1,awsdatatransfer-res-20,91.3,2.2501,2.56
,2026-07-01T00:00:00Z,2026-08-01T00:00:00Z,111122223333,Usage,2026-07-28T00:00:00Z,2026-07-28T01:00:00Z,AmazonCloudFront,Amazon CloudFront,DataTransfer-Out-Bytes,RunInstances,us-east-1,amazoncloudfront-res-1,62.02,4.4849,1.5512
,2026-07-01T00:00:00Z,2026-08-01T00:00:00Z,111122223333,Usage,2026-07-28T00:00:00Z,2026-07-28T01:00:00Z,AmazonCloudFront,Amazon CloudFront,DataTransfer-Out-Bytes,RunInstances,eu-west-1,amazoncloudfront-res-3,6.93,1.8789,1.4901
,2026-07-01T00:00:00Z,2026-08-01T00:00:00Z,111122223333,Usage,2026-07-28T00:00:00Z,2026-07-28T01:00:00Z,AmazonS3,Amazon Simple Storage Service,Requests-Tier1,RunInstances,eu-west-1,amazons3-res-2,24.57,3.6293,4.9429
,2026-07-01T00:00:00Z,2026-08-01T00:00:00Z,111122223333,Usage,2026-07-28T00:00:00Z,2026-07-28T01:00:00Z,AWSDataTransfer,AWS Data Transfer,DataTransfer-Regional-Bytes,RunInstances,us-west-2,awsdatatransfer-res-11,64.72,3.8049,2.6092
,2026-07-01T00:00:00Z,2026-08-01T00:00:00Z,111122223333,Usage,2026-07-28T00:00:00Z,2026-07-28T01:00:00Z,AWSDataTransfer,AWS Data Transfer,DataTransfer-Regional-Bytes,RunInstances,us-east-1,awsdatatransfer-res-24,33.8,1.2188,2.7012
,2026-07-01T00:00:00Z,2026-08-01T00:00:00Z,111122223333,Tax,2026-07-28T00:00:00Z,2026-07-28T01:00:00Z,AmazonEC2,Amazon Elastic Compute Cloud,,,,,0.0,9.16,0.0
,2026-07-01T00:00:00Z,2026-08-01T00:00:00Z,444455556666,Credit,2026-07-28T00:00:00Z,2026-07-28T01:00:00Z,AmazonEC2,Amazon Elastic Compute Cloud,,,,,0.0,-2.16,0.0
,2026-07-01T00:00:00Z,2026-08-01T00:00:00Z,444455556666,Usage,2026-07-29T00:00:00Z,2026-07-29T01:00:00Z,AmazonS3,Amazon Simple Storage Service,TimedStorage-ByteHrs,RunInstances,eu-west-1,amazons3-res-11,19.17,3.1526,0.3324
,2026-07-01T00:00:00Z,2026-08-01T00:00:00Z,111122223333,Usage,2026-07-29T00:00:00Z,2026-07-29T01:00:00Z,AWSDataTransfer,AWS Data Transfer,DataTransfer-Out-Bytes,RunInstances,us-east-1,awsdatatransfer-res-21,99.21,4.692,0.6365
,2026-07-01T00:00:00Z,2026-08-01T00:00:00Z,111122223333,Usage,2026-07-29T00:00:00Z,2026-07-29T01:00:00Z,AmazonS3,Amazon Simple Storage Service,TimedStorage-ByteHrs,RunInstances,eu-west-1,amazons3-res-3,43.2,2.3407,0.8292
,2026-07-01T00:00:00Z,2026-08-01T00:00:00Z,444455556666,Usage,2026-07-29T00:00:00Z,2026-07-29T01:00:00Z,AmazonS3,Amazon Simple Storage Service,TimedStorage-ByteHrs,RunInstances,us-east-1,amazons3-res-20,25.65,1.4339,2.2469
,2026-07-01T00:00:00Z,2026-08-01T00:00:00Z,444455556666,Usage,2026-07-29T00:00:00Z,2026-07-29T01:00:00Z,AmazonCloudFront,Amazon CloudFront,DataTransfer-Out-Bytes,RunInstances,us-west-2,amazoncloudfront-res-3,95.15,1.8043,1.8948
,2026-07-01T00:00:00Z,2026-08-01T00:00:00Z,444455556666,Usage,2026-07-29T00:00:00Z,2026-07-29T01:00:00Z,AWSDataTransfer,AWS Data Transfer,DataTransfer-Regional-Bytes,RunInstances,eu-west-1,awsdatatransfer-res-20,73.76,3.804,4.0998
,2026-07-01T00:00:00Z,2026-08-01T00:00:00Z,444455556666,Usage,2026-07-29T00:00:00Z,2026-07-29T01:00:00Z,AWSDataTransfer,AWS Data Transfer,DataTransfer-Out-Bytes,RunInstances,us-west-2,awsdatatransfer-res-3,76.13,4.6084,2.98
,2026-07-01T00:00:00Z,2026-08-01T00:00:00Z,444455556666,Usage,2026-07-29T00:00:00Z,2026-07-29T01:00:00Z,AmazonS3,Amazon Simple Storage Service,TimedStorage-ByteHrs,RunInstances,us-west-2,amazons3-res-15,31.28,1.4233,2.8151
,2026-07-01T00:00:00Z,2026-08-01T00:00:00Z,444455556666,Usage,2026-07-29T00:00:00Z,2026-07-29T01:00:00Z,AWSDataTransfer,AWS Data Transfer,DataTransfer-Out-Bytes,RunInstances,us-east-1,awsdatatransfer-res-23,47.46,0.7821,0.9562
,2026-07-01T00:00:00Z,2026-08-01T00:00:00Z,444455556666,Usage,2026-07-29T00:00:00Z,2026-07-29T01:00:00Z,AmazonEC2,Amazon Elastic Compute Cloud,DataTransfer-Out-Bytes,RunInstances,us-west-2,amazonec2-res-14,94.09,4.8528,1.872
,2026-07-01T00:00:00Z,2026-08-01T00:00:00Z,111122223333,Usage,2026-07-29T00:00:00Z,2026-07-29T01:00:00Z,AWSDataTransfer,AWS Data Transfer,DataTransfer-Regional-Bytes,RunInstances,us-west-2,awsdatatransfer-res-2,99.25,0.6311,4.6613
,2026-07-01T00:00:00Z,2026-08-01T00:00:00Z,444455556666,Usage,2026-07-29T00:00:00Z,2026-07-29T01:00:00Z,AmazonS3,Amazon Simple Storage Service,TimedStorage-ByteHrs,RunInstances,us-west-2,amazons3-res-25,91.4,3.614,2.5529
,2026-07-01T00:00:00Z,2026-08-01T00:00:00Z,111122223333,Usage,2026-07-29T00:00:00Z,2026-07-29T01:00:00Z,AWSDataTransfer,AWS Data Transfer,DataTransfer-Regional-Bytes,RunInstances,eu-west-1,awsdatatransfer-res-13,92.73,3.681,1.2193
,2026-07-01T00:00:00Z,2026-08-01T00:00:00Z,111122223333,Usage,2026-07-29T00:00:00Z,2026-07-29T01:00:00Z,AmazonEC2,Amazon Elastic Compute Cloud,DataTransfer-Out-Bytes,RunInstances,eu-west-1,amazonec2-res-22,64.89,1.314,2.2828
,2026-07-01T00:00:00Z,2026-08-01T00:00:00Z,444455556666,Usage,2026-07-29T00:00:00Z,2026-07-29T01:00:00Z,AmazonCloudFront,Amazon CloudFront,DataTransfer-Out-Bytes,RunInstances,us-east-1,amazoncloudfront-res-20,58.26,3.3164,0.8155
,2026-07-01T00:00:00Z,2026-08-01T00:00:00Z,444455556666,Usage,2026-07-29T00:00:00Z,2026-07-29T01:00:00Z,AmazonEC2,Amazon Elastic Compute Cloud,BoxUsage:t3.micro,RunInstances,us-west-2,amazonec2-res-23,59.03,4.506,2.5975
,2026-07-01T00:00:00Z,2026-08-01T00:00:00Z,111122223333,Usage,2026-07-29T00:00:00Z,2026-07-29T01:00:00Z,AmazonS3,Amazon Simple Storage Service,Requests-Tier1,RunInstances,us-west-2,amazons3-res-9,69.49,2.5082,2.6707
,2026-07-01T00:00:00Z,2026-08-01T00:00:00Z,444455556666,Usage,2026-07-29T00:00:00Z,2026-07-29T01:00:00Z,AWSDataTransfer,AWS Data Transfer,DataTransfer-Regional-Bytes,RunInstances,eu-west-1,awsdatatransfer-res-3,11.82,2.8673,3.9897
,2026-07-01T00:00:00Z,2026-08-01T00:00:00Z,111122223333,Usage,2026-07-29T00:00:00Z,2026-07-29T01:00:00Z,AmazonS3,Amazon Simple Storage Service,Requests-Tier1,RunInstances,eu-west-1,amazons3-res-13,70.2,0.042,0.8503
,2026-07-01T00:00:00Z,2026-08-01T00:00:00Z,111122223333,Usage,2026-07-29T00:00:00Z,2026-07-29T01:00:00Z,AWSDataTransfer,AWS Data Transfer,DataTransfer-Out-Bytes,RunInstances,us-east-1,awsdatatransfer-res-25,69.94,2.6296,3.2761
,2026-07-01T00:00:00Z,2026-08-01T00:00:00Z,111122223333,Usage,2026-07-29T00:00:00Z,2026-07-29T01:00:00Z,AmazonCloudFront,Amazon CloudFront,DataTransfer-Out-Bytes,RunInstances,us-east-1,amazoncloudfront-res-12,19.45,0.6803,2.4375
,2026-07-01T00:00:00Z,2026-08-01T00:00:00Z,444455556666,Usage,2026-07-29T00:00:00Z,2026-07-29T01:00:00Z,AmazonVPC,Amazon Virtual Private Cloud,NatGateway-Hours,RunInstances,eu-west-1,amazonvpc-res-7,19.38,0.3043,0.9218
,2026-07-01T00:00:00Z,2026-08-01T00:00:00Z,444455556666,Usage,2026-07-29T00:00:00Z,2026-07-29T01:00:00Z,AmazonS3,Amazon Simple Storage Service,Requests-Tier1,RunInstances,us-west-2,amazons3-res-21,91.38,0.5549,3.1858
,2026-07-01T00:00:00Z,2026-08-01T00:00:00Z,111122223333,Usage,2026-07-29T00:00:00Z,2026-07-29T01:00:00Z,AmazonEC2,Amazon Elastic Compute Cloud,DataTransfer-Out-Bytes,RunInstances,us-west-2,amazonec2-res-4,28.4,1.7173,2.9324
,2026-07-01T00:00:00Z,2026-08-01T00:00:00Z,111122223333,Usage,2026-07-29T00:00:00Z,2026-07-29T01:00:00Z,AWSDataTransfer,AWS Data Transfer,DataTransfer-Regional-Bytes,RunInstances,us-east-1,awsdatatransfer-res-2,27.34,4.7765,3.33
,2026-07-01T00:00:00Z,2026-08-01T00:00:00Z,111122223333,Usage,2026-07-29T00:00:00Z,2026-07-29T01:00:00Z,AmazonEC2,Amazon Elastic Compute Cloud,BoxUsage:t3.micro,RunInstances,eu-west-1,amazonec2-res-1,38.19,2.6052,4.8107
,2026-07-01T00:00:00Z,2026-08-01T00:00:00Z,444455556666,Usage,2026-07-29T00:00:00Z,2026-07-29T01:00:00Z,AmazonRDS,Amazon Relational Database Service,InstanceUsage:db.t3.medium,RunInstances,us-west-2,amazonrds-res-20,43.52,1.8602,4.4519
,2026-07-01T00:00:00Z,2026-08-01T00:00:00Z,444455556666,Usage,2026-07-29T00:00:00Z,2026-07-29T01:00:00Z,AmazonRDS,Amazon Relational Database Service,InstanceUsage:db.t3.medium,RunInstances,eu-west-1,amazonrds-res-13,38.47,0.2956,1.7866
,2026-07-01T00:00:00Z,2026-08-01T00:00:00Z,111122223333,Usage,2026-07-29T00:00:00Z,2026-07-29T01:00:00Z,AmazonRDS,Amazon Relational Database Service,InstanceUsage:db.t3.medium,RunInstances,us-west-2,amazonrds-res-23,40.78,4.1788,4.6259
,2026-07-01T00:00:00Z,2026-08-01T00:00:00Z,444455556666,Usage,2026-07-29T00:00:00Z,2026-07-29T01:00:00Z,AmazonEC2,Amazon Elastic Compute Cloud,BoxUsage:t3.micro,RunInstances,eu-west-1,amazonec2-res-25,81.69,1.8485,3.0956
,2026-07-01T00:00:00Z,2026-08-01T00:00:00Z,444455556666,Usage,2026-07-29T00:00:00Z,2026-07-29T01:00:00Z,AmazonCloudFront,Amazon CloudFront,DataTransfer-Out-Bytes,RunInstances,eu-west-1,amazoncloudfront-res-7,1.31,3.194,4.7103
,2026-07-01T00:00:00Z,2026-08-01T00:00:00Z,444455556666,Usage,2026-07-29T00:00:00Z,2026-07-29T01:00:00Z,AmazonRDS,Amazon Relational Database Service,InstanceUsage:db.t3.medium,RunInstances,us-east-1,amazonrds-res-24,33.23,2.2271,3.0377
,2026-07-01T00:00:00Z,2026-08-01T00:00:00Z,444455556666,Usage,2026-07-29T00:00:00Z,2026-07-29T01:00:00Z,AWSDataTransfer,AWS Data Transfer,DataTransfer-Out-Bytes,RunInstances,us-west-2,awsdatatransfer-res-16,98.7,4.2869,4.527
,2026-07-01T00:00:00Z,2026-08-01T00:00:00Z,444455556666,Usage,2026-07-29T00:00:00Z,2026-07-29T01:00:00Z,AmazonCloudFront,Amazon CloudFront,DataTransfer-Out-Bytes,RunInstances,eu-west-1,amazoncloudfront-res-7,71.48,4.3506,4.3824
,2026-07-01T00:00:00Z,2026-08-01T00:00:00Z,111122223333,Usage,2026-07-29T00:00:00Z,2026-07-29T01:00:00Z,AmazonCloudFront,Amazon CloudFront,DataTransfer-Out-Bytes,RunInstances,us-west-2,amazoncloudfront-res-3,30.83,3.3686,2.7482
,2026-07-01T00:00:00Z,2026-08-01T00:00:00Z,444455556666,Usage,2026-07-29T00:00:00Z,2026-07-29T01:00:00Z,AWSDataTransfer,AWS Data Transfer,DataTransfer-Out-Bytes,RunInstances,us-east-1,awsdatatransfer-res-16,66.6,1.2121,1.0661
,2026-07-01T00:00:00Z,2026-08-01T00:00:00Z,111122223333,Usage,2026-07-29T00:00:00Z,2026-07-29T01:00:00Z,AmazonCloudFront,Amazon CloudFront,DataTransfer-Out-Bytes,RunInstances,us-west-2,amazoncloudfront-res-23,3.89,4.6457,1.6392
,2026-07-01T00:00:00Z,2026-08-01T00:00:00Z,111122223333,Usage,2026-07-29T00:00:00Z,2026-07-29T01:00:00Z,AWSDataTransfer,AWS Data Transfer,DataTransfer-Regional-Bytes,RunInstances,eu-west-1,awsdatatransfer-res-9,66.93,4.758,3.3563
,2026-07-01T00:00:00Z,2026-08-01T00:00:00Z,444455556666,Usage,2026-07-29T00:00:00Z,2026-07-29T01:00:00Z,AmazonCloudFront,Amazon CloudFront,DataTransfer-Out-Bytes,RunInstances,us-east-1,amazoncloudfront-res-23,33.95,1.1268,2.8841
,2026-07-01T00:00:00Z,2026-08-01T00:00:00Z,444455556666,Usage,2026-07-29T00:00:00Z,2026-07-29T01:00:00Z,AmazonVPC,Amazon Virtual Private Cloud,NatGateway-Hours,RunInstances,us-west-2,amazonvpc-res-23,74.55,3.6279,3.2731
,2026-07-01T00:00:00Z,2026-08-01T00:00:00Z,111122223333,Tax,2026-07-29T00:00:00Z,2026-07-29T01:00:00Z,AmazonEC2,Amazon Elastic Compute Cloud,,,,,0.0,8.07,0.0
,2026-07-01T00:00:00Z,2026-08-01T00:00:00Z,444455556666,Credit,2026-07-29T00:00:00Z,2026-07-29T01:00:00Z,AmazonEC2,Amazon Elastic Compute Cloud,,,,,0.0,-2.92,0.0
,2026-07-01T00:00:00Z,2026-08-01T00:00:00Z,111122223333,Usage,2026-07-30T00:00:00Z,2026-07-30T01:00:00Z,AWSDataTransfer,AWS Data Transfer,DataTransfer-Out-Bytes,RunInstances,us-west-2,awsdatatransfer-res-4,29.81,0.5658,1.7078
,2026-07-01T00:00:00Z,2026-08-01T00:00:00Z,111122223333,Usage,2026-07-30T00:00:00Z,2026-07-30T01:00:00Z,AmazonVPC,Amazon Virtual Private Cloud,NatGateway-Hours,RunInstances,eu-west-1,amazonvpc-res-12,13.61,1.5737,1.9072
,2026-07-01T00:00:00Z,2026-08-01T00:00:00Z,444455556666,Usage,2026-07-30T00:00:00Z,2026-07-30T01:00:00Z,AmazonCloudFront,Amazon CloudFront,DataTransfer-Out-Bytes,RunInstances,us-east-1,amazoncloudfront-res-19,54.02,4.2371,4.8994
,2026-07-01T00:00:00Z,2026-08-01T00:00:00Z,111122223333,Usage,2026-07-30T00:00:00Z,2026-07-30T01:00:00Z,AmazonRDS,Amazon Relational Database Service,InstanceUsage:db.t3.medium,RunInstances,eu-west-1,amazonrds-res-22,60.56,1.1185,1.9826
,2026-07-01T00:00:00Z,2026-08-01T00:00:00Z,444455556666,Usage,2026-07-30T00:00:00Z,2026-07-30T01:00:00Z,AmazonVPC,Amazon Virtual Private Cloud,NatGateway-Bytes,RunInstances,us-east-1,amazonvpc-res-10,83.88,2.5042,2.2844
,2026-07-01T00:00:00Z,2026-08-01T00:00:00Z,111122223333,Usage,2026-07-30T00:00:00Z,2026-07-30T01:00:00Z,AmazonVPC,Amazon Virtual Private Cloud,NatGateway-Bytes,RunInstances,eu-west-1,amazonvpc-res-22,85.06,4.1405,0.1814
,2026-07-01T00:00:00Z,2026-08-01T00:00:00Z,111122223333,Usage,2026-07-30T00:00:00Z,2026-07-30T01:00:00Z,AmazonRDS,Amazon Relational Database Service,InstanceUsage:db.t3.medium,RunInstances,us-west-2,amazonrds-res-23,57.82,3.1591,1.0864
,2026-07-01T00:00:00Z,2026-08-01T00:00:00Z,111122223333,Usage,2026-07-30T00:00:00Z,2026-07-30T01:00:00Z,AmazonRDS,Amazon Relational Database Service,InstanceUsage:db.t3.medium,RunInstances,us-west-2,amazonrds-res-5,82.96,1.061,3.666
,2026-07-01T00:00:00Z,2026-08-01T00:00:00Z,111122223333,Usage,2026-07-30T00:00:00Z,2026-07-30T01:00:00Z,AmazonS3,Amazon Simple Storage Service,TimedStorage-ByteHrs,RunInstances,us-west-2,amazons3-res-24,39.79,4.9221,3.2997
,2026-07-01T00:00:00Z,2026-08-01T00:00:00Z,444455556666,Usage,2026-07-30T00:00:00Z,2026-07-30T01:00:00Z,AmazonS3,Amazon Simple Storage Service,TimedStorage-ByteHrs,RunInstances,us-west-2,amazons3-res-14,68.11,4.9517,3.791
,2026-07-01T00:00:00Z,2026-08-01T00:00:00Z,444455556666,Usage,2026-07-30T00:00:00Z,2026-07-30T01:00:00Z,AWSDataTransfer,AWS Data Transfer,DataTransfer-Out-Bytes,RunInstances,us-west-2,awsdatatransfer-res-23,92.38,3.5085,2.7446
,2026-07-01T00:00:00Z,2026-08-01T00:00:00Z,444455556666,Usage,2026-07-30T00:00:00Z,2026-07-30T01:00:00Z,AmazonEC2,Amazon Elastic Compute Cloud,BoxUsage:m5.large,RunInstances,eu-west-1,amazonec2-res-2,85.13,3.5508,2.2931
,2026-07-01T00:00:00Z,2026-08-01T00:00:00Z,444455556666,Usage,2026-07-30T00:00:00Z,2026-07-30T01:00:00Z,AmazonS3,Amazon Simple Storage Service,TimedStorage-ByteHrs,RunInstances,eu-west-1,amazons3-res-16,29.82,0.7327,1.0985
,2026-07-01T00:00:00Z,2026-08-01T00:00:00Z,111122223333,Usage,2026-07-30T00:00:00Z,2026-07-30T01:00:00Z,AmazonCloudFront,Amazon CloudFront,DataTransfer-Out-Bytes,RunInstances,us-west-2,amazoncloudfront-res-24,85.76,0.5187,3.9296
,2026-07-01T00:00:00Z,2026-08-01T00:00:00Z,444455556666,Usage,2026-07-30T00:00:00Z,2026-07-30T01:00:00Z,AmazonS3,Amazon Simple Storage Service,Requests-Tier1,RunInstances,eu-west-1,amazons3-res-6,92.67,0.4893,4.8711
,2026-07-01T00:00:00Z,2026-08-01T00:00:00Z,111122223333,Usage,2026-07-30T00:00:00Z,2026-07-30T01:00:00Z,AmazonS3,Amazon Simple Storage Service,TimedStorage-ByteHrs,RunInstances,eu-west-1,amazons3-res-21,34.51,2.1748,0.7514
,2026-07-01T00:00:00Z,2026-08-01T00:00:00Z,111122223333,Usage,2026-07-30T00:00:00Z,2026-07-30T01:00:00Z,AmazonCloudFront,Amazon CloudFront,DataTransfer-Out-Bytes,RunInstances,us-east-1,amazoncloudfront-res-4,24.84,2.4482,3.443
,2026-07-01T00:00:00Z,2026-08-01T00:00:00Z,111122223333,Usage,2026-07-30T00:00:00Z,2026-07-30T01:00:00Z,AmazonS3,Amazon Simple Storage Service,Requests-Tier1,RunInstances,us-west-2,amazons3-res-21,38.83,3.1653,2.2311
,2026-07-01T00:00:00Z,2026-08-01T00:00:00Z,111122223333,Usage,2026-07-30T00:00:00Z,2026-07-30T01:00:00Z,AmazonEC2,Amazon Elastic Compute Cloud,BoxUsage:t3.micro,RunInstances,us-east-1,amazonec2-res-4,49.43,3.3473,2.5536
,2026-07-01T00:00:00Z,2026-08-01T00:00:00Z,444455556666,Usage,2026-07-30T00:00:00Z,2026-07-30T01:00:00Z,AmazonEC2,Amazon Elastic Compute Cloud,EBS:VolumeUsage.gp3,RunInstances,eu-west-1,amazonec2-res-24,10.36,2.9685,1.926
,2026-07-01T00:00:00Z,2026-08-01T00:00:00Z,444455556666,Usage,2026-07-30T00:00:00Z,2026-07-30T01:00:00Z,AmazonCloudFront,Amazon CloudFront,DataTransfer-Out-Bytes,RunInstances,eu-west-1,amazoncloudfront-res-5,10.84,0.3269,4.5453
,2026-07-01T00:00:00Z,2026-08-01T00:00:00Z,444455556666,Usage,2026-07-30T00:00:00Z,2026-07-30T01:00:00Z,AmazonVPC,Amazon Virtual Private Cloud,NatGateway-Hours,RunInstances,eu-west-1,amazonvpc-res-1,39.99,4.0891,3.9195
,2026-07-01T00:00:00Z,2026-08-01T00:00:00Z,111122223333,Usage,2026-07-30T00:00:00Z,2026-07-30T01:00:00Z,AmazonVPC,Amazon Virtual Private Cloud,NatGateway-Bytes,RunInstances,eu-west-1,amazonvpc-res-19,54.36,4.0959,3.262
,2026-07-01T00:00:00Z,2026-08-01T00:00:00Z,111122223333,Usage,2026-07-30T00:00:00Z,2026-07-30T01:00:00Z,AmazonS3,Amazon Simple Storage Service,TimedStorage-ByteHrs,RunInstances,eu-west-1,amazons3-res-23,18.81,2.7781,4.0046
,2026-07-01T00:00:00Z,2026-08-01T00:00:00Z,111122223333,Usage,2026-07-30T00:00:00Z,2026-07-30T01:00:00Z,AmazonEC2,Amazon Elastic Compute Cloud,BoxUsage:t3.micro,RunInstances,eu-west-1,amazonec2-res-7,65.61,0.4482,1.2912
,2026-07-01T00:00:00Z,2026-08-01T00:00:00Z,111122223333,Usage,2026-07-30T00:00:00Z,2026-07-30T01:00:00Z,AmazonEC2,Amazon Elastic Compute Cloud,BoxUsage:t3.micro,RunInstances,eu-west-1,amazonec2-res-10,36.99,2.7267,2.121
,2026-07-01T00:00:00Z,2026-08-01T00:00:00Z,111122223333,Usage,2026-07-30T00:00:00Z,2026-07-30T01:00:00Z,AmazonCloudFront,Amazon CloudFront,DataTransfer-Out-Bytes,RunInstances,us-west-2,amazoncloudfront-res-2,94.68,2.602,3.9162
,2026-07-01T00:00:00Z,2026-08-01T00:00:00Z,111122223333,Usage,2026-07-30T00:00:00Z,2026-07-30T01:00:00Z,AmazonCloudFront,Amazon CloudFront,DataTransfer-Out-Bytes,RunInstances,eu-west-1,amazoncloudfront-res-16,69.82,2.6181,4.9302
,2026-07-01T00:00:00Z,2026-08-01T00:00:00Z,111122223333,Usage,2026-07-30T00:00:00Z,2026-07-30T01:00:00Z,AmazonRDS,Amazon Relational Database Service,InstanceUsage:db.t3.medium,RunInstances,eu-west-1,amazonrds-res-2,24.47,0.9485,1.5055
,2026-07-01T00:00:00Z,2026-08-01T00:00:00Z,111122223333,Usage,2026-07-30T00:00:00Z,2026-07-30T01:00:00Z,AmazonS3,Amazon Simple Storage Service,TimedStorage-ByteHrs,RunInstances,eu-west-1,amazons3-res-12,28.46,3.6482,2.1159
,2026-07-01T00:00:00Z,2026-08-01T00:00:00Z,444455556666,Usage,2026-07-30T00:00:00Z,2026-07-30T01:00:00Z,AmazonVPC,Amazon Virtual Private Cloud,NatGateway-Bytes,RunInstances,us-west-2,amazonvpc-res-21,90.46,2.0063,0.4254
,2026-07-01T00:00:00Z,2026-08-01T00:00:00Z,111122223333,Usage,2026-07-30T00:00:00Z,2026-07-30T01:00:00Z,AmazonRDS,Amazon Relational Database Service,InstanceUsage:db.t3.medium,RunInstances,eu-west-1,amazonrds-res-7,7.99,3.666,4.9768
,2026-07-01T00:00:00Z,2026-08-01T00:00:00Z,444455556666,Usage,2026-07-30T00:00:00Z,2026-07-30T01:00:00Z,AmazonCloudFront,Amazon CloudFront,DataTransfer-Out-Bytes,RunInstances,eu-west-1,amazoncloudfront-res-22,65.13,2.562,0.8286
,2026-07-01T00:00:00Z,2026-08-01T00:00:00Z,444455556666,Usage,2026-07-30T00:00:00Z,2026-07-30T01:00:00Z,AmazonS3,Amazon Simple Storage Service,Requests-Tier1,RunInstances,us-west-2,amazons3-res-1,96.44,1.245,1.3579
,2026-07-01T00:00:00Z,2026-08-01T00:00:00Z,444455556666,Usage,2026-07-30T00:00:00Z,2026-07-30T01:00:00Z,AmazonVPC,Amazon Virtual Private Cloud,NatGateway-Hours,RunInstances,us-east-1,amazonvpc-res-11,64.38,1.8205,1.6743
,2026-07-01T00:00:00Z,2026-08-01T00:00:00Z,111122223333,Usage,2026-07-30T00:00:00Z,2026-07-30T01:00:00Z,AmazonRDS,Amazon Relational Database Service,InstanceUsage:db.t3.medium,RunInstances,us-west-2,amazonrds-res-1,10.7,4.8976,1.1189
,2026-07-01T00:00:00Z,2026-08-01T00:00:00Z,111122223333,Usage,2026-07-30T00:00:00Z,2026-07-30T01:00:00Z,AmazonEC2,Amazon Elastic Compute Cloud,BoxUsage:t3.micro,RunInstances,eu-west-1,amazonec2-res-24,87.68,2.9482,4.0359
,2026-07-01T00:00:00Z,2026-08-01T00:00:00Z,444455556666,Usage,2026-07-30T00:00:00Z,2026-07-30T01:00:00Z,AmazonEC2,Amazon Elastic Compute Cloud,DataTransfer-Out-Bytes,RunInstances,eu-west-1,amazonec2-res-9,61.14,4.4839,0.862
,2026-07-01T00:00:00Z,2026-08-01T00:00:00Z,444455556666,Usage,2026-07-30T00:00:00Z,2026-07-30T01:00:00Z,AWSDataTransfer,AWS Data Transfer,DataTransfer-Out-Bytes,RunInstances,eu-west-1,awsdatatransfer-res-22,96.83,2.6631,2.9771
,2026-07-01T00:00:00Z,2026-08-01T00:00:00Z,111122223333,Usage,2026-07-30T00:00:00Z,2026-07-30T01:00:00Z,AWSDataTransfer,AWS Data Transfer,DataTransfer-Regional-Bytes,RunInstances,us-west-2,awsdatatransfer-res-1,68.98,3.569,3.2912
,2026-07-01T00:00:00Z,2026-08-01T00:00:00Z,111122223333,Tax,2026-07-30T00:00:00Z,2026-07-30T01:00:00Z,AmazonEC2,Amazon Elastic Compute Cloud,,,,,0.0,2.28,0.0
,2026-07-01T00:00:00Z,2026-08-01T00:00:00Z,444455556666,Credit,2026-07-30T00:00:00Z,2026-07-30T01:00:00Z,AmazonEC2,Amazon Elastic Compute Cloud,,,,,0.0,-1.92,0.0
,2026-07-01T00:00:00Z,2026-08-01T00:00:00Z,444455556666,Usage,2026-07-31T00:00:00Z,2026-07-31T01:00:00Z,AmazonRDS,Amazon Relational Database Service,InstanceUsage:db.t3.medium,RunInstances,eu-west-1,amazonrds-res-25,25.66,3.0474,3.5369
,2026-07-01T00:00:00Z,2026-08-01T00:00:00Z,444455556666,Usage,2026-07-31T00:00:00Z,2026-07-31T01:00:00Z,AmazonS3,Amazon Simple Storage Service,Requests-Tier1,RunInstances,us-west-2,amazons3-res-17,29.4,4.7636,2.6078
,2026-07-01T00:00:00Z,2026-08-01T00:00:00Z,444455556666,Usage,2026-07-31T00:00:00Z,2026-07-31T01:00:00Z,AmazonCloudFront,Amazon CloudFront,DataTransfer-Out-Bytes,RunInstances,eu-west-1,amazoncloudfront-res-3,94.8,2.0385,1.5706
,2026-07-01T00:00:00Z,2026-08-01T00:00:00Z,111122223333,Usage,2026-07-31T00:00:00Z,2026-07-31T01:00:00Z,AmazonEC2,Amazon Elastic Compute Cloud,BoxUsage:t3.micro,RunInstances,eu-west-1,amazonec2-res-8,94.54,0.8339,0.2965
,2026-07-01T00:00:00Z,2026-08-01T00:00:00Z,444455556666,Usage,2026-07-31T00:00:00Z,2026-07-31T01:00:00Z,AmazonCloudFront,Amazon CloudFront,DataTransfer-Out-Bytes,RunInstances,us-east-1,amazoncloudfront-res-14,68.03,4.6629,0.6908
,2026-07-01T00:00:00Z,2026-08-01T00:00:00Z,444455556666,Usage,2026-07-31T00:00:00Z,2026-07-31T01:00:00Z,AWSDataTransfer,AWS Data Transfer,DataTransfer-Out-Bytes,RunInstances,us-east-1,awsdatatransfer-res-20,19.83,4.1587,0.0464
,2026-07-01T00:00:00Z,2026-08-01T00:00:00Z,111122223333,Usage,2026-07-31T00:00:00Z,2026-07-31T01:00:00Z,AWSDataTransfer,AWS Data Transfer,DataTransfer-Regional-Bytes,RunInstances,eu-west-1,awsdatatransfer-res-22,95.14,4.1186,4.4029
,2026-07-01T00:00:00Z,2026-08-01T00:00:00Z,444455556666,Usage,2026-07-31T00:00:00Z,2026-07-31T01:00:00Z,AmazonVPC,Amazon Virtual Private Cloud,NatGateway-Hours,RunInstances,us-east-1,amazonvpc-res-22,93.09,3.8209,4.52
,2026-07-01T00:00:00Z,2026-08-01T00:00:00Z,444455556666,Usage,2026-07-31T00:00:00Z,2026-07-31T01:00:00Z,AmazonS3,Amazon Simple Storage Service,TimedStorage-ByteHrs,RunInstances,us-east-1,amazons3-res-17,35.98,0.264,2.4826
,2026-07-01T00:00:00Z,2026-08-01T00:00:00Z,111122223333,Usage,2026-07-31T00:00:00Z,2026-07-31T01:00:00Z,AmazonS3,Amazon Simple Storage Service,Requests-Tier1,RunInstances,us-west-2,amazons3-res-22,25.73,2.7002,3.8344
,2026-07-01T00:00:00Z,2026-08-01T00:00:00Z,444455556666,Usage,2026-07-31T00:00:00Z,2026-07-31T01:00:00Z,AmazonEC2,Amazon Elastic Compute Cloud,DataTransfer-Out-Bytes,RunInstances,us-west-2,amazonec2-res-10,27.21,0.0211,3.1596
,2026-07-01T00:00:00Z,2026-08-01T00:00:00Z,444455556666,Usage,2026-07-31T00:00:00Z,2026-07-31T01:00:00Z,AWSDataTransfer,AWS Data Transfer,DataTransfer-Out-Bytes,RunInstances,eu-west-1,awsdatatransfer-res-17,82.75,0.1868,2.3207
,2026-07-01T00:00:00Z,2026-08-01T00:00:00Z,111122223333,Usage,2026-07-31T00:00:00Z,2026-07-31T01:00:00Z,AmazonVPC,Amazon Virtual Private Cloud,NatGateway-Bytes,RunInstances,us-west-2,amazonvpc-res-1,61.94,1.6495,1.7759
,2026-07-01T00:00:00Z,2026-08-01T00:00:00Z,111122223333,Usage,2026-07-31T00:00:00Z,2026-07-31T01:00:00Z,AmazonEC2,Amazon Elastic Compute Cloud,DataTransfer-Out-Bytes,RunInstances,us-west-2,amazonec2-res-12,1.88,2.1597,0.9957
,2026-07-01T00:00:00Z,2026-08-01T00:00:00Z,444455556666,Usage,2026-07-31T00:00:00Z,2026-07-31T01:00:00Z,AmazonVPC,Amazon Virtual Private Cloud,NatGateway-Hours,RunInstances,us-east-1,amazonvpc-res-16,1.68,3.8495,1.2582
,2026-07-01T00:00:00Z,2026-08-01T00:00:00Z,444455556666,Usage,2026-07-31T00:00:00Z,2026-07-31T01:00:00Z,AWSDataTransfer,AWS Data Transfer,DataTransfer-Regional-Bytes,RunInstances,us-west-2,awsdatatransfer-res-12,43.41,0.9191,4.0596
,2026-07-01T00:00:00Z,2026-08-01T00:00:00Z,444455556666,Usage,2026-07-31T00:00:00Z,2026-07-31T01:00:00Z,AmazonEC2,Amazon Elastic Compute Cloud,EBS:VolumeUsage.gp3,RunInstances,us-east-1,amazonec2-res-5,36.02,2.1755,1.8026
,2026-07-01T00:00:00Z,2026-08-01T00:00:00Z,111122223333,Usage,2026-07-31T00:00:00Z,2026-07-31T01:00:00Z,AmazonCloudFront,Amazon CloudFront,DataTransfer-Out-Bytes,RunInstances,us-east-1,amazoncloudfront-res-10,4.99,1.9788,3.7222
,2026-07-01T00:00:00Z,2026-08-01T00:00:00Z,111122223333,Usage,2026-07-31T00:00:00Z,2026-07-31T01:00:00Z,AmazonEC2,Amazon Elastic Compute Cloud,BoxUsage:m5.large,RunInstances,us-west-2,amazonec2-res-22,98.31,0.6028,2.4504
,2026-07-01T00:00:00Z,2026-08-01T00:00:00Z,444455556666,Usage,2026-07-31T00:00:00Z,2026-07-31T01:00:00Z,AWSDataTransfer,AWS Data Transfer,DataTransfer-Out-Bytes,RunInstances,us-west-2,awsdatatransfer-res-17,72.87,3.712,4.1299
,2026-07-01T00:00:00Z,2026-08-01T00:00:00Z,111122223333,Usage,2026-07-31T00:00:00Z,2026-07-31T01:00:00Z,AmazonS3,Amazon Simple Storage Service,TimedStorage-ByteHrs,RunInstances,us-east-1,amazons3-res-5,16.4,2.505,3.8393
,2026-07-01T00:00:00Z,2026-08-01T00:00:00Z,444455556666,Usage,2026-07-31T00:00:00Z,2026-07-31T01:00:00Z,AmazonS3,Amazon Simple Storage Service,TimedStorage-ByteHrs,RunInstances,us-west-2,amazons3-res-20,74.01,2.1773,1.4544
,2026-07-01T00:00:00Z,2026-08-01T00:00:00Z,444455556666,Usage,2026-07-31T00:00:00Z,2026-07-31T01:00:00Z,AWSDataTransfer,AWS Data Transfer,DataTransfer-Out-Bytes,RunInstances,us-east-1,awsdatatransfer-res-20,16.1,2.5611,1.2548
,2026-07-01T00:00:00Z,2026-08-01T00:00:00Z,111122223333,Usage,2026-07-31T00:00:00Z,2026-07-31T01:00:00Z,AmazonEC2,Amazon Elastic Compute Cloud,DataTransfer-Out-Bytes,RunInstances,eu-west-1,amazonec2-res-14,20.64,3.5352,4.0517
,2026-07-01T00:00:00Z,2026-08-01T00:00:00Z,111122223333,Usage,2026-07-31T00:00:00Z,2026-07-31T01:00:00Z,AmazonCloudFront,Amazon CloudFront,DataTransfer-Out-Bytes,RunInstances,eu-west-1,amazoncloudfront-res-21,63.81,1.1546,0.6702
,2026-07-01T00:00:00Z,2026-08-01T00:00:00Z,111122223333,Usage,2026-07-31T00:00:00Z,2026-07-31T01:00:00Z,AmazonEC2,Amazon Elastic Compute Cloud,DataTransfer-Out-Bytes,RunInstances,us-east-1,amazonec2-res-14,2.75,1.0062,4.3231
,2026-07-01T00:00:00Z,2026-08-01T00:00:00Z,444455556666,Usage,2026-07-31T00:00:00Z,2026-07-31T01:00:00Z,AWSDataTransfer,AWS Data Transfer,DataTransfer-Regional-Bytes,RunInstances,eu-west-1,awsdatatransfer-res-21,98.03,1.1167,2.1361
,2026-07-01T00:00:00Z,2026-08-01T00:00:00Z,111122223333,Usage,2026-07-31T00:00:00Z,2026-07-31T01:00:00Z,AmazonEC2,Amazon Elastic Compute Cloud,EBS:VolumeUsage.gp3,RunInstances,us-west-2,amazonec2-res-4,27.66,1.41,1.7616
,2026-07-01T00:00:00Z,2026-08-01T00:00:00Z,444455556666,Usage,2026-07-31T00:00:00Z,2026-07-31T01:00:00Z,AWSDataTransfer,AWS Data Transfer,DataTransfer-Out-Bytes,RunInstances,us-east-1,awsdatatransfer-res-6,5.05,0.2701,3.7263
,2026-07-01T00:00:00Z,2026-08-01T00:00:00Z,444455556666,Usage,2026-07-31T00:00:00Z,2026-07-31T01:00:00Z,AmazonS3,Amazon Simple Storage Service,Requests-Tier1,RunInstances,us-west-2,amazons3-res-20,10.98,0.9324,4.7422
,2026-07-01T00:00:00Z,2026-08-01T00:00:00Z,444455556666,Usage,2026-07-31T00:00:00Z,2026-07-31T01:00:00Z,AmazonRDS,Amazon Relational Database Service,InstanceUsage:db.t3.medium,RunInstances,us-east-1,amazonrds-res-4,67.23,3.418,3.8546
,2026-07-01T00:00:00Z,2026-08-01T00:00:00Z,444455556666,Usage,2026-07-31T00:00:00Z,2026-07-31T01:00:00Z,AmazonS3,Amazon Simple Storage Service,Requests-Tier1,RunInstances,eu-west-1,amazons3-res-12,74.55,2.9487,3.0275
,2026-07-01T00:00:00Z,2026-08-01T00:00:00Z,111122223333,Usage,2026-07-31T00:00:00Z,2026-07-31T01:00:00Z,AmazonS3,Amazon Simple Storage Service,Requests-Tier1,RunInstances,eu-west-1,amazons3-res-13,9.64,0.5408,3.1515
,2026-07-01T00:00:00Z,2026-08-01T00:00:00Z,111122223333,Usage,2026-07-31T00:00:00Z,2026-07-31T01:00:00Z,AmazonVPC,Amazon Virtual Private Cloud,NatGateway-Hours,RunInstances,eu-west-1,amazonvpc-res-21,81.92,0.9727,2.2344
,2026-07-01T00:00:00Z,2026-08-01T00:00:00Z,444455556666,Usage,2026-07-31T00:00:00Z,2026-07-31T01:00:00Z,AmazonEC2,Amazon Elastic Compute Cloud,BoxUsage:t3.micro,RunInstances,us-west-2,amazonec2-res-24,47.95,3.8073,2.6725
,2026-07-01T00:00:00Z,2026-08-01T00:00:00Z,111122223333,Usage,2026-07-31T00:00:00Z,2026-07-31T01:00:00Z,AmazonS3,Amazon Simple Storage Service,TimedStorage-ByteHrs,RunInstances,us-east-1,amazons3-res-14,55.5,1.2701,4.3866
,2026-07-01T00:00:00Z,2026-08-01T00:00:00Z,444455556666,Usage,2026-07-31T00:00:00Z,2026-07-31T01:00:00Z,AmazonVPC,Amazon Virtual Private Cloud,NatGateway-Bytes,RunInstances,us-west-2,amazonvpc-res-21,72.02,4.5551,0.3479
,2026-07-01T00:00:00Z,2026-08-01T00:00:00Z,111122223333,Usage,2026-07-31T00:00:00Z,2026-07-31T01:00:00Z,AWSDataTransfer,AWS Data Transfer,DataTransfer-Out-Bytes,RunInstances,eu-west-1,awsdatatransfer-res-9,69.97,0.6534,0.2368
,2026-07-01T00:00:00Z,2026-08-01T00:00:00Z,111122223333,Usage,2026-07-31T00:00:00Z,2026-07-31T01:00:00Z,AmazonVPC,Amazon Virtual Private Cloud,NatGateway-Hours,RunInstances,eu-west-1,amazonvpc-res-13,50.01,2.667,2.5723
,2026-07-01T00:00:00Z,2026-08-01T00:00:00Z,444455556666,Usage,2026-07-31T00:00:00Z,2026-07-31T01:00:00Z,AmazonEC2,Amazon Elastic Compute Cloud,BoxUsage:m5.large,RunInstances,eu-west-1,amazonec2-res-13,56.69,1.9573,3.04
,2026-07-01T00:00:00Z,2026-08-01T00:00:00Z,111122223333,Tax,2026-07-31T00:00:00Z,2026-07-31T01:00:00Z,AmazonEC2,Amazon Elastic Compute Cloud,,,,,0.0,2.86,0.0
,2026-07-01T00:00:00Z,2026-08-01T00:00:00Z,444455556666,Credit,2026-07-31T00:00:00Z,2026-07-31T01:00:00Z,AmazonEC2,Amazon Elastic Compute Cloud,,,,,0.0,-0.51,0.0
